0 0.847656 0.941406 0.845703 0.943359 0.847656 0.945312 0.847656 0.949219 0.845703 0.951172 0.841797 0.951172 0.839844 0.949219 0.839844 0.947266 0.835938 0.947266 0.833984 0.949219 0.833984 0.955078 0.835938 0.957031 0.833984 0.958984 0.835938 0.957031 0.837891 0.958984 0.839844 0.958984 0.841797 0.960938 0.841797 0.962891 0.843750 0.962891 0.843750 0.960938 0.845703 0.958984 0.853516 0.958984 0.855469 0.960938 0.855469 0.962891 0.859375 0.962891 0.861328 0.964844 0.863281 0.964844 0.867188 0.968750 0.869141 0.968750 0.871094 0.966797 0.873047 0.968750 0.880859 0.968750 0.882812 0.966797 0.884766 0.966797 0.886719 0.968750 0.884766 0.970703 0.886719 0.972656 0.888672 0.970703 0.890625 0.970703 0.892578 0.972656 0.896484 0.972656 0.898438 0.974609 0.900391 0.974609 0.900391 0.972656 0.906250 0.966797 0.908203 0.966797 0.910156 0.968750 0.910156 0.976562 0.908203 0.978516 0.914062 0.978516 0.914062 0.976562 0.917969 0.972656 0.917969 0.970703 0.919922 0.968750 0.921875 0.970703 0.919922 0.968750 0.923828 0.964844 0.923828 0.960938 0.919922 0.960938 0.919922 0.966797 0.917969 0.968750 0.917969 0.970703 0.916016 0.972656 0.914062 0.972656 0.910156 0.968750 0.910156 0.964844 0.912109 0.962891 0.912109 0.957031 0.914062 0.955078 0.914062 0.951172 0.912109 0.949219 0.912109 0.947266 0.906250 0.947266 0.908203 0.949219 0.906250 0.951172 0.904297 0.951172 0.902344 0.949219 0.902344 0.947266 0.900391 0.947266 0.898438 0.945312 0.898438 0.947266 0.900391 0.949219 0.902344 0.949219 0.904297 0.951172 0.908203 0.951172 0.908203 0.949219 0.910156 0.947266 0.914062 0.951172 0.910156 0.955078 0.912109 0.957031 0.910156 0.958984 0.910156 0.962891 0.906250 0.966797 0.904297 0.964844 0.904297 0.958984 0.906250 0.957031 0.904297 0.957031 0.904297 0.958984 0.902344 0.960938 0.900391 0.960938 0.896484 0.957031 0.896484 0.953125 0.890625 0.953125 0.888672 0.955078 0.890625 0.953125 0.892578 0.955078 0.894531 0.955078 0.896484 0.957031 0.896484 0.962891 0.894531 0.964844 0.892578 0.964844 0.890625 0.966797 0.888672 0.964844 0.886719 0.964844 0.884766 0.962891 0.884766 0.960938 0.886719 0.958984 0.884766 0.960938 0.880859 0.960938 0.878906 0.958984 0.875000 0.958984 0.875000 0.962891 0.873047 0.964844 0.871094 0.962891 0.871094 0.960938 0.865234 0.960938 0.865234 0.962891 0.863281 0.964844 0.861328 0.964844 0.859375 0.962891 0.859375 0.958984 0.857422 0.958984 0.855469 0.957031 0.853516 0.957031 0.851562 0.955078 0.853516 0.953125 0.853516 0.949219 0.851562 0.947266 0.855469 0.943359 0.853516 0.945312 0.849609 0.945312 0.847656 0.943359
0 0.691406 0.910156 0.693359 0.912109 0.687500 0.917969 0.685547 0.916016 0.685547 0.914062 0.683594 0.916016 0.681641 0.916016 0.679688 0.917969 0.677734 0.917969 0.675781 0.919922 0.673828 0.917969 0.673828 0.919922 0.675781 0.921875 0.675781 0.919922 0.677734 0.917969 0.679688 0.917969 0.681641 0.919922 0.683594 0.919922 0.687500 0.923828 0.687500 0.927734 0.691406 0.931641 0.689453 0.933594 0.687500 0.933594 0.689453 0.935547 0.683594 0.941406 0.679688 0.941406 0.679688 0.943359 0.681641 0.943359 0.683594 0.941406 0.687500 0.941406 0.689453 0.943359 0.689453 0.949219 0.687500 0.951172 0.685547 0.951172 0.685547 0.955078 0.687500 0.953125 0.689453 0.953125 0.691406 0.951172 0.693359 0.951172 0.695312 0.949219 0.697266 0.949219 0.699219 0.951172 0.699219 0.953125 0.701172 0.955078 0.701172 0.957031 0.703125 0.958984 0.701172 0.957031 0.701172 0.955078 0.703125 0.953125 0.705078 0.953125 0.705078 0.951172 0.707031 0.949219 0.708984 0.949219 0.712891 0.953125 0.712891 0.947266 0.710938 0.949219 0.707031 0.949219 0.703125 0.945312 0.701172 0.947266 0.699219 0.947266 0.697266 0.945312 0.701172 0.941406 0.699219 0.941406 0.697266 0.939453 0.697266 0.941406 0.699219 0.943359 0.695312 0.947266 0.693359 0.947266 0.691406 0.945312 0.691406 0.941406 0.693359 0.939453 0.693359 0.935547 0.691406 0.933594 0.693359 0.931641 0.695312 0.931641 0.693359 0.931641 0.691406 0.929688 0.691406 0.925781 0.693359 0.923828 0.697266 0.927734 0.703125 0.927734 0.701172 0.925781 0.699219 0.925781 0.693359 0.919922 0.693359 0.917969 0.691406 0.917969 0.689453 0.916016 0.691406 0.914062 0.693359 0.914062 0.693359 0.912109
0 0.824219 0.847656 0.822266 0.849609 0.820312 0.849609 0.820312 0.851562 0.818359 0.853516 0.820312 0.851562 0.822266 0.853516 0.822266 0.855469 0.820312 0.857422 0.822266 0.859375 0.820312 0.861328 0.822266 0.861328 0.824219 0.863281 0.826172 0.861328 0.828125 0.863281 0.833984 0.863281 0.837891 0.867188 0.837891 0.869141 0.835938 0.871094 0.833984 0.869141 0.830078 0.869141 0.828125 0.871094 0.826172 0.869141 0.826172 0.867188 0.824219 0.869141 0.822266 0.869141 0.820312 0.867188 0.818359 0.869141 0.816406 0.867188 0.806641 0.867188 0.804688 0.865234 0.800781 0.865234 0.802734 0.867188 0.802734 0.873047 0.804688 0.873047 0.808594 0.876953 0.812500 0.876953 0.814453 0.878906 0.812500 0.880859 0.818359 0.880859 0.820312 0.878906 0.824219 0.882812 0.835938 0.882812 0.835938 0.880859 0.833984 0.878906 0.835938 0.876953 0.837891 0.876953 0.841797 0.873047 0.837891 0.869141 0.837891 0.865234 0.835938 0.865234 0.833984 0.863281 0.833984 0.861328 0.835938 0.859375 0.839844 0.859375 0.839844 0.855469 0.837891 0.857422 0.833984 0.853516 0.828125 0.853516 0.824219 0.849609
0 0.865234 0.845703 0.865234 0.849609 0.867188 0.851562 0.869141 0.851562 0.871094 0.853516 0.871094 0.855469 0.869141 0.857422 0.867188 0.857422 0.865234 0.855469 0.865234 0.859375 0.859375 0.865234 0.857422 0.863281 0.855469 0.863281 0.853516 0.861328 0.855469 0.859375 0.855469 0.853516 0.855469 0.855469 0.853516 0.857422 0.853516 0.865234 0.851562 0.867188 0.849609 0.867188 0.851562 0.869141 0.851562 0.875000 0.853516 0.876953 0.853516 0.875000 0.855469 0.873047 0.855469 0.871094 0.857422 0.869141 0.859375 0.869141 0.861328 0.867188 0.863281 0.869141 0.863281 0.871094 0.861328 0.873047 0.861328 0.875000 0.859375 0.876953 0.861328 0.878906 0.861328 0.880859 0.859375 0.882812 0.855469 0.882812 0.857422 0.884766 0.857422 0.888672 0.855469 0.890625 0.851562 0.890625 0.843750 0.882812 0.841797 0.882812 0.839844 0.884766 0.841797 0.884766 0.843750 0.886719 0.843750 0.888672 0.845703 0.888672 0.847656 0.890625 0.847656 0.892578 0.849609 0.894531 0.855469 0.894531 0.857422 0.896484 0.861328 0.896484 0.863281 0.898438 0.865234 0.898438 0.867188 0.900391 0.867188 0.902344 0.869141 0.904297 0.867188 0.906250 0.869141 0.906250 0.871094 0.908203 0.876953 0.908203 0.878906 0.906250 0.888672 0.906250 0.892578 0.910156 0.892578 0.900391 0.896484 0.896484 0.892578 0.892578 0.892578 0.890625 0.890625 0.890625 0.888672 0.888672 0.888672 0.884766 0.890625 0.882812 0.890625 0.878906 0.888672 0.880859 0.888672 0.882812 0.884766 0.886719 0.882812 0.886719 0.880859 0.884766 0.880859 0.882812 0.878906 0.880859 0.875000 0.880859 0.873047 0.882812 0.871094 0.880859 0.871094 0.876953 0.873047 0.875000 0.873047 0.865234 0.871094 0.867188 0.869141 0.867188 0.867188 0.865234 0.863281 0.865234 0.861328 0.863281 0.863281 0.861328 0.865234 0.861328 0.865234 0.859375 0.867188 0.857422 0.869141 0.857422 0.871094 0.859375 0.873047 0.859375 0.871094 0.857422 0.871094 0.853516 0.873047 0.851562 0.873047 0.847656 0.871094 0.845703 0.869141 0.845703 0.867188 0.847656
0 0.238281 0.789062 0.234375 0.792969 0.230469 0.792969 0.230469 0.794922 0.228516 0.796875 0.228516 0.802734 0.230469 0.800781 0.234375 0.800781 0.236328 0.802734 0.234375 0.804688 0.232422 0.804688 0.234375 0.804688 0.236328 0.806641 0.240234 0.802734 0.240234 0.800781 0.242188 0.798828 0.244141 0.798828 0.246094 0.800781 0.244141 0.802734 0.244141 0.804688 0.240234 0.808594 0.240234 0.810547 0.242188 0.812500 0.244141 0.810547 0.246094 0.810547 0.244141 0.808594 0.248047 0.804688 0.250000 0.806641 0.251953 0.804688 0.253906 0.806641 0.253906 0.812500 0.251953 0.814453 0.246094 0.814453 0.244141 0.816406 0.246094 0.816406 0.248047 0.818359 0.248047 0.820312 0.246094 0.822266 0.242188 0.822266 0.240234 0.824219 0.242188 0.824219 0.244141 0.822266 0.246094 0.824219 0.248047 0.824219 0.246094 0.822266 0.248047 0.820312 0.248047 0.818359 0.250000 0.816406 0.251953 0.818359 0.251953 0.820312 0.255859 0.820312 0.257812 0.822266 0.259766 0.822266 0.261719 0.824219 0.261719 0.818359 0.263672 0.816406 0.263672 0.810547 0.265625 0.808594 0.267578 0.808594 0.271484 0.812500 0.271484 0.808594 0.277344 0.802734 0.277344 0.800781 0.279297 0.798828 0.273438 0.798828 0.271484 0.800781 0.269531 0.800781 0.269531 0.802734 0.263672 0.808594 0.261719 0.806641 0.261719 0.808594 0.259766 0.810547 0.257812 0.810547 0.253906 0.806641 0.253906 0.804688 0.255859 0.802734 0.255859 0.800781 0.251953 0.800781 0.250000 0.798828 0.250000 0.792969 0.248047 0.792969 0.246094 0.791016 0.244141 0.792969 0.240234 0.789062
0 0.757812 0.746094 0.757812 0.748047 0.755859 0.750000 0.755859 0.753906 0.753906 0.755859 0.753906 0.757812 0.751953 0.759766 0.751953 0.761719 0.750000 0.763672 0.748047 0.763672 0.746094 0.765625 0.746094 0.767578 0.744141 0.769531 0.742188 0.769531 0.740234 0.767578 0.732422 0.767578 0.728516 0.771484 0.730469 0.773438 0.730469 0.775391 0.724609 0.781250 0.726562 0.779297 0.728516 0.779297 0.730469 0.781250 0.738281 0.781250 0.740234 0.783203 0.740234 0.789062 0.738281 0.791016 0.736328 0.789062 0.732422 0.789062 0.728516 0.785156 0.726562 0.785156 0.726562 0.791016 0.728516 0.791016 0.730469 0.792969 0.740234 0.792969 0.742188 0.794922 0.748047 0.794922 0.750000 0.796875 0.748047 0.798828 0.750000 0.798828 0.751953 0.796875 0.750000 0.794922 0.750000 0.792969 0.746094 0.792969 0.744141 0.791016 0.744141 0.789062 0.746094 0.787109 0.753906 0.787109 0.755859 0.789062 0.755859 0.792969 0.757812 0.792969 0.763672 0.798828 0.761719 0.800781 0.761719 0.802734 0.757812 0.806641 0.755859 0.806641 0.753906 0.804688 0.751953 0.804688 0.751953 0.806641 0.755859 0.806641 0.759766 0.810547 0.759766 0.808594 0.761719 0.806641 0.763672 0.806641 0.765625 0.804688 0.767578 0.804688 0.769531 0.806641 0.771484 0.806641 0.771484 0.792969 0.769531 0.791016 0.771484 0.789062 0.771484 0.787109 0.769531 0.785156 0.771484 0.783203 0.773438 0.783203 0.773438 0.781250 0.769531 0.777344 0.771484 0.775391 0.775391 0.775391 0.775391 0.769531 0.773438 0.771484 0.769531 0.767578 0.767578 0.769531 0.765625 0.767578 0.765625 0.757812 0.769531 0.753906 0.771484 0.755859 0.773438 0.753906 0.773438 0.751953 0.771484 0.753906 0.769531 0.751953 0.767578 0.751953 0.767578 0.753906 0.765625 0.755859 0.763672 0.753906 0.763672 0.750000 0.761719 0.748047 0.761719 0.746094
0 0.953125 0.699219 0.951172 0.701172 0.949219 0.701172 0.947266 0.703125 0.943359 0.703125 0.943359 0.705078 0.939453 0.708984 0.935547 0.708984 0.933594 0.707031 0.935547 0.708984 0.935547 0.710938 0.937500 0.712891 0.937500 0.714844 0.933594 0.718750 0.933594 0.724609 0.933594 0.722656 0.935547 0.720703 0.937500 0.720703 0.939453 0.722656 0.939453 0.728516 0.943359 0.728516 0.945312 0.730469 0.947266 0.730469 0.949219 0.732422 0.947266 0.734375 0.945312 0.734375 0.943359 0.736328 0.945312 0.738281 0.949219 0.738281 0.949219 0.736328 0.953125 0.732422 0.955078 0.732422 0.957031 0.734375 0.955078 0.736328 0.955078 0.742188 0.953125 0.744141 0.953125 0.748047 0.949219 0.751953 0.943359 0.751953 0.943359 0.753906 0.949219 0.753906 0.951172 0.755859 0.949219 0.757812 0.949219 0.759766 0.951172 0.759766 0.955078 0.763672 0.957031 0.763672 0.960938 0.767578 0.962891 0.767578 0.964844 0.769531 0.966797 0.769531 0.968750 0.771484 0.966797 0.773438 0.966797 0.775391 0.966797 0.773438 0.968750 0.771484 0.970703 0.771484 0.972656 0.773438 0.974609 0.773438 0.980469 0.779297 0.978516 0.781250 0.980469 0.779297 0.982422 0.779297 0.986328 0.783203 0.986328 0.785156 0.990234 0.781250 0.992188 0.783203 0.992188 0.781250 0.994141 0.779297 0.996094 0.781250 0.998047 0.781250 0.998047 0.777344 0.994141 0.773438 0.998047 0.769531 0.998047 0.761719 0.996094 0.761719 0.996094 0.765625 0.992188 0.769531 0.986328 0.769531 0.984375 0.767578 0.980469 0.767578 0.978516 0.765625 0.978516 0.763672 0.976562 0.761719 0.976562 0.759766 0.974609 0.761719 0.972656 0.759766 0.972656 0.755859 0.974609 0.753906 0.972656 0.753906 0.970703 0.751953 0.972656 0.750000 0.970703 0.748047 0.970703 0.740234 0.972656 0.738281 0.972656 0.736328 0.972656 0.738281 0.970703 0.740234 0.968750 0.738281 0.966797 0.738281 0.964844 0.736328 0.966797 0.734375 0.968750 0.734375 0.968750 0.732422 0.966797 0.732422 0.966797 0.734375 0.962891 0.738281 0.960938 0.736328 0.960938 0.734375 0.958984 0.732422 0.957031 0.734375 0.955078 0.732422 0.955078 0.730469 0.957031 0.728516 0.962891 0.728516 0.966797 0.724609 0.966797 0.722656 0.964844 0.720703 0.964844 0.718750 0.962891 0.716797 0.962891 0.714844 0.964844 0.712891 0.968750 0.712891 0.970703 0.714844 0.968750 0.716797 0.972656 0.716797 0.970703 0.714844 0.970703 0.712891 0.968750 0.710938 0.968750 0.708984 0.970703 0.707031 0.970703 0.705078 0.968750 0.703125 0.968750 0.705078 0.970703 0.707031 0.968750 0.708984 0.962891 0.708984 0.960938 0.707031 0.964844 0.703125 0.962891 0.701172 0.962891 0.703125 0.960938 0.705078 0.957031 0.701172 0.955078 0.701172
0 0.824219 0.660156 0.822266 0.662109 0.820312 0.662109 0.818359 0.664062 0.808594 0.664062 0.806641 0.666016 0.800781 0.666016 0.798828 0.667969 0.796875 0.666016 0.796875 0.667969 0.798828 0.667969 0.802734 0.671875 0.804688 0.671875 0.806641 0.673828 0.806641 0.677734 0.804688 0.679688 0.800781 0.679688 0.798828 0.681641 0.800781 0.679688 0.802734 0.681641 0.804688 0.681641 0.806641 0.683594 0.806641 0.685547 0.804688 0.687500 0.802734 0.687500 0.804688 0.687500 0.806641 0.689453 0.806641 0.693359 0.804688 0.695312 0.802734 0.695312 0.804688 0.695312 0.806641 0.697266 0.804688 0.699219 0.802734 0.699219 0.802734 0.701172 0.810547 0.701172 0.812500 0.703125 0.826172 0.703125 0.828125 0.705078 0.828125 0.707031 0.830078 0.708984 0.828125 0.710938 0.824219 0.710938 0.820312 0.707031 0.820312 0.708984 0.814453 0.714844 0.812500 0.712891 0.810547 0.714844 0.808594 0.714844 0.806641 0.712891 0.794922 0.712891 0.791016 0.708984 0.792969 0.707031 0.792969 0.695312 0.792969 0.697266 0.791016 0.699219 0.791016 0.701172 0.792969 0.703125 0.791016 0.705078 0.791016 0.714844 0.789062 0.716797 0.789062 0.726562 0.789062 0.720703 0.792969 0.716797 0.796875 0.716797 0.800781 0.720703 0.800781 0.722656 0.802734 0.724609 0.802734 0.730469 0.808594 0.730469 0.806641 0.730469 0.804688 0.728516 0.804688 0.726562 0.806641 0.724609 0.808594 0.724609 0.806641 0.722656 0.806641 0.718750 0.808594 0.716797 0.816406 0.716797 0.818359 0.718750 0.818359 0.722656 0.816406 0.724609 0.814453 0.724609 0.814453 0.726562 0.816406 0.728516 0.814453 0.730469 0.814453 0.732422 0.812500 0.734375 0.816406 0.738281 0.818359 0.738281 0.818359 0.736328 0.820312 0.734375 0.822266 0.736328 0.822266 0.738281 0.824219 0.740234 0.824219 0.744141 0.822266 0.746094 0.822266 0.748047 0.824219 0.748047 0.826172 0.750000 0.824219 0.751953 0.820312 0.751953 0.818359 0.750000 0.816406 0.750000 0.814453 0.748047 0.814453 0.746094 0.814453 0.751953 0.812500 0.753906 0.810547 0.751953 0.810547 0.744141 0.808594 0.744141 0.808594 0.751953 0.806641 0.753906 0.802734 0.753906 0.802734 0.761719 0.800781 0.763672 0.798828 0.763672 0.796875 0.765625 0.798828 0.767578 0.798828 0.769531 0.796875 0.771484 0.796875 0.773438 0.798828 0.773438 0.796875 0.771484 0.798828 0.769531 0.798828 0.767578 0.802734 0.763672 0.806641 0.763672 0.810547 0.767578 0.810547 0.769531 0.808594 0.771484 0.810547 0.773438 0.810547 0.779297 0.812500 0.779297 0.814453 0.781250 0.820312 0.781250 0.824219 0.785156 0.824219 0.787109 0.820312 0.791016 0.818359 0.791016 0.820312 0.792969 0.822266 0.791016 0.824219 0.792969 0.824219 0.791016 0.822266 0.789062 0.824219 0.787109 0.824219 0.783203 0.822266 0.781250 0.822266 0.777344 0.824219 0.775391 0.828125 0.775391 0.830078 0.777344 0.830078 0.779297 0.828125 0.781250 0.828125 0.785156 0.828125 0.781250 0.830078 0.779297 0.832031 0.779297 0.833984 0.781250 0.833984 0.785156 0.835938 0.787109 0.835938 0.789062 0.837891 0.787109 0.835938 0.785156 0.835938 0.777344 0.837891 0.775391 0.841797 0.779297 0.841797 0.781250 0.843750 0.781250 0.839844 0.777344 0.839844 0.775391 0.841797 0.773438 0.841797 0.769531 0.843750 0.767578 0.843750 0.765625 0.841797 0.767578 0.839844 0.767578 0.837891 0.765625 0.837891 0.763672 0.835938 0.763672 0.833984 0.761719 0.830078 0.761719 0.828125 0.759766 0.828125 0.757812 0.830078 0.755859 0.835938 0.755859 0.835938 0.750000 0.833984 0.750000 0.832031 0.751953 0.830078 0.751953 0.828125 0.750000 0.830078 0.748047 0.830078 0.746094 0.832031 0.744141 0.832031 0.742188 0.833984 0.740234 0.835938 0.742188 0.837891 0.742188 0.835938 0.740234 0.835938 0.738281 0.833984 0.736328 0.833984 0.734375 0.835938 0.732422 0.835938 0.728516 0.837891 0.726562 0.841797 0.730469 0.841797 0.728516 0.839844 0.728516 0.837891 0.726562 0.837891 0.724609 0.839844 0.722656 0.841797 0.722656 0.837891 0.722656 0.835938 0.724609 0.832031 0.724609 0.830078 0.726562 0.828125 0.724609 0.828125 0.720703 0.833984 0.714844 0.832031 0.712891 0.832031 0.710938 0.830078 0.708984 0.830078 0.707031 0.835938 0.701172 0.849609 0.701172 0.851562 0.703125 0.851562 0.705078 0.851562 0.701172 0.849609 0.699219 0.849609 0.695312 0.847656 0.693359 0.847656 0.691406 0.845703 0.691406 0.843750 0.689453 0.847656 0.685547 0.845703 0.685547 0.841797 0.681641 0.841797 0.675781 0.839844 0.673828 0.839844 0.671875 0.833984 0.671875 0.830078 0.667969 0.830078 0.666016 0.828125 0.666016 0.824219 0.669922 0.830078 0.669922 0.832031 0.671875 0.830078 0.673828 0.822266 0.673828 0.820312 0.671875 0.820312 0.667969 0.818359 0.666016 0.822266 0.662109 0.824219 0.662109
0 0.935547 0.580078 0.933594 0.582031 0.931641 0.582031 0.931641 0.583984 0.933594 0.585938 0.929688 0.589844 0.925781 0.589844 0.925781 0.591797 0.923828 0.593750 0.919922 0.593750 0.914062 0.599609 0.912109 0.599609 0.908203 0.603516 0.906250 0.601562 0.904297 0.601562 0.904297 0.607422 0.906250 0.607422 0.908203 0.605469 0.910156 0.607422 0.910156 0.609375 0.908203 0.611328 0.910156 0.613281 0.908203 0.615234 0.910156 0.617188 0.906250 0.621094 0.906250 0.625000 0.904297 0.626953 0.906250 0.628906 0.906250 0.632812 0.902344 0.636719 0.900391 0.636719 0.900391 0.640625 0.898438 0.642578 0.896484 0.640625 0.896484 0.634766 0.894531 0.634766 0.892578 0.636719 0.890625 0.636719 0.888672 0.634766 0.886719 0.634766 0.884766 0.632812 0.882812 0.632812 0.886719 0.636719 0.884766 0.638672 0.882812 0.638672 0.880859 0.636719 0.882812 0.638672 0.882812 0.640625 0.878906 0.644531 0.878906 0.646484 0.882812 0.646484 0.884766 0.648438 0.888672 0.648438 0.892578 0.652344 0.894531 0.650391 0.896484 0.650391 0.898438 0.648438 0.898438 0.646484 0.900391 0.644531 0.902344 0.646484 0.902344 0.648438 0.904297 0.648438 0.908203 0.652344 0.906250 0.654297 0.906250 0.656250 0.908203 0.654297 0.912109 0.654297 0.914062 0.656250 0.914062 0.648438 0.916016 0.646484 0.919922 0.646484 0.921875 0.648438 0.919922 0.650391 0.925781 0.644531 0.929688 0.648438 0.929688 0.652344 0.925781 0.656250 0.923828 0.654297 0.923828 0.652344 0.921875 0.654297 0.919922 0.654297 0.919922 0.656250 0.916016 0.660156 0.912109 0.660156 0.910156 0.658203 0.910156 0.662109 0.912109 0.662109 0.914062 0.664062 0.912109 0.666016 0.910156 0.666016 0.908203 0.667969 0.906250 0.667969 0.906250 0.669922 0.904297 0.671875 0.904297 0.677734 0.902344 0.679688 0.902344 0.681641 0.906250 0.685547 0.906250 0.687500 0.904297 0.689453 0.900391 0.689453 0.904297 0.693359 0.910156 0.693359 0.910156 0.681641 0.912109 0.679688 0.914062 0.679688 0.910156 0.679688 0.908203 0.677734 0.908203 0.675781 0.912109 0.671875 0.914062 0.671875 0.916016 0.669922 0.917969 0.669922 0.919922 0.667969 0.921875 0.667969 0.917969 0.667969 0.916016 0.669922 0.912109 0.666016 0.914062 0.664062 0.914062 0.662109 0.916016 0.660156 0.923828 0.660156 0.925781 0.662109 0.931641 0.662109 0.929688 0.662109 0.927734 0.660156 0.927734 0.658203 0.929688 0.656250 0.931641 0.658203 0.933594 0.656250 0.937500 0.660156 0.937500 0.664062 0.933594 0.667969 0.929688 0.667969 0.929688 0.669922 0.931641 0.671875 0.933594 0.671875 0.935547 0.669922 0.937500 0.669922 0.941406 0.673828 0.941406 0.677734 0.943359 0.679688 0.945312 0.677734 0.947266 0.677734 0.947266 0.675781 0.949219 0.673828 0.951172 0.675781 0.951172 0.679688 0.953125 0.681641 0.953125 0.685547 0.951172 0.687500 0.949219 0.687500 0.949219 0.689453 0.947266 0.691406 0.945312 0.691406 0.943359 0.693359 0.939453 0.693359 0.937500 0.695312 0.931641 0.695312 0.929688 0.693359 0.929688 0.691406 0.927734 0.689453 0.929688 0.687500 0.931641 0.687500 0.927734 0.687500 0.925781 0.689453 0.927734 0.691406 0.927734 0.695312 0.929688 0.697266 0.931641 0.697266 0.933594 0.699219 0.933594 0.701172 0.935547 0.701172 0.933594 0.699219 0.933594 0.697266 0.935547 0.695312 0.943359 0.695312 0.945312 0.697266 0.949219 0.697266 0.949219 0.693359 0.953125 0.689453 0.955078 0.689453 0.957031 0.687500 0.957031 0.683594 0.958984 0.681641 0.960938 0.681641 0.960938 0.679688 0.958984 0.679688 0.957031 0.677734 0.957031 0.673828 0.958984 0.671875 0.960938 0.673828 0.960938 0.671875 0.957031 0.671875 0.955078 0.673828 0.953125 0.673828 0.951172 0.671875 0.951172 0.669922 0.949219 0.671875 0.945312 0.671875 0.943359 0.673828 0.941406 0.671875 0.941406 0.669922 0.945312 0.666016 0.947266 0.666016 0.941406 0.666016 0.937500 0.662109 0.939453 0.660156 0.933594 0.654297 0.935547 0.652344 0.939453 0.652344 0.941406 0.650391 0.941406 0.646484 0.939453 0.644531 0.939453 0.642578 0.937500 0.640625 0.941406 0.636719 0.943359 0.636719 0.945312 0.634766 0.947266 0.634766 0.949219 0.636719 0.949219 0.638672 0.947266 0.640625 0.945312 0.640625 0.947266 0.640625 0.949219 0.638672 0.951172 0.638672 0.953125 0.636719 0.958984 0.636719 0.955078 0.632812 0.957031 0.630859 0.960938 0.630859 0.964844 0.626953 0.966797 0.628906 0.966797 0.632812 0.964844 0.634766 0.968750 0.634766 0.968750 0.632812 0.970703 0.630859 0.972656 0.630859 0.974609 0.632812 0.974609 0.634766 0.972656 0.636719 0.974609 0.638672 0.974609 0.640625 0.974609 0.638672 0.976562 0.636719 0.978516 0.638672 0.978516 0.644531 0.974609 0.648438 0.972656 0.646484 0.970703 0.646484 0.970703 0.648438 0.972656 0.650391 0.970703 0.652344 0.968750 0.652344 0.966797 0.650391 0.966797 0.646484 0.966797 0.650391 0.968750 0.652344 0.970703 0.652344 0.972656 0.650391 0.976562 0.654297 0.976562 0.656250 0.974609 0.658203 0.976562 0.660156 0.980469 0.660156 0.982422 0.662109 0.984375 0.662109 0.986328 0.660156 0.982422 0.660156 0.980469 0.658203 0.978516 0.658203 0.976562 0.656250 0.976562 0.650391 0.978516 0.648438 0.980469 0.648438 0.982422 0.646484 0.978516 0.642578 0.980469 0.640625 0.978516 0.638672 0.978516 0.636719 0.980469 0.634766 0.982422 0.634766 0.984375 0.636719 0.984375 0.638672 0.988281 0.634766 0.990234 0.636719 0.990234 0.638672 0.988281 0.640625 0.988281 0.642578 0.986328 0.644531 0.984375 0.642578 0.986328 0.644531 0.986328 0.648438 0.984375 0.650391 0.986328 0.648438 0.988281 0.650391 0.990234 0.650391 0.992188 0.652344 0.992188 0.654297 0.994141 0.656250 0.990234 0.660156 0.990234 0.664062 0.988281 0.666016 0.988281 0.667969 0.986328 0.669922 0.984375 0.669922 0.982422 0.671875 0.982422 0.677734 0.984375 0.679688 0.990234 0.679688 0.990234 0.673828 0.992188 0.671875 0.994141 0.671875 0.996094 0.673828 0.996094 0.681641 0.998047 0.683594 0.998047 0.664062 0.996094 0.662109 0.996094 0.660156 0.994141 0.658203 0.994141 0.656250 0.998047 0.652344 0.992188 0.646484 0.994141 0.644531 0.998047 0.644531 0.998047 0.642578 0.996094 0.642578 0.994141 0.644531 0.992188 0.644531 0.990234 0.646484 0.988281 0.644531 0.988281 0.642578 0.990234 0.640625 0.992188 0.640625 0.992188 0.638672 0.994141 0.636719 0.996094 0.638672 0.996094 0.634766 0.994141 0.632812 0.990234 0.632812 0.988281 0.630859 0.982422 0.630859 0.980469 0.632812 0.976562 0.632812 0.970703 0.626953 0.970703 0.625000 0.968750 0.625000 0.966797 0.626953 0.962891 0.623047 0.964844 0.621094 0.958984 0.615234 0.960938 0.613281 0.962891 0.613281 0.964844 0.611328 0.964844 0.609375 0.968750 0.605469 0.968750 0.603516 0.958984 0.603516 0.958984 0.611328 0.957031 0.613281 0.953125 0.613281 0.951172 0.611328 0.951172 0.619141 0.953125 0.621094 0.953125 0.626953 0.955078 0.628906 0.953125 0.630859 0.949219 0.630859 0.947266 0.628906 0.949219 0.626953 0.943359 0.626953 0.939453 0.630859 0.935547 0.626953 0.935547 0.625000 0.931641 0.621094 0.933594 0.619141 0.933594 0.615234 0.935547 0.613281 0.935547 0.609375 0.937500 0.607422 0.939453 0.607422 0.941406 0.609375 0.947266 0.609375 0.947266 0.607422 0.949219 0.605469 0.949219 0.603516 0.943359 0.603516 0.941406 0.601562 0.941406 0.599609 0.943359 0.597656 0.949219 0.597656 0.949219 0.595703 0.951172 0.593750 0.953125 0.595703 0.953125 0.597656 0.955078 0.595703 0.957031 0.597656 0.957031 0.599609 0.958984 0.599609 0.957031 0.597656 0.957031 0.595703 0.953125 0.595703 0.951172 0.593750 0.951172 0.591797 0.949219 0.591797 0.949219 0.595703 0.947266 0.597656 0.945312 0.597656 0.943359 0.595703 0.943359 0.591797 0.939453 0.587891 0.939453 0.583984
0 0.982422 0.558594 0.980469 0.560547 0.978516 0.560547 0.976562 0.562500 0.974609 0.562500 0.972656 0.564453 0.974609 0.566406 0.976562 0.564453 0.980469 0.568359 0.980469 0.572266 0.978516 0.574219 0.980469 0.576172 0.980469 0.574219 0.982422 0.572266 0.984375 0.574219 0.984375 0.578125 0.982422 0.580078 0.982422 0.582031 0.982422 0.580078 0.984375 0.578125 0.988281 0.582031 0.988281 0.583984 0.984375 0.587891 0.982422 0.587891 0.980469 0.589844 0.976562 0.589844 0.974609 0.587891 0.976562 0.585938 0.976562 0.582031 0.972656 0.585938 0.974609 0.587891 0.974609 0.591797 0.976562 0.593750 0.976562 0.595703 0.978516 0.597656 0.976562 0.599609 0.978516 0.599609 0.980469 0.597656 0.982422 0.597656 0.984375 0.599609 0.984375 0.605469 0.984375 0.603516 0.986328 0.601562 0.990234 0.601562 0.996094 0.595703 0.998047 0.595703 0.996094 0.595703 0.992188 0.599609 0.990234 0.599609 0.988281 0.597656 0.984375 0.597656 0.982422 0.595703 0.984375 0.593750 0.986328 0.593750 0.984375 0.591797 0.984375 0.589844 0.986328 0.587891 0.988281 0.587891 0.990234 0.589844 0.986328 0.585938 0.990234 0.582031 0.996094 0.587891 0.996094 0.583984 0.998047 0.582031 0.998047 0.580078 0.996094 0.578125 0.996094 0.576172 0.994141 0.574219 0.994141 0.572266 0.992188 0.570312 0.992188 0.568359 0.990234 0.566406 0.978516 0.566406 0.976562 0.564453 0.978516 0.562500 0.980469 0.562500 0.982422 0.560547 0.984375 0.560547 0.986328 0.558594
0 0.863281 0.503906 0.861328 0.505859 0.861328 0.507812 0.859375 0.509766 0.857422 0.509766 0.859375 0.511719 0.857422 0.513672 0.857422 0.515625 0.859375 0.517578 0.863281 0.517578 0.863281 0.515625 0.861328 0.513672 0.863281 0.511719 0.863281 0.507812 0.865234 0.505859 0.867188 0.505859 0.869141 0.507812 0.869141 0.509766 0.867188 0.511719 0.869141 0.511719 0.873047 0.515625 0.873047 0.521484 0.871094 0.523438 0.861328 0.523438 0.859375 0.521484 0.857422 0.521484 0.861328 0.525391 0.861328 0.527344 0.859375 0.529297 0.861328 0.531250 0.859375 0.533203 0.859375 0.541016 0.857422 0.542969 0.855469 0.542969 0.855469 0.544922 0.863281 0.544922 0.867188 0.548828 0.869141 0.548828 0.871094 0.550781 0.869141 0.552734 0.871094 0.550781 0.873047 0.550781 0.871094 0.550781 0.869141 0.548828 0.869141 0.546875 0.871094 0.544922 0.873047 0.546875 0.876953 0.546875 0.875000 0.546875 0.871094 0.542969 0.873047 0.541016 0.869141 0.544922 0.861328 0.544922 0.859375 0.542969 0.859375 0.533203 0.863281 0.529297 0.865234 0.531250 0.867188 0.531250 0.867188 0.529297 0.865234 0.527344 0.869141 0.523438 0.871094 0.525391 0.873047 0.525391 0.875000 0.523438 0.876953 0.523438 0.880859 0.527344 0.878906 0.529297 0.875000 0.529297 0.873047 0.531250 0.871094 0.531250 0.873047 0.533203 0.873047 0.535156 0.876953 0.535156 0.878906 0.537109 0.882812 0.537109 0.884766 0.535156 0.886719 0.537109 0.888672 0.537109 0.890625 0.539062 0.892578 0.539062 0.892578 0.537109 0.894531 0.535156 0.894531 0.533203 0.892578 0.531250 0.894531 0.529297 0.890625 0.529297 0.888672 0.527344 0.886719 0.527344 0.884766 0.529297 0.880859 0.525391 0.884766 0.521484 0.886719 0.523438 0.886719 0.521484 0.888672 0.519531 0.890625 0.519531 0.890625 0.515625 0.886719 0.515625 0.884766 0.513672 0.884766 0.511719 0.886719 0.509766 0.890625 0.509766 0.892578 0.511719 0.894531 0.511719 0.896484 0.509766 0.900391 0.513672 0.902344 0.513672 0.902344 0.511719 0.900391 0.513672 0.894531 0.507812 0.892578 0.509766 0.890625 0.507812 0.884766 0.507812 0.882812 0.505859 0.884766 0.507812 0.884766 0.509766 0.882812 0.511719 0.880859 0.511719 0.878906 0.509766 0.880859 0.511719 0.880859 0.513672 0.878906 0.515625 0.880859 0.517578 0.880859 0.519531 0.878906 0.521484 0.875000 0.521484 0.873047 0.519531 0.873047 0.509766 0.873047 0.511719 0.871094 0.513672 0.869141 0.511719 0.869141 0.507812 0.865234 0.503906
0 0.748047 0.501953 0.746094 0.503906 0.746094 0.505859 0.744141 0.507812 0.744141 0.511719 0.742188 0.513672 0.740234 0.511719 0.742188 0.513672 0.742188 0.519531 0.740234 0.521484 0.738281 0.519531 0.738281 0.515625 0.738281 0.519531 0.736328 0.521484 0.732422 0.521484 0.734375 0.521484 0.736328 0.523438 0.736328 0.527344 0.740234 0.531250 0.744141 0.531250 0.746094 0.533203 0.746094 0.535156 0.753906 0.535156 0.755859 0.537109 0.759766 0.537109 0.761719 0.535156 0.763672 0.537109 0.763672 0.539062 0.765625 0.539062 0.765625 0.537109 0.767578 0.535156 0.771484 0.539062 0.767578 0.535156 0.767578 0.533203 0.769531 0.531250 0.769531 0.525391 0.771484 0.523438 0.769531 0.521484 0.769531 0.519531 0.775391 0.513672 0.777344 0.513672 0.777344 0.511719 0.775391 0.511719 0.775391 0.513672 0.773438 0.515625 0.771484 0.513672 0.769531 0.515625 0.767578 0.513672 0.765625 0.513672 0.763672 0.511719 0.763672 0.507812 0.765625 0.505859 0.767578 0.505859 0.767578 0.503906 0.765625 0.503906 0.765625 0.505859 0.763672 0.507812 0.759766 0.507812 0.761719 0.507812 0.763672 0.509766 0.761719 0.511719 0.757812 0.511719 0.755859 0.509766 0.751953 0.509766 0.750000 0.507812 0.750000 0.503906
0 0.292969 0.480469 0.291016 0.482422 0.291016 0.484375 0.292969 0.486328 0.291016 0.488281 0.291016 0.492188 0.289062 0.494141 0.289062 0.496094 0.285156 0.500000 0.279297 0.500000 0.279297 0.503906 0.281250 0.505859 0.281250 0.507812 0.281250 0.503906 0.283203 0.501953 0.289062 0.501953 0.291016 0.500000 0.296875 0.500000 0.296875 0.498047 0.294922 0.498047 0.292969 0.496094 0.291016 0.496094 0.289062 0.494141 0.292969 0.490234 0.298828 0.490234 0.300781 0.492188 0.300781 0.496094 0.302734 0.498047 0.302734 0.500000 0.304688 0.500000 0.306641 0.501953 0.306641 0.513672 0.304688 0.515625 0.296875 0.515625 0.294922 0.517578 0.287109 0.517578 0.287109 0.527344 0.292969 0.527344 0.294922 0.529297 0.292969 0.527344 0.292969 0.525391 0.294922 0.523438 0.306641 0.523438 0.308594 0.525391 0.310547 0.523438 0.312500 0.525391 0.314453 0.525391 0.314453 0.523438 0.310547 0.523438 0.308594 0.521484 0.308594 0.513672 0.306641 0.511719 0.306641 0.503906 0.308594 0.501953 0.306641 0.500000 0.306641 0.492188 0.302734 0.492188 0.300781 0.490234 0.300781 0.484375 0.296875 0.480469 0.294922 0.482422
0 0.664062 0.470703 0.662109 0.472656 0.660156 0.472656 0.658203 0.474609 0.660156 0.476562 0.660156 0.480469 0.658203 0.482422 0.656250 0.482422 0.654297 0.484375 0.654297 0.488281 0.652344 0.490234 0.650391 0.488281 0.650391 0.490234 0.648438 0.492188 0.646484 0.492188 0.642578 0.496094 0.644531 0.496094 0.646484 0.498047 0.646484 0.500000 0.644531 0.501953 0.640625 0.501953 0.642578 0.503906 0.644531 0.503906 0.650391 0.509766 0.648438 0.511719 0.648438 0.513672 0.650391 0.515625 0.646484 0.519531 0.646484 0.521484 0.644531 0.523438 0.642578 0.523438 0.642578 0.525391 0.640625 0.527344 0.638672 0.527344 0.638672 0.529297 0.636719 0.531250 0.634766 0.531250 0.632812 0.533203 0.632812 0.535156 0.630859 0.537109 0.628906 0.537109 0.626953 0.535156 0.626953 0.533203 0.625000 0.531250 0.625000 0.529297 0.623047 0.527344 0.623047 0.529297 0.621094 0.531250 0.617188 0.527344 0.617188 0.525391 0.615234 0.525391 0.613281 0.527344 0.609375 0.527344 0.607422 0.529297 0.605469 0.527344 0.603516 0.529297 0.603516 0.531250 0.601562 0.533203 0.597656 0.533203 0.597656 0.535156 0.595703 0.537109 0.591797 0.537109 0.589844 0.539062 0.587891 0.539062 0.587891 0.541016 0.589844 0.541016 0.591797 0.542969 0.593750 0.542969 0.597656 0.539062 0.599609 0.539062 0.603516 0.535156 0.605469 0.535156 0.607422 0.537109 0.605469 0.539062 0.607422 0.541016 0.607422 0.544922 0.605469 0.546875 0.603516 0.546875 0.601562 0.548828 0.599609 0.548828 0.597656 0.546875 0.597656 0.548828 0.595703 0.550781 0.597656 0.552734 0.597656 0.554688 0.599609 0.554688 0.601562 0.556641 0.603516 0.554688 0.605469 0.556641 0.605469 0.558594 0.603516 0.560547 0.601562 0.560547 0.599609 0.562500 0.591797 0.562500 0.591797 0.564453 0.589844 0.566406 0.587891 0.566406 0.587891 0.572266 0.585938 0.574219 0.576172 0.574219 0.574219 0.572266 0.574219 0.562500 0.576172 0.560547 0.576172 0.556641 0.576172 0.558594 0.572266 0.562500 0.570312 0.562500 0.572266 0.564453 0.572266 0.566406 0.568359 0.570312 0.568359 0.572266 0.566406 0.574219 0.566406 0.576172 0.570312 0.576172 0.572266 0.578125 0.570312 0.580078 0.572266 0.582031 0.574219 0.582031 0.574219 0.580078 0.572266 0.578125 0.572266 0.576172 0.574219 0.574219 0.576172 0.574219 0.578125 0.576172 0.580078 0.576172 0.582031 0.574219 0.583984 0.574219 0.585938 0.576172 0.585938 0.578125 0.583984 0.580078 0.585938 0.582031 0.585938 0.583984 0.583984 0.585938 0.587891 0.589844 0.587891 0.591797 0.591797 0.591797 0.595703 0.595703 0.595703 0.605469 0.593750 0.607422 0.593750 0.615234 0.591797 0.617188 0.591797 0.621094 0.593750 0.623047 0.593750 0.630859 0.593750 0.625000 0.595703 0.623047 0.595703 0.621094 0.597656 0.619141 0.599609 0.621094 0.599609 0.628906 0.597656 0.630859 0.599609 0.628906 0.607422 0.628906 0.609375 0.630859 0.607422 0.632812 0.605469 0.632812 0.605469 0.634766 0.611328 0.634766 0.613281 0.636719 0.615234 0.634766 0.617188 0.634766 0.617188 0.632812 0.619141 0.630859 0.621094 0.630859 0.623047 0.632812 0.625000 0.630859 0.626953 0.630859 0.628906 0.628906 0.630859 0.628906 0.632812 0.630859 0.634766 0.630859 0.636719 0.628906 0.636719 0.626953 0.634766 0.628906 0.619141 0.628906 0.617188 0.630859 0.615234 0.628906 0.615234 0.623047 0.621094 0.617188 0.621094 0.615234 0.626953 0.609375 0.628906 0.609375 0.630859 0.607422 0.632812 0.609375 0.632812 0.611328 0.632812 0.609375 0.636719 0.605469 0.636719 0.603516 0.634766 0.601562 0.636719 0.599609 0.640625 0.599609 0.638672 0.597656 0.642578 0.593750 0.644531 0.595703 0.644531 0.597656 0.648438 0.597656 0.650391 0.595703 0.652344 0.597656 0.652344 0.601562 0.654297 0.599609 0.652344 0.597656 0.652344 0.591797 0.650391 0.589844 0.650391 0.587891 0.648438 0.587891 0.646484 0.585938 0.646484 0.583984 0.650391 0.580078 0.652344 0.580078 0.654297 0.582031 0.656250 0.580078 0.658203 0.580078 0.658203 0.578125 0.660156 0.576172 0.664062 0.576172 0.664062 0.572266 0.662109 0.570312 0.664062 0.568359 0.664062 0.566406 0.666016 0.564453 0.664062 0.562500 0.664062 0.560547 0.667969 0.556641 0.667969 0.552734 0.666016 0.552734 0.664062 0.550781 0.666016 0.552734 0.664062 0.554688 0.660156 0.554688 0.662109 0.554688 0.664062 0.556641 0.662109 0.558594 0.658203 0.558594 0.656250 0.560547 0.654297 0.560547 0.652344 0.562500 0.650391 0.562500 0.648438 0.560547 0.648438 0.558594 0.650391 0.556641 0.652344 0.556641 0.652344 0.554688 0.648438 0.550781 0.650391 0.548828 0.650391 0.544922 0.654297 0.541016 0.654297 0.539062 0.656250 0.537109 0.658203 0.537109 0.660156 0.539062 0.660156 0.541016 0.664062 0.541016 0.666016 0.542969 0.667969 0.541016 0.669922 0.541016 0.671875 0.542969 0.669922 0.544922 0.669922 0.548828 0.669922 0.546875 0.671875 0.544922 0.673828 0.546875 0.675781 0.544922 0.677734 0.544922 0.679688 0.546875 0.679688 0.541016 0.681641 0.539062 0.681641 0.537109 0.679688 0.535156 0.679688 0.533203 0.681641 0.531250 0.685547 0.531250 0.687500 0.533203 0.687500 0.537109 0.685547 0.539062 0.685547 0.541016 0.687500 0.542969 0.683594 0.546875 0.683594 0.548828 0.681641 0.550781 0.683594 0.552734 0.683594 0.548828 0.685547 0.546875 0.685547 0.544922 0.691406 0.539062 0.695312 0.539062 0.695312 0.533203 0.697266 0.531250 0.701172 0.531250 0.703125 0.533203 0.703125 0.537109 0.705078 0.537109 0.703125 0.535156 0.703125 0.533203 0.708984 0.527344 0.707031 0.525391 0.710938 0.521484 0.712891 0.523438 0.714844 0.523438 0.716797 0.525391 0.716797 0.529297 0.714844 0.531250 0.712891 0.531250 0.718750 0.531250 0.720703 0.529297 0.722656 0.531250 0.722656 0.529297 0.724609 0.527344 0.720703 0.523438 0.722656 0.521484 0.724609 0.521484 0.726562 0.523438 0.722656 0.519531 0.722656 0.513672 0.722656 0.521484 0.718750 0.525391 0.716797 0.523438 0.714844 0.523438 0.712891 0.521484 0.710938 0.521484 0.708984 0.523438 0.707031 0.523438 0.699219 0.515625 0.699219 0.513672 0.695312 0.509766 0.695312 0.505859 0.693359 0.505859 0.691406 0.503906 0.691406 0.501953 0.693359 0.500000 0.689453 0.496094 0.689453 0.498047 0.687500 0.500000 0.685547 0.498047 0.685547 0.496094 0.683594 0.494141 0.683594 0.492188 0.681641 0.490234 0.683594 0.492188 0.681641 0.494141 0.677734 0.494141 0.675781 0.492188 0.673828 0.492188 0.671875 0.490234 0.671875 0.486328 0.669922 0.486328 0.667969 0.488281 0.667969 0.492188 0.669922 0.494141 0.667969 0.496094 0.666016 0.496094 0.662109 0.492188 0.660156 0.492188 0.658203 0.490234 0.658203 0.482422 0.660156 0.480469 0.667969 0.480469 0.669922 0.478516 0.667969 0.480469 0.664062 0.476562 0.664062 0.474609 0.666016 0.472656 0.666016 0.470703
0 0.583984 0.451172 0.583984 0.455078 0.582031 0.457031 0.585938 0.453125 0.587891 0.455078 0.587891 0.457031 0.585938 0.458984 0.589844 0.458984 0.591797 0.460938 0.591797 0.466797 0.589844 0.468750 0.587891 0.468750 0.585938 0.470703 0.583984 0.470703 0.582031 0.472656 0.583984 0.474609 0.583984 0.472656 0.585938 0.470703 0.593750 0.470703 0.595703 0.472656 0.591797 0.476562 0.593750 0.478516 0.597656 0.474609 0.599609 0.476562 0.599609 0.478516 0.597656 0.480469 0.599609 0.480469 0.601562 0.482422 0.601562 0.484375 0.603516 0.484375 0.605469 0.482422 0.609375 0.486328 0.611328 0.484375 0.615234 0.484375 0.615234 0.482422 0.617188 0.480469 0.619141 0.482422 0.625000 0.482422 0.630859 0.488281 0.630859 0.490234 0.632812 0.492188 0.638672 0.492188 0.640625 0.490234 0.642578 0.490234 0.642578 0.488281 0.644531 0.486328 0.646484 0.486328 0.648438 0.484375 0.648438 0.482422 0.652344 0.478516 0.654297 0.478516 0.654297 0.476562 0.648438 0.476562 0.646484 0.474609 0.646484 0.468750 0.650391 0.464844 0.646484 0.464844 0.642578 0.468750 0.640625 0.466797 0.640625 0.464844 0.642578 0.462891 0.642578 0.458984 0.642578 0.462891 0.640625 0.464844 0.640625 0.466797 0.638672 0.468750 0.636719 0.466797 0.636719 0.464844 0.634766 0.462891 0.634766 0.460938 0.632812 0.458984 0.634766 0.457031 0.632812 0.458984 0.634766 0.460938 0.634766 0.462891 0.632812 0.464844 0.636719 0.468750 0.634766 0.470703 0.636719 0.472656 0.638672 0.470703 0.642578 0.474609 0.642578 0.476562 0.640625 0.478516 0.638672 0.476562 0.636719 0.478516 0.638672 0.480469 0.640625 0.480469 0.642578 0.482422 0.642578 0.484375 0.640625 0.486328 0.636719 0.486328 0.634766 0.484375 0.634766 0.482422 0.632812 0.482422 0.630859 0.484375 0.626953 0.484375 0.623047 0.480469 0.623047 0.478516 0.621094 0.478516 0.619141 0.480469 0.615234 0.480469 0.613281 0.478516 0.613281 0.476562 0.615234 0.474609 0.615234 0.472656 0.613281 0.472656 0.611328 0.474609 0.607422 0.470703 0.605469 0.470703 0.607422 0.470703 0.609375 0.472656 0.607422 0.474609 0.601562 0.474609 0.599609 0.476562 0.597656 0.474609 0.597656 0.472656 0.599609 0.470703 0.597656 0.468750 0.597656 0.466797 0.595703 0.464844 0.593750 0.464844 0.591797 0.462891 0.591797 0.460938 0.589844 0.458984 0.591797 0.457031 0.591797 0.455078 0.589844 0.453125 0.587891 0.453125 0.585938 0.451172
0 0.605469 0.417969 0.607422 0.417969 0.611328 0.421875 0.609375 0.423828 0.607422 0.423828 0.607422 0.425781 0.605469 0.427734 0.605469 0.429688 0.615234 0.429688 0.617188 0.431641 0.617188 0.435547 0.619141 0.437500 0.619141 0.439453 0.617188 0.441406 0.615234 0.439453 0.615234 0.441406 0.617188 0.443359 0.617188 0.445312 0.619141 0.445312 0.621094 0.447266 0.619141 0.449219 0.617188 0.449219 0.613281 0.453125 0.611328 0.453125 0.609375 0.451172 0.609375 0.447266 0.607422 0.447266 0.605469 0.449219 0.601562 0.449219 0.597656 0.445312 0.595703 0.445312 0.593750 0.443359 0.593750 0.441406 0.593750 0.447266 0.591797 0.449219 0.593750 0.447266 0.597656 0.447266 0.599609 0.449219 0.601562 0.449219 0.603516 0.451172 0.605469 0.451172 0.607422 0.453125 0.609375 0.453125 0.613281 0.457031 0.619141 0.457031 0.621094 0.458984 0.623047 0.458984 0.625000 0.460938 0.625000 0.464844 0.626953 0.466797 0.626953 0.468750 0.625000 0.470703 0.625000 0.472656 0.626953 0.470703 0.628906 0.470703 0.630859 0.472656 0.630859 0.474609 0.630859 0.470703 0.628906 0.468750 0.628906 0.464844 0.626953 0.462891 0.626953 0.460938 0.625000 0.460938 0.623047 0.458984 0.623047 0.457031 0.625000 0.455078 0.626953 0.457031 0.626953 0.451172 0.628906 0.449219 0.632812 0.449219 0.634766 0.451172 0.634766 0.453125 0.634766 0.451172 0.636719 0.449219 0.636719 0.447266 0.640625 0.443359 0.640625 0.441406 0.642578 0.439453 0.640625 0.437500 0.642578 0.435547 0.648438 0.435547 0.650391 0.437500 0.652344 0.437500 0.654297 0.435547 0.654297 0.433594 0.656250 0.431641 0.656250 0.429688 0.656250 0.431641 0.652344 0.435547 0.644531 0.435547 0.642578 0.433594 0.638672 0.433594 0.636719 0.431641 0.634766 0.431641 0.632812 0.429688 0.630859 0.429688 0.630859 0.431641 0.628906 0.433594 0.626953 0.433594 0.625000 0.431641 0.625000 0.427734 0.621094 0.423828 0.621094 0.425781 0.619141 0.427734 0.617188 0.427734 0.613281 0.423828 0.615234 0.421875 0.613281 0.419922 0.609375 0.419922 0.607422 0.417969
0 0.537109 0.412109 0.535156 0.414062 0.537109 0.412109 0.541016 0.412109 0.544922 0.416016 0.542969 0.417969 0.542969 0.419922 0.544922 0.421875 0.542969 0.423828 0.541016 0.423828 0.539062 0.421875 0.539062 0.427734 0.537109 0.429688 0.537109 0.431641 0.531250 0.437500 0.533203 0.439453 0.529297 0.443359 0.529297 0.447266 0.533203 0.447266 0.535156 0.445312 0.539062 0.449219 0.541016 0.449219 0.542969 0.451172 0.544922 0.451172 0.546875 0.453125 0.546875 0.455078 0.548828 0.453125 0.556641 0.453125 0.558594 0.455078 0.556641 0.457031 0.560547 0.457031 0.562500 0.455078 0.564453 0.457031 0.564453 0.458984 0.566406 0.458984 0.560547 0.453125 0.560547 0.451172 0.558594 0.449219 0.560547 0.447266 0.564453 0.447266 0.562500 0.447266 0.560547 0.445312 0.556641 0.449219 0.554688 0.447266 0.548828 0.453125 0.546875 0.453125 0.544922 0.451172 0.544922 0.449219 0.542969 0.447266 0.542969 0.443359 0.548828 0.437500 0.550781 0.439453 0.552734 0.439453 0.554688 0.437500 0.554688 0.433594 0.556641 0.431641 0.556641 0.429688 0.552734 0.429688 0.550781 0.427734 0.552734 0.425781 0.552734 0.423828 0.550781 0.421875 0.548828 0.421875 0.546875 0.419922 0.546875 0.417969 0.548828 0.416016 0.550781 0.417969 0.552734 0.416016 0.554688 0.416016 0.556641 0.417969 0.556641 0.419922 0.558594 0.417969 0.560547 0.417969 0.562500 0.419922 0.562500 0.421875 0.566406 0.417969 0.570312 0.417969 0.560547 0.417969 0.558594 0.416016 0.556641 0.416016 0.554688 0.414062 0.550781 0.414062 0.548828 0.412109
0 0.583984 0.384766 0.582031 0.386719 0.578125 0.386719 0.576172 0.388672 0.574219 0.388672 0.574219 0.390625 0.572266 0.392578 0.570312 0.390625 0.570312 0.388672 0.570312 0.392578 0.572266 0.394531 0.572266 0.396484 0.574219 0.396484 0.578125 0.400391 0.578125 0.404297 0.580078 0.406250 0.578125 0.408203 0.574219 0.408203 0.578125 0.408203 0.583984 0.414062 0.585938 0.414062 0.587891 0.416016 0.589844 0.416016 0.591797 0.417969 0.595703 0.417969 0.597656 0.419922 0.597656 0.425781 0.595703 0.427734 0.595703 0.429688 0.593750 0.431641 0.597656 0.427734 0.599609 0.429688 0.599609 0.431641 0.601562 0.433594 0.599609 0.435547 0.601562 0.433594 0.599609 0.431641 0.601562 0.429688 0.601562 0.427734 0.599609 0.427734 0.597656 0.425781 0.597656 0.417969 0.595703 0.416016 0.597656 0.414062 0.595703 0.412109 0.595703 0.410156 0.593750 0.410156 0.591797 0.408203 0.593750 0.406250 0.593750 0.404297 0.591797 0.404297 0.589844 0.402344 0.589844 0.398438 0.593750 0.394531 0.591797 0.392578 0.591797 0.384766
0 0.998047 0.361328 0.994141 0.365234 0.992188 0.365234 0.990234 0.367188 0.986328 0.367188 0.988281 0.369141 0.986328 0.371094 0.984375 0.371094 0.982422 0.373047 0.980469 0.373047 0.978516 0.375000 0.976562 0.375000 0.974609 0.376953 0.970703 0.376953 0.968750 0.378906 0.964844 0.378906 0.966797 0.378906 0.968750 0.380859 0.968750 0.382812 0.966797 0.384766 0.957031 0.384766 0.955078 0.386719 0.951172 0.382812 0.953125 0.380859 0.960938 0.380859 0.953125 0.380859 0.951172 0.382812 0.941406 0.382812 0.939453 0.380859 0.939453 0.376953 0.937500 0.376953 0.935547 0.375000 0.933594 0.375000 0.931641 0.376953 0.929688 0.375000 0.929688 0.371094 0.927734 0.371094 0.927734 0.375000 0.929688 0.376953 0.925781 0.380859 0.931641 0.380859 0.929688 0.378906 0.931641 0.376953 0.933594 0.376953 0.941406 0.384766 0.949219 0.384766 0.953125 0.388672 0.953125 0.392578 0.955078 0.394531 0.953125 0.396484 0.953125 0.404297 0.951172 0.406250 0.945312 0.406250 0.943359 0.408203 0.939453 0.408203 0.939453 0.410156 0.937500 0.412109 0.931641 0.406250 0.929688 0.408203 0.931641 0.410156 0.929688 0.412109 0.933594 0.408203 0.935547 0.410156 0.935547 0.414062 0.937500 0.416016 0.937500 0.417969 0.939453 0.417969 0.941406 0.419922 0.939453 0.421875 0.939453 0.423828 0.941406 0.425781 0.949219 0.425781 0.951172 0.427734 0.955078 0.427734 0.957031 0.429688 0.957031 0.441406 0.958984 0.441406 0.958984 0.437500 0.957031 0.435547 0.957031 0.431641 0.958984 0.429688 0.960938 0.431641 0.960938 0.433594 0.960938 0.431641 0.957031 0.427734 0.957031 0.417969 0.958984 0.416016 0.960938 0.417969 0.962891 0.417969 0.962891 0.416016 0.958984 0.412109 0.957031 0.414062 0.955078 0.414062 0.953125 0.412109 0.953125 0.406250 0.955078 0.404297 0.955078 0.402344 0.958984 0.398438 0.962891 0.402344 0.960938 0.404297 0.962891 0.406250 0.962891 0.408203 0.968750 0.408203 0.970703 0.406250 0.972656 0.408203 0.974609 0.406250 0.986328 0.406250 0.986328 0.404297 0.988281 0.402344 0.998047 0.402344 0.998047 0.400391 0.996094 0.398438 0.994141 0.398438 0.992188 0.400391 0.986328 0.400391 0.984375 0.398438 0.986328 0.396484 0.986328 0.392578 0.986328 0.394531 0.984375 0.396484 0.980469 0.392578 0.980469 0.388672 0.978516 0.386719 0.978516 0.384766 0.980469 0.382812 0.982422 0.384766 0.984375 0.384766 0.986328 0.386719 0.988281 0.386719 0.990234 0.384766 0.992188 0.384766 0.992188 0.382812 0.998047 0.376953 0.998047 0.371094 0.994141 0.371094 0.992188 0.369141 0.994141 0.367188 0.998047 0.367188
0 0.541016 0.343750 0.539062 0.345703 0.541016 0.347656 0.541016 0.351562 0.539062 0.353516 0.539062 0.355469 0.531250 0.363281 0.529297 0.363281 0.525391 0.367188 0.523438 0.367188 0.523438 0.369141 0.521484 0.371094 0.517578 0.371094 0.515625 0.373047 0.509766 0.367188 0.507812 0.367188 0.505859 0.365234 0.507812 0.363281 0.511719 0.363281 0.513672 0.361328 0.511719 0.363281 0.509766 0.361328 0.507812 0.361328 0.505859 0.363281 0.503906 0.363281 0.501953 0.365234 0.501953 0.369141 0.503906 0.369141 0.507812 0.373047 0.507812 0.375000 0.505859 0.376953 0.507812 0.376953 0.509766 0.375000 0.511719 0.376953 0.513672 0.376953 0.515625 0.378906 0.511719 0.382812 0.507812 0.382812 0.509766 0.384766 0.509766 0.386719 0.507812 0.388672 0.503906 0.388672 0.503906 0.392578 0.505859 0.390625 0.507812 0.392578 0.509766 0.390625 0.511719 0.392578 0.513672 0.392578 0.517578 0.396484 0.519531 0.396484 0.521484 0.398438 0.521484 0.396484 0.523438 0.394531 0.525391 0.396484 0.525391 0.398438 0.529297 0.398438 0.531250 0.400391 0.533203 0.400391 0.535156 0.402344 0.537109 0.402344 0.535156 0.402344 0.533203 0.400391 0.531250 0.400391 0.529297 0.398438 0.531250 0.396484 0.537109 0.396484 0.537109 0.394531 0.539062 0.392578 0.542969 0.396484 0.539062 0.392578 0.537109 0.392578 0.537109 0.394531 0.535156 0.396484 0.531250 0.396484 0.529297 0.398438 0.527344 0.398438 0.525391 0.396484 0.525391 0.394531 0.521484 0.394531 0.519531 0.392578 0.517578 0.392578 0.515625 0.390625 0.515625 0.386719 0.517578 0.384766 0.519531 0.384766 0.519531 0.382812 0.521484 0.380859 0.521484 0.378906 0.523438 0.376953 0.523438 0.375000 0.525391 0.373047 0.527344 0.373047 0.527344 0.371094 0.529297 0.369141 0.529297 0.367188 0.533203 0.363281 0.533203 0.361328 0.546875 0.347656 0.548828 0.347656 0.550781 0.349609 0.548828 0.347656 0.544922 0.347656
0 0.908203 0.337891 0.908203 0.339844 0.906250 0.341797 0.904297 0.341797 0.904297 0.343750 0.902344 0.345703 0.900391 0.345703 0.898438 0.343750 0.898438 0.345703 0.896484 0.347656 0.896484 0.353516 0.890625 0.359375 0.890625 0.363281 0.888672 0.365234 0.890625 0.367188 0.892578 0.367188 0.894531 0.369141 0.894531 0.371094 0.892578 0.373047 0.888672 0.373047 0.886719 0.371094 0.882812 0.371094 0.880859 0.369141 0.878906 0.369141 0.876953 0.367188 0.873047 0.367188 0.871094 0.369141 0.871094 0.371094 0.869141 0.373047 0.871094 0.371094 0.873047 0.373047 0.871094 0.371094 0.871094 0.369141 0.873047 0.367188 0.875000 0.369141 0.876953 0.369141 0.878906 0.371094 0.880859 0.369141 0.882812 0.371094 0.882812 0.375000 0.884766 0.375000 0.886719 0.376953 0.882812 0.380859 0.880859 0.378906 0.878906 0.380859 0.873047 0.380859 0.871094 0.378906 0.871094 0.376953 0.869141 0.378906 0.867188 0.378906 0.869141 0.378906 0.873047 0.382812 0.871094 0.384766 0.869141 0.384766 0.871094 0.384766 0.873047 0.382812 0.876953 0.382812 0.878906 0.384766 0.878906 0.386719 0.880859 0.388672 0.880859 0.390625 0.882812 0.390625 0.884766 0.392578 0.882812 0.394531 0.882812 0.396484 0.884766 0.394531 0.886719 0.394531 0.888672 0.396484 0.888672 0.398438 0.890625 0.400391 0.890625 0.402344 0.888672 0.404297 0.890625 0.402344 0.892578 0.404297 0.894531 0.404297 0.894531 0.402344 0.896484 0.400391 0.890625 0.400391 0.888672 0.398438 0.888672 0.394531 0.890625 0.392578 0.894531 0.392578 0.892578 0.390625 0.892578 0.388672 0.890625 0.386719 0.890625 0.380859 0.894531 0.376953 0.898438 0.376953 0.902344 0.380859 0.904297 0.380859 0.908203 0.384766 0.908203 0.386719 0.910156 0.386719 0.910156 0.384766 0.908203 0.382812 0.908203 0.378906 0.910156 0.376953 0.908203 0.378906 0.906250 0.378906 0.904297 0.376953 0.904297 0.373047 0.906250 0.371094 0.910156 0.371094 0.912109 0.373047 0.916016 0.369141 0.912109 0.365234 0.912109 0.361328 0.916016 0.357422 0.917969 0.359375 0.917969 0.351562 0.914062 0.351562 0.912109 0.349609 0.912109 0.347656 0.910156 0.345703 0.912109 0.343750 0.912109 0.339844 0.910156 0.337891
0 0.228516 0.296875 0.228516 0.304688 0.230469 0.306641 0.230469 0.310547 0.232422 0.312500 0.232422 0.316406 0.234375 0.316406 0.236328 0.318359 0.236328 0.322266 0.238281 0.322266 0.238281 0.318359 0.240234 0.316406 0.242188 0.316406 0.244141 0.318359 0.244141 0.320312 0.242188 0.322266 0.244141 0.322266 0.246094 0.320312 0.248047 0.322266 0.248047 0.302734 0.246094 0.300781 0.242188 0.300781 0.238281 0.296875 0.232422 0.296875 0.232422 0.298828 0.230469 0.300781 0.228516 0.298828
0 0.652344 0.273438 0.650391 0.275391 0.652344 0.277344 0.652344 0.279297 0.648438 0.283203 0.646484 0.283203 0.644531 0.285156 0.642578 0.285156 0.640625 0.283203 0.634766 0.283203 0.634766 0.285156 0.638672 0.285156 0.640625 0.287109 0.640625 0.289062 0.642578 0.289062 0.644531 0.291016 0.644531 0.292969 0.648438 0.296875 0.648438 0.306641 0.650391 0.308594 0.648438 0.310547 0.650391 0.312500 0.650391 0.314453 0.650391 0.312500 0.654297 0.308594 0.656250 0.310547 0.658203 0.310547 0.658203 0.308594 0.660156 0.306641 0.662109 0.306641 0.664062 0.308594 0.664062 0.312500 0.666016 0.312500 0.667969 0.314453 0.666016 0.316406 0.667969 0.318359 0.667969 0.322266 0.666016 0.324219 0.667969 0.324219 0.667969 0.318359 0.666016 0.316406 0.667969 0.314453 0.667969 0.306641 0.669922 0.304688 0.673828 0.304688 0.673828 0.300781 0.671875 0.298828 0.673828 0.296875 0.675781 0.296875 0.679688 0.300781 0.679688 0.302734 0.679688 0.298828 0.681641 0.296875 0.683594 0.298828 0.683594 0.300781 0.685547 0.300781 0.687500 0.302734 0.685547 0.300781 0.685547 0.298828 0.687500 0.296875 0.685547 0.294922 0.685547 0.292969 0.683594 0.292969 0.681641 0.291016 0.681641 0.289062 0.677734 0.289062 0.677734 0.291016 0.673828 0.294922 0.671875 0.294922 0.671875 0.300781 0.673828 0.302734 0.671875 0.304688 0.667969 0.304688 0.666016 0.302734 0.666016 0.300781 0.664062 0.298828 0.664062 0.292969 0.662109 0.291016 0.662109 0.285156 0.660156 0.285156 0.658203 0.283203 0.658203 0.281250 0.656250 0.279297 0.656250 0.275391 0.654297 0.277344 0.652344 0.275391
0 0.765625 0.230469 0.767578 0.232422 0.765625 0.234375 0.763672 0.234375 0.763672 0.236328 0.759766 0.240234 0.759766 0.242188 0.757812 0.244141 0.755859 0.244141 0.753906 0.242188 0.750000 0.246094 0.750000 0.248047 0.748047 0.250000 0.748047 0.253906 0.746094 0.255859 0.744141 0.255859 0.746094 0.255859 0.750000 0.259766 0.748047 0.261719 0.746094 0.261719 0.744141 0.263672 0.742188 0.263672 0.740234 0.265625 0.738281 0.263672 0.736328 0.265625 0.738281 0.265625 0.740234 0.267578 0.734375 0.273438 0.732422 0.273438 0.736328 0.273438 0.738281 0.275391 0.738281 0.277344 0.740234 0.277344 0.742188 0.275391 0.744141 0.275391 0.744141 0.273438 0.742188 0.271484 0.742188 0.269531 0.744141 0.267578 0.744141 0.263672 0.746094 0.261719 0.748047 0.261719 0.750000 0.263672 0.750000 0.267578 0.750000 0.265625 0.751953 0.263672 0.753906 0.263672 0.755859 0.265625 0.753906 0.267578 0.755859 0.269531 0.755859 0.271484 0.753906 0.273438 0.755859 0.275391 0.755859 0.277344 0.753906 0.279297 0.751953 0.279297 0.750000 0.277344 0.748047 0.277344 0.750000 0.279297 0.750000 0.281250 0.751953 0.281250 0.753906 0.283203 0.753906 0.285156 0.763672 0.285156 0.765625 0.287109 0.763672 0.285156 0.763672 0.283203 0.767578 0.279297 0.769531 0.281250 0.769531 0.283203 0.769531 0.281250 0.771484 0.279297 0.771484 0.277344 0.769531 0.279297 0.767578 0.279297 0.765625 0.277344 0.765625 0.275391 0.767578 0.273438 0.769531 0.273438 0.771484 0.271484 0.773438 0.271484 0.775391 0.269531 0.777344 0.271484 0.777344 0.273438 0.779297 0.273438 0.781250 0.275391 0.781250 0.277344 0.781250 0.275391 0.779297 0.273438 0.779297 0.269531 0.777344 0.267578 0.779297 0.265625 0.779297 0.263672 0.781250 0.261719 0.781250 0.259766 0.779297 0.257812 0.779297 0.255859 0.781250 0.253906 0.781250 0.251953 0.783203 0.250000 0.775391 0.250000 0.773438 0.248047 0.773438 0.246094 0.773438 0.250000 0.771484 0.251953 0.769531 0.251953 0.767578 0.250000 0.767578 0.244141 0.769531 0.242188 0.771484 0.242188 0.769531 0.240234 0.767578 0.242188 0.767578 0.244141 0.765625 0.246094 0.765625 0.250000 0.763672 0.251953 0.761719 0.251953 0.761719 0.253906 0.763672 0.253906 0.765625 0.251953 0.771484 0.251953 0.773438 0.250000 0.775391 0.251953 0.775391 0.253906 0.773438 0.255859 0.773438 0.257812 0.777344 0.261719 0.777344 0.265625 0.775391 0.267578 0.773438 0.267578 0.771484 0.265625 0.771484 0.263672 0.769531 0.261719 0.767578 0.261719 0.765625 0.263672 0.765625 0.265625 0.763672 0.267578 0.757812 0.267578 0.750000 0.259766 0.753906 0.255859 0.755859 0.255859 0.751953 0.255859 0.750000 0.253906 0.750000 0.251953 0.751953 0.250000 0.757812 0.250000 0.755859 0.248047 0.755859 0.246094 0.759766 0.242188 0.761719 0.244141 0.761719 0.238281 0.765625 0.234375 0.771484 0.234375 0.775391 0.238281 0.775391 0.240234 0.777344 0.242188 0.777344 0.244141 0.779297 0.242188 0.781250 0.242188 0.783203 0.244141 0.785156 0.244141 0.785156 0.242188 0.783203 0.242188 0.781250 0.240234 0.783203 0.238281 0.789062 0.238281 0.785156 0.238281 0.783203 0.236328 0.781250 0.236328 0.779297 0.234375 0.777344 0.234375 0.775391 0.236328 0.773438 0.236328 0.771484 0.234375 0.769531 0.234375
0 0.593750 0.230469 0.599609 0.236328 0.599609 0.238281 0.597656 0.240234 0.597656 0.242188 0.595703 0.244141 0.593750 0.242188 0.591797 0.244141 0.589844 0.242188 0.587891 0.242188 0.585938 0.244141 0.582031 0.244141 0.580078 0.242188 0.578125 0.242188 0.576172 0.240234 0.578125 0.238281 0.580078 0.238281 0.578125 0.236328 0.578125 0.234375 0.572266 0.234375 0.576172 0.234375 0.578125 0.236328 0.578125 0.238281 0.576172 0.240234 0.574219 0.240234 0.572266 0.242188 0.570312 0.242188 0.566406 0.246094 0.564453 0.246094 0.562500 0.244141 0.564453 0.242188 0.562500 0.240234 0.562500 0.238281 0.564453 0.236328 0.564453 0.234375 0.558594 0.234375 0.556641 0.236328 0.554688 0.234375 0.546875 0.234375 0.542969 0.238281 0.542969 0.248047 0.541016 0.250000 0.539062 0.250000 0.537109 0.251953 0.531250 0.251953 0.529297 0.253906 0.527344 0.251953 0.527344 0.250000 0.525391 0.250000 0.523438 0.248047 0.523438 0.246094 0.521484 0.246094 0.521484 0.248047 0.519531 0.250000 0.517578 0.250000 0.515625 0.251953 0.517578 0.253906 0.517578 0.257812 0.515625 0.259766 0.517578 0.261719 0.517578 0.263672 0.519531 0.263672 0.521484 0.265625 0.519531 0.267578 0.517578 0.267578 0.517578 0.273438 0.521484 0.273438 0.523438 0.275391 0.527344 0.275391 0.529297 0.273438 0.527344 0.271484 0.527344 0.269531 0.531250 0.265625 0.535156 0.265625 0.537109 0.267578 0.537109 0.271484 0.535156 0.273438 0.533203 0.273438 0.533203 0.277344 0.531250 0.279297 0.527344 0.279297 0.525391 0.281250 0.525391 0.283203 0.529297 0.283203 0.531250 0.281250 0.537109 0.281250 0.537109 0.279297 0.539062 0.277344 0.537109 0.275391 0.539062 0.273438 0.539062 0.269531 0.541016 0.267578 0.542969 0.269531 0.542969 0.275391 0.546875 0.279297 0.544922 0.281250 0.544922 0.287109 0.546875 0.289062 0.546875 0.296875 0.548828 0.298828 0.558594 0.298828 0.560547 0.300781 0.562500 0.300781 0.564453 0.298828 0.568359 0.298828 0.570312 0.300781 0.570312 0.302734 0.572266 0.302734 0.576172 0.306641 0.578125 0.306641 0.583984 0.312500 0.585938 0.312500 0.587891 0.314453 0.591797 0.314453 0.593750 0.316406 0.595703 0.316406 0.597656 0.318359 0.597656 0.320312 0.599609 0.320312 0.601562 0.322266 0.603516 0.322266 0.605469 0.320312 0.609375 0.320312 0.609375 0.316406 0.611328 0.314453 0.611328 0.310547 0.609375 0.312500 0.607422 0.312500 0.605469 0.310547 0.605469 0.302734 0.607422 0.300781 0.607422 0.289062 0.603516 0.285156 0.605469 0.287109 0.603516 0.289062 0.603516 0.294922 0.601562 0.296875 0.599609 0.296875 0.597656 0.294922 0.595703 0.294922 0.593750 0.292969 0.595703 0.291016 0.593750 0.289062 0.595703 0.287109 0.593750 0.285156 0.593750 0.283203 0.591797 0.281250 0.591797 0.275391 0.595703 0.271484 0.593750 0.271484 0.589844 0.267578 0.589844 0.265625 0.591797 0.263672 0.591797 0.259766 0.589844 0.257812 0.591797 0.255859 0.595703 0.255859 0.599609 0.259766 0.599609 0.257812 0.597656 0.257812 0.593750 0.253906 0.597656 0.250000 0.601562 0.250000 0.603516 0.251953 0.603516 0.244141 0.605469 0.242188 0.605469 0.234375 0.601562 0.234375 0.599609 0.232422 0.595703 0.232422
0 0.630859 0.218750 0.630859 0.220703 0.628906 0.222656 0.628906 0.226562 0.632812 0.222656 0.634766 0.222656 0.636719 0.224609 0.634766 0.226562 0.634766 0.228516 0.630859 0.232422 0.628906 0.230469 0.628906 0.234375 0.626953 0.236328 0.625000 0.236328 0.625000 0.238281 0.626953 0.240234 0.625000 0.242188 0.623047 0.242188 0.621094 0.244141 0.613281 0.244141 0.613281 0.248047 0.611328 0.250000 0.611328 0.253906 0.613281 0.255859 0.617188 0.255859 0.619141 0.257812 0.617188 0.259766 0.617188 0.261719 0.615234 0.263672 0.613281 0.263672 0.611328 0.261719 0.609375 0.261719 0.609375 0.265625 0.607422 0.267578 0.607422 0.269531 0.609375 0.267578 0.611328 0.267578 0.613281 0.265625 0.615234 0.265625 0.615234 0.263672 0.617188 0.261719 0.621094 0.261719 0.623047 0.263672 0.621094 0.265625 0.625000 0.265625 0.626953 0.263672 0.634766 0.263672 0.632812 0.261719 0.632812 0.259766 0.630859 0.257812 0.628906 0.257812 0.626953 0.255859 0.628906 0.257812 0.628906 0.259766 0.625000 0.263672 0.623047 0.261719 0.619141 0.261719 0.617188 0.259766 0.619141 0.257812 0.619141 0.253906 0.617188 0.251953 0.619141 0.250000 0.626953 0.250000 0.628906 0.248047 0.632812 0.248047 0.632812 0.246094 0.630859 0.244141 0.630859 0.242188 0.628906 0.242188 0.626953 0.240234 0.628906 0.238281 0.628906 0.234375 0.634766 0.228516 0.636719 0.228516 0.638672 0.230469 0.638672 0.232422 0.636719 0.234375 0.636719 0.236328 0.638672 0.236328 0.638672 0.234375 0.640625 0.232422 0.642578 0.232422 0.642578 0.230469 0.640625 0.228516 0.640625 0.226562 0.638672 0.224609 0.638672 0.222656 0.640625 0.220703 0.638672 0.220703 0.636719 0.222656 0.634766 0.220703 0.632812 0.220703
0 0.792969 0.169922 0.792969 0.173828 0.794922 0.175781 0.794922 0.177734 0.800781 0.177734 0.802734 0.179688 0.808594 0.179688 0.812500 0.183594 0.812500 0.185547 0.808594 0.189453 0.802734 0.189453 0.800781 0.187500 0.796875 0.187500 0.794922 0.189453 0.800781 0.189453 0.802734 0.191406 0.802734 0.193359 0.808594 0.193359 0.812500 0.197266 0.812500 0.199219 0.810547 0.201172 0.802734 0.201172 0.802734 0.205078 0.804688 0.205078 0.804688 0.203125 0.806641 0.201172 0.810547 0.205078 0.808594 0.207031 0.808594 0.214844 0.806641 0.216797 0.812500 0.222656 0.812500 0.224609 0.814453 0.224609 0.818359 0.228516 0.818359 0.230469 0.816406 0.232422 0.814453 0.230469 0.812500 0.230469 0.812500 0.232422 0.810547 0.234375 0.810547 0.238281 0.812500 0.236328 0.814453 0.238281 0.816406 0.238281 0.818359 0.236328 0.818359 0.234375 0.820312 0.232422 0.820312 0.228516 0.822266 0.226562 0.824219 0.226562 0.828125 0.230469 0.822266 0.236328 0.822266 0.238281 0.824219 0.238281 0.828125 0.242188 0.830078 0.242188 0.830078 0.240234 0.832031 0.238281 0.832031 0.236328 0.833984 0.234375 0.833984 0.228516 0.835938 0.226562 0.835938 0.224609 0.837891 0.222656 0.837891 0.220703 0.835938 0.218750 0.835938 0.216797 0.833984 0.214844 0.833984 0.212891 0.835938 0.210938 0.837891 0.210938 0.839844 0.212891 0.839844 0.210938 0.841797 0.208984 0.839844 0.210938 0.837891 0.210938 0.833984 0.207031 0.832031 0.207031 0.830078 0.205078 0.830078 0.203125 0.832031 0.201172 0.830078 0.199219 0.830078 0.197266 0.832031 0.195312 0.832031 0.191406 0.830078 0.189453 0.830078 0.175781 0.828125 0.173828 0.826172 0.173828 0.824219 0.171875 0.822266 0.171875 0.824219 0.171875 0.826172 0.173828 0.826172 0.181641 0.822266 0.185547 0.822266 0.187500 0.818359 0.191406 0.816406 0.191406 0.814453 0.193359 0.812500 0.191406 0.812500 0.189453 0.814453 0.187500 0.816406 0.187500 0.816406 0.185547 0.820312 0.181641 0.820312 0.179688 0.818359 0.179688 0.816406 0.177734 0.816406 0.173828 0.814453 0.171875 0.810547 0.171875 0.808594 0.169922 0.806641 0.171875 0.794922 0.171875
0 0.394531 0.121094 0.394531 0.125000 0.392578 0.126953 0.390625 0.126953 0.390625 0.130859 0.390625 0.128906 0.392578 0.126953 0.394531 0.126953 0.396484 0.128906 0.396484 0.134766 0.394531 0.136719 0.394531 0.140625 0.392578 0.142578 0.390625 0.142578 0.388672 0.140625 0.388672 0.144531 0.384766 0.148438 0.380859 0.144531 0.380859 0.146484 0.390625 0.156250 0.390625 0.162109 0.392578 0.162109 0.394531 0.164062 0.396484 0.164062 0.398438 0.162109 0.402344 0.162109 0.406250 0.166016 0.406250 0.167969 0.402344 0.171875 0.400391 0.171875 0.402344 0.173828 0.400391 0.175781 0.398438 0.175781 0.398438 0.179688 0.400391 0.181641 0.400391 0.183594 0.406250 0.183594 0.408203 0.185547 0.410156 0.185547 0.408203 0.183594 0.410156 0.181641 0.414062 0.181641 0.414062 0.146484 0.416016 0.144531 0.417969 0.146484 0.417969 0.154297 0.419922 0.156250 0.417969 0.158203 0.417969 0.162109 0.419922 0.164062 0.419922 0.179688 0.417969 0.181641 0.417969 0.185547 0.416016 0.187500 0.417969 0.187500 0.419922 0.189453 0.437500 0.189453 0.439453 0.187500 0.455078 0.187500 0.457031 0.189453 0.458984 0.189453 0.457031 0.189453 0.455078 0.187500 0.455078 0.185547 0.453125 0.185547 0.451172 0.183594 0.449219 0.183594 0.447266 0.181641 0.445312 0.181641 0.443359 0.179688 0.443359 0.175781 0.441406 0.173828 0.441406 0.169922 0.439453 0.167969 0.439453 0.148438 0.441406 0.146484 0.443359 0.148438 0.443359 0.154297 0.443359 0.148438 0.445312 0.146484 0.455078 0.146484 0.457031 0.144531 0.455078 0.146484 0.453125 0.146484 0.451172 0.144531 0.451172 0.134766 0.449219 0.132812 0.449219 0.128906 0.449219 0.134766 0.447266 0.136719 0.445312 0.136719 0.447266 0.136719 0.449219 0.138672 0.449219 0.144531 0.447266 0.146484 0.443359 0.146484 0.441406 0.144531 0.441406 0.138672 0.439453 0.136719 0.439453 0.134766 0.437500 0.136719 0.435547 0.134766 0.431641 0.134766 0.429688 0.132812 0.427734 0.132812 0.425781 0.134766 0.425781 0.136719 0.423828 0.138672 0.425781 0.140625 0.423828 0.142578 0.423828 0.144531 0.421875 0.146484 0.417969 0.146484 0.416016 0.144531 0.416016 0.140625 0.417969 0.138672 0.417969 0.136719 0.419922 0.134766 0.417969 0.132812 0.419922 0.130859 0.421875 0.130859 0.419922 0.128906 0.417969 0.128906 0.416016 0.126953 0.417969 0.125000 0.416016 0.125000 0.414062 0.123047 0.414062 0.121094 0.412109 0.121094 0.412109 0.123047 0.414062 0.125000 0.410156 0.128906 0.406250 0.125000 0.398438 0.125000
0 0.498047 0.115234 0.498047 0.117188 0.492188 0.123047 0.490234 0.123047 0.490234 0.132812 0.492188 0.130859 0.494141 0.130859 0.496094 0.132812 0.496094 0.128906 0.500000 0.125000 0.501953 0.125000 0.505859 0.128906 0.505859 0.132812 0.507812 0.132812 0.509766 0.134766 0.509766 0.136719 0.507812 0.138672 0.505859 0.136719 0.503906 0.138672 0.501953 0.138672 0.500000 0.136719 0.496094 0.136719 0.492188 0.140625 0.490234 0.138672 0.490234 0.136719 0.490234 0.148438 0.492188 0.146484 0.494141 0.146484 0.496094 0.148438 0.503906 0.148438 0.505859 0.150391 0.507812 0.150391 0.509766 0.148438 0.513672 0.148438 0.509766 0.148438 0.507812 0.146484 0.507812 0.144531 0.509766 0.142578 0.509766 0.134766 0.507812 0.132812 0.507812 0.126953 0.511719 0.123047 0.513672 0.123047 0.515625 0.121094 0.517578 0.123047 0.521484 0.123047 0.521484 0.119141 0.523438 0.117188 0.521484 0.117188 0.519531 0.119141 0.517578 0.119141 0.515625 0.117188 0.511719 0.117188 0.509766 0.115234
0 0.601562 0.087891 0.599609 0.089844 0.587891 0.089844 0.595703 0.089844 0.597656 0.091797 0.599609 0.091797 0.599609 0.089844 0.601562 0.087891 0.603516 0.089844 0.607422 0.089844 0.609375 0.091797 0.607422 0.093750 0.605469 0.093750 0.603516 0.095703 0.601562 0.095703 0.601562 0.101562 0.599609 0.103516 0.599609 0.105469 0.597656 0.107422 0.593750 0.107422 0.591797 0.105469 0.591797 0.103516 0.591797 0.107422 0.589844 0.109375 0.587891 0.109375 0.587891 0.111328 0.585938 0.113281 0.585938 0.115234 0.583984 0.117188 0.582031 0.117188 0.580078 0.115234 0.578125 0.115234 0.572266 0.109375 0.570312 0.109375 0.570312 0.115234 0.572266 0.117188 0.570312 0.119141 0.564453 0.119141 0.562500 0.117188 0.554688 0.117188 0.558594 0.117188 0.560547 0.119141 0.568359 0.119141 0.570312 0.121094 0.570312 0.123047 0.572266 0.125000 0.576172 0.121094 0.578125 0.123047 0.582031 0.123047 0.583984 0.125000 0.585938 0.125000 0.587891 0.126953 0.593750 0.126953 0.595703 0.128906 0.593750 0.130859 0.595703 0.132812 0.593750 0.134766 0.591797 0.134766 0.593750 0.134766 0.595703 0.136719 0.595703 0.132812 0.599609 0.128906 0.601562 0.128906 0.605469 0.125000 0.607422 0.125000 0.611328 0.121094 0.615234 0.125000 0.615234 0.128906 0.611328 0.132812 0.609375 0.132812 0.607422 0.134766 0.605469 0.134766 0.603516 0.136719 0.603516 0.138672 0.605469 0.140625 0.607422 0.140625 0.609375 0.138672 0.611328 0.138672 0.617188 0.132812 0.619141 0.132812 0.623047 0.136719 0.623047 0.138672 0.621094 0.140625 0.619141 0.140625 0.615234 0.144531 0.613281 0.144531 0.611328 0.146484 0.609375 0.146484 0.611328 0.148438 0.611328 0.150391 0.613281 0.152344 0.613281 0.154297 0.611328 0.156250 0.609375 0.156250 0.611328 0.156250 0.613281 0.154297 0.615234 0.154297 0.615234 0.152344 0.617188 0.150391 0.619141 0.152344 0.619141 0.158203 0.617188 0.160156 0.613281 0.160156 0.613281 0.162109 0.615234 0.164062 0.615234 0.169922 0.617188 0.169922 0.615234 0.167969 0.615234 0.164062 0.617188 0.162109 0.621094 0.162109 0.625000 0.166016 0.623047 0.164062 0.623047 0.162109 0.621094 0.160156 0.621094 0.158203 0.623047 0.156250 0.623047 0.150391 0.621094 0.148438 0.621094 0.146484 0.623047 0.144531 0.626953 0.148438 0.626953 0.152344 0.628906 0.150391 0.630859 0.150391 0.632812 0.148438 0.636719 0.148438 0.638672 0.146484 0.638672 0.142578 0.640625 0.140625 0.642578 0.140625 0.644531 0.142578 0.644531 0.144531 0.646484 0.144531 0.642578 0.140625 0.642578 0.138672 0.640625 0.136719 0.640625 0.130859 0.638672 0.128906 0.640625 0.126953 0.638672 0.125000 0.638672 0.119141 0.636719 0.117188 0.634766 0.117188 0.630859 0.113281 0.630859 0.109375 0.628906 0.109375 0.625000 0.105469 0.625000 0.103516 0.621094 0.099609 0.621094 0.097656 0.621094 0.099609 0.619141 0.101562 0.615234 0.097656 0.615234 0.093750 0.613281 0.093750 0.611328 0.091797 0.611328 0.089844 0.609375 0.089844 0.607422 0.087891
0 0.695312 0.080078 0.695312 0.082031 0.693359 0.083984 0.693359 0.087891 0.697266 0.083984 0.699219 0.085938 0.699219 0.089844 0.701172 0.087891 0.701172 0.085938 0.703125 0.083984 0.705078 0.085938 0.705078 0.087891 0.707031 0.089844 0.707031 0.091797 0.708984 0.093750 0.712891 0.089844 0.714844 0.091797 0.714844 0.093750 0.710938 0.097656 0.707031 0.097656 0.705078 0.099609 0.701172 0.095703 0.701172 0.099609 0.703125 0.101562 0.701172 0.103516 0.699219 0.103516 0.697266 0.101562 0.697266 0.099609 0.697266 0.105469 0.701172 0.105469 0.701172 0.103516 0.707031 0.097656 0.710938 0.097656 0.712891 0.095703 0.716797 0.095703 0.718750 0.097656 0.716797 0.099609 0.716797 0.107422 0.712891 0.111328 0.708984 0.111328 0.707031 0.113281 0.705078 0.113281 0.707031 0.113281 0.708984 0.111328 0.710938 0.113281 0.710938 0.115234 0.708984 0.117188 0.710938 0.117188 0.712891 0.119141 0.712891 0.121094 0.716797 0.121094 0.716797 0.119141 0.712891 0.115234 0.714844 0.113281 0.720703 0.113281 0.722656 0.115234 0.720703 0.117188 0.720703 0.119141 0.724609 0.119141 0.726562 0.121094 0.726562 0.123047 0.724609 0.125000 0.722656 0.125000 0.722656 0.126953 0.724609 0.126953 0.728516 0.123047 0.730469 0.123047 0.730469 0.115234 0.728516 0.115234 0.726562 0.113281 0.726562 0.107422 0.724609 0.109375 0.722656 0.107422 0.722656 0.103516 0.724609 0.101562 0.728516 0.101562 0.728516 0.093750 0.724609 0.093750 0.722656 0.091797 0.722656 0.087891 0.720703 0.087891 0.718750 0.085938 0.718750 0.083984 0.716797 0.082031 0.712891 0.082031 0.710938 0.080078 0.707031 0.083984 0.701172 0.083984 0.699219 0.085938 0.695312 0.082031 0.697266 0.080078
0 0.300781 0.072266 0.300781 0.076172 0.298828 0.078125 0.298828 0.080078 0.294922 0.083984 0.292969 0.083984 0.292969 0.085938 0.291016 0.087891 0.289062 0.085938 0.287109 0.085938 0.285156 0.083984 0.285156 0.082031 0.281250 0.085938 0.279297 0.083984 0.277344 0.083984 0.275391 0.085938 0.273438 0.083984 0.269531 0.083984 0.267578 0.082031 0.267578 0.074219 0.265625 0.076172 0.267578 0.078125 0.263672 0.082031 0.265625 0.083984 0.263672 0.085938 0.263672 0.089844 0.261719 0.091797 0.259766 0.091797 0.259766 0.093750 0.257812 0.095703 0.253906 0.095703 0.251953 0.097656 0.250000 0.097656 0.248047 0.095703 0.248047 0.097656 0.246094 0.099609 0.242188 0.099609 0.238281 0.103516 0.238281 0.109375 0.255859 0.126953 0.255859 0.128906 0.257812 0.130859 0.257812 0.132812 0.259766 0.132812 0.265625 0.126953 0.267578 0.126953 0.273438 0.121094 0.271484 0.121094 0.269531 0.123047 0.267578 0.123047 0.265625 0.125000 0.263672 0.125000 0.261719 0.123047 0.261719 0.121094 0.263672 0.119141 0.261719 0.117188 0.263672 0.115234 0.261719 0.117188 0.255859 0.117188 0.253906 0.115234 0.259766 0.109375 0.265625 0.109375 0.267578 0.111328 0.267578 0.115234 0.271484 0.115234 0.271484 0.113281 0.269531 0.111328 0.269531 0.109375 0.271484 0.107422 0.273438 0.109375 0.277344 0.109375 0.273438 0.105469 0.273438 0.103516 0.267578 0.097656 0.269531 0.095703 0.271484 0.095703 0.269531 0.095703 0.267578 0.093750 0.265625 0.093750 0.263672 0.091797 0.263672 0.085938 0.265625 0.083984 0.267578 0.085938 0.267578 0.087891 0.269531 0.085938 0.271484 0.085938 0.275391 0.089844 0.281250 0.089844 0.279297 0.087891 0.281250 0.085938 0.283203 0.085938 0.285156 0.087891 0.287109 0.087891 0.289062 0.089844 0.291016 0.089844 0.292969 0.091797 0.292969 0.093750 0.298828 0.093750 0.300781 0.095703 0.300781 0.091797 0.302734 0.089844 0.304688 0.089844 0.308594 0.085938 0.310547 0.087891 0.312500 0.087891 0.316406 0.091797 0.318359 0.089844 0.320312 0.089844 0.322266 0.091797 0.322266 0.089844 0.320312 0.089844 0.318359 0.087891 0.316406 0.087891 0.312500 0.083984 0.308594 0.083984 0.308594 0.085938 0.306641 0.087891 0.304688 0.085938 0.302734 0.085938 0.300781 0.083984 0.300781 0.082031 0.302734 0.080078 0.306641 0.080078 0.306641 0.078125 0.304688 0.076172 0.306641 0.074219 0.310547 0.074219 0.308594 0.074219 0.306641 0.072266 0.304688 0.074219 0.302734 0.074219
0 0.535156 0.054688 0.533203 0.056641 0.535156 0.058594 0.533203 0.060547 0.531250 0.060547 0.531250 0.062500 0.535156 0.066406 0.535156 0.072266 0.535156 0.066406 0.537109 0.064453 0.539062 0.066406 0.539062 0.078125 0.537109 0.080078 0.535156 0.078125 0.535156 0.076172 0.533203 0.078125 0.533203 0.080078 0.535156 0.082031 0.537109 0.080078 0.541016 0.083984 0.541016 0.095703 0.542969 0.095703 0.544922 0.093750 0.544922 0.091797 0.542969 0.089844 0.544922 0.087891 0.548828 0.087891 0.550781 0.089844 0.548828 0.087891 0.550781 0.085938 0.552734 0.085938 0.554688 0.083984 0.556641 0.083984 0.558594 0.085938 0.560547 0.085938 0.560547 0.083984 0.558594 0.083984 0.556641 0.082031 0.554688 0.082031 0.550781 0.078125 0.550781 0.076172 0.552734 0.074219 0.554688 0.076172 0.556641 0.074219 0.556641 0.070312 0.554688 0.070312 0.554688 0.072266 0.552734 0.074219 0.550781 0.074219 0.548828 0.076172 0.546875 0.076172 0.542969 0.072266 0.542969 0.064453 0.537109 0.064453 0.535156 0.062500 0.535156 0.058594 0.537109 0.056641 0.539062 0.056641 0.541016 0.058594 0.542969 0.056641 0.541016 0.056641 0.539062 0.054688 0.537109 0.056641
0 0.500000 0.042969 0.500000 0.044922 0.498047 0.046875 0.496094 0.046875 0.494141 0.048828 0.490234 0.048828 0.488281 0.046875 0.486328 0.046875 0.488281 0.046875 0.490234 0.048828 0.484375 0.054688 0.484375 0.056641 0.482422 0.058594 0.484375 0.056641 0.486328 0.058594 0.486328 0.060547 0.484375 0.062500 0.478516 0.062500 0.476562 0.060547 0.478516 0.058594 0.476562 0.058594 0.476562 0.064453 0.474609 0.066406 0.468750 0.066406 0.468750 0.070312 0.470703 0.068359 0.472656 0.068359 0.474609 0.070312 0.474609 0.072266 0.472656 0.074219 0.474609 0.074219 0.476562 0.076172 0.472656 0.080078 0.468750 0.076172 0.468750 0.080078 0.470703 0.080078 0.472656 0.082031 0.472656 0.083984 0.476562 0.083984 0.484375 0.076172 0.490234 0.082031 0.488281 0.083984 0.490234 0.085938 0.490234 0.089844 0.488281 0.091797 0.490234 0.091797 0.490234 0.083984 0.492188 0.082031 0.494141 0.082031 0.496094 0.083984 0.494141 0.085938 0.500000 0.091797 0.500000 0.105469 0.498047 0.107422 0.500000 0.109375 0.503906 0.109375 0.503906 0.107422 0.501953 0.105469 0.501953 0.101562 0.500000 0.099609 0.500000 0.095703 0.501953 0.093750 0.500000 0.091797 0.501953 0.089844 0.503906 0.089844 0.501953 0.087891 0.501953 0.085938 0.500000 0.083984 0.500000 0.076172 0.498047 0.074219 0.500000 0.072266 0.498047 0.074219 0.498047 0.078125 0.500000 0.080078 0.498047 0.082031 0.492188 0.082031 0.488281 0.078125 0.488281 0.076172 0.486328 0.078125 0.484375 0.076172 0.482422 0.078125 0.478516 0.078125 0.476562 0.076172 0.476562 0.074219 0.478516 0.072266 0.478516 0.068359 0.476562 0.066406 0.476562 0.064453 0.478516 0.062500 0.482422 0.062500 0.484375 0.064453 0.482422 0.066406 0.486328 0.062500 0.488281 0.062500 0.490234 0.064453 0.488281 0.066406 0.490234 0.066406 0.492188 0.064453 0.494141 0.066406 0.494141 0.068359 0.500000 0.068359 0.501953 0.066406 0.501953 0.054688 0.500000 0.054688 0.498047 0.052734 0.494141 0.052734 0.492188 0.050781 0.494141 0.048828 0.501953 0.048828 0.500000 0.046875
0 0.755859 0.015625 0.757812 0.017578 0.757812 0.019531 0.751953 0.025391 0.753906 0.025391 0.755859 0.023438 0.757812 0.023438 0.759766 0.025391 0.759766 0.027344 0.755859 0.031250 0.751953 0.031250 0.750000 0.033203 0.748047 0.033203 0.748047 0.035156 0.746094 0.037109 0.744141 0.035156 0.744141 0.033203 0.742188 0.033203 0.740234 0.031250 0.732422 0.031250 0.730469 0.029297 0.722656 0.029297 0.718750 0.033203 0.718750 0.035156 0.724609 0.035156 0.726562 0.037109 0.726562 0.039062 0.728516 0.041016 0.728516 0.042969 0.726562 0.044922 0.724609 0.042969 0.722656 0.044922 0.720703 0.042969 0.724609 0.046875 0.722656 0.048828 0.722656 0.050781 0.718750 0.054688 0.718750 0.062500 0.720703 0.060547 0.718750 0.058594 0.720703 0.056641 0.722656 0.056641 0.722656 0.054688 0.724609 0.052734 0.728516 0.052734 0.728516 0.041016 0.730469 0.039062 0.730469 0.037109 0.732422 0.035156 0.734375 0.035156 0.734375 0.033203 0.736328 0.031250 0.738281 0.031250 0.740234 0.033203 0.740234 0.037109 0.742188 0.037109 0.744141 0.039062 0.744141 0.041016 0.742188 0.042969 0.744141 0.042969 0.744141 0.039062 0.746094 0.037109 0.748047 0.037109 0.750000 0.035156 0.751953 0.037109 0.755859 0.037109 0.757812 0.039062 0.757812 0.042969 0.755859 0.044922 0.755859 0.046875 0.753906 0.048828 0.746094 0.048828 0.750000 0.052734 0.746094 0.056641 0.744141 0.056641 0.742188 0.054688 0.742188 0.048828 0.740234 0.048828 0.740234 0.058594 0.738281 0.060547 0.732422 0.060547 0.732422 0.064453 0.730469 0.066406 0.728516 0.064453 0.728516 0.062500 0.726562 0.060547 0.728516 0.062500 0.726562 0.064453 0.724609 0.064453 0.726562 0.066406 0.726562 0.070312 0.728516 0.072266 0.726562 0.074219 0.722656 0.074219 0.720703 0.072266 0.718750 0.072266 0.720703 0.072266 0.722656 0.074219 0.720703 0.076172 0.720703 0.078125 0.722656 0.076172 0.724609 0.078125 0.724609 0.080078 0.726562 0.082031 0.724609 0.083984 0.726562 0.082031 0.724609 0.080078 0.724609 0.076172 0.726562 0.074219 0.728516 0.074219 0.732422 0.070312 0.734375 0.070312 0.734375 0.068359 0.736328 0.066406 0.734375 0.064453 0.734375 0.062500 0.736328 0.060547 0.738281 0.060547 0.740234 0.058594 0.742188 0.058594 0.744141 0.060547 0.744141 0.064453 0.746094 0.062500 0.746094 0.060547 0.750000 0.056641 0.751953 0.056641 0.753906 0.058594 0.751953 0.060547 0.751953 0.064453 0.750000 0.066406 0.750000 0.068359 0.748047 0.070312 0.748047 0.072266 0.746094 0.074219 0.746094 0.078125 0.748047 0.078125 0.750000 0.080078 0.753906 0.080078 0.755859 0.078125 0.759766 0.078125 0.759766 0.076172 0.755859 0.076172 0.751953 0.072266 0.751953 0.068359 0.750000 0.066406 0.751953 0.064453 0.757812 0.064453 0.759766 0.066406 0.761719 0.066406 0.761719 0.062500 0.757812 0.058594 0.757812 0.054688 0.753906 0.054688 0.751953 0.052734 0.753906 0.050781 0.753906 0.048828 0.755859 0.046875 0.755859 0.044922 0.759766 0.041016 0.759766 0.037109 0.761719 0.035156 0.761719 0.033203 0.763672 0.031250 0.765625 0.031250 0.765625 0.029297 0.769531 0.025391 0.769531 0.023438 0.767578 0.023438 0.765625 0.021484 0.763672 0.023438 0.761719 0.021484 0.761719 0.019531 0.759766 0.017578 0.757812 0.017578
0 0.529297 0.007812 0.529297 0.011719 0.531250 0.013672 0.531250 0.019531 0.529297 0.021484 0.527344 0.021484 0.525391 0.023438 0.523438 0.021484 0.521484 0.023438 0.519531 0.021484 0.519531 0.017578 0.517578 0.017578 0.515625 0.015625 0.513672 0.015625 0.511719 0.017578 0.507812 0.013672 0.503906 0.017578 0.503906 0.019531 0.501953 0.021484 0.500000 0.021484 0.498047 0.019531 0.498047 0.023438 0.490234 0.031250 0.492188 0.031250 0.494141 0.033203 0.494141 0.037109 0.492188 0.039062 0.494141 0.039062 0.494141 0.031250 0.496094 0.029297 0.498047 0.031250 0.500000 0.029297 0.501953 0.031250 0.503906 0.031250 0.505859 0.029297 0.507812 0.029297 0.509766 0.027344 0.511719 0.029297 0.513672 0.029297 0.513672 0.025391 0.511719 0.025391 0.509766 0.023438 0.509766 0.021484 0.513672 0.017578 0.515625 0.017578 0.517578 0.019531 0.517578 0.021484 0.519531 0.021484 0.521484 0.023438 0.519531 0.025391 0.517578 0.025391 0.519531 0.025391 0.521484 0.027344 0.521484 0.031250 0.529297 0.031250 0.531250 0.033203 0.531250 0.035156 0.527344 0.039062 0.521484 0.039062 0.521484 0.046875 0.525391 0.050781 0.525391 0.052734 0.531250 0.052734 0.531250 0.048828 0.529297 0.046875 0.529297 0.044922 0.531250 0.042969 0.533203 0.042969 0.533203 0.037109 0.531250 0.035156 0.531250 0.033203 0.533203 0.031250 0.537109 0.031250 0.539062 0.033203 0.539062 0.035156 0.537109 0.037109 0.537109 0.039062 0.537109 0.037109 0.539062 0.035156 0.539062 0.027344 0.541016 0.025391 0.541016 0.021484 0.535156 0.015625 0.535156 0.013672 0.533203 0.011719 0.535156 0.009766 0.537109 0.009766 0.535156 0.007812
0 0.345703 0.000000 0.345703 0.003906 0.343750 0.005859 0.341797 0.005859 0.339844 0.007812 0.337891 0.005859 0.335938 0.007812 0.339844 0.007812 0.341797 0.009766 0.343750 0.007812 0.349609 0.013672 0.345703 0.017578 0.347656 0.019531 0.347656 0.023438 0.343750 0.027344 0.345703 0.029297 0.345703 0.031250 0.343750 0.033203 0.339844 0.033203 0.337891 0.031250 0.337891 0.029297 0.339844 0.027344 0.335938 0.027344 0.333984 0.029297 0.333984 0.031250 0.332031 0.033203 0.332031 0.035156 0.330078 0.037109 0.330078 0.039062 0.328125 0.041016 0.326172 0.039062 0.324219 0.039062 0.322266 0.041016 0.322266 0.042969 0.320312 0.044922 0.318359 0.044922 0.318359 0.052734 0.320312 0.054688 0.320312 0.056641 0.318359 0.058594 0.316406 0.058594 0.314453 0.056641 0.318359 0.060547 0.316406 0.062500 0.318359 0.064453 0.322266 0.064453 0.328125 0.070312 0.328125 0.072266 0.330078 0.070312 0.333984 0.070312 0.335938 0.072266 0.333984 0.074219 0.332031 0.074219 0.332031 0.078125 0.330078 0.080078 0.328125 0.078125 0.328125 0.076172 0.326172 0.076172 0.324219 0.074219 0.320312 0.074219 0.318359 0.076172 0.314453 0.076172 0.314453 0.078125 0.316406 0.076172 0.322266 0.076172 0.324219 0.074219 0.326172 0.076172 0.326172 0.078125 0.328125 0.080078 0.326172 0.082031 0.324219 0.082031 0.328125 0.082031 0.330078 0.083984 0.330078 0.085938 0.332031 0.087891 0.330078 0.085938 0.330078 0.082031 0.332031 0.080078 0.333984 0.082031 0.335938 0.080078 0.337891 0.082031 0.339844 0.082031 0.341797 0.080078 0.343750 0.082031 0.343750 0.089844 0.341797 0.091797 0.339844 0.091797 0.337891 0.093750 0.335938 0.091797 0.333984 0.091797 0.335938 0.093750 0.339844 0.093750 0.341797 0.091797 0.343750 0.093750 0.343750 0.101562 0.347656 0.097656 0.349609 0.097656 0.351562 0.099609 0.353516 0.099609 0.355469 0.101562 0.355469 0.099609 0.357422 0.097656 0.359375 0.097656 0.361328 0.099609 0.359375 0.101562 0.361328 0.103516 0.361328 0.105469 0.361328 0.103516 0.363281 0.101562 0.363281 0.097656 0.361328 0.095703 0.361328 0.093750 0.363281 0.091797 0.363281 0.087891 0.365234 0.085938 0.373047 0.085938 0.375000 0.087891 0.373047 0.089844 0.373047 0.091797 0.371094 0.093750 0.376953 0.093750 0.378906 0.091797 0.378906 0.078125 0.380859 0.076172 0.382812 0.076172 0.384766 0.078125 0.384766 0.080078 0.386719 0.080078 0.388672 0.082031 0.384766 0.085938 0.386719 0.087891 0.384766 0.089844 0.384766 0.091797 0.386719 0.089844 0.388672 0.089844 0.390625 0.091797 0.388672 0.089844 0.388672 0.087891 0.390625 0.085938 0.392578 0.085938 0.394531 0.087891 0.394531 0.089844 0.396484 0.089844 0.398438 0.091797 0.400391 0.091797 0.402344 0.093750 0.402344 0.097656 0.400391 0.099609 0.398438 0.097656 0.398438 0.095703 0.396484 0.097656 0.398438 0.097656 0.400391 0.099609 0.396484 0.103516 0.394531 0.103516 0.394531 0.105469 0.396484 0.105469 0.396484 0.103516 0.398438 0.101562 0.400391 0.101562 0.404297 0.097656 0.406250 0.097656 0.406250 0.095703 0.408203 0.093750 0.410156 0.093750 0.414062 0.097656 0.414062 0.099609 0.412109 0.101562 0.416016 0.101562 0.416016 0.099609 0.414062 0.097656 0.414062 0.087891 0.412109 0.085938 0.412109 0.083984 0.414062 0.082031 0.414062 0.080078 0.416016 0.078125 0.417969 0.078125 0.419922 0.076172 0.421875 0.076172 0.423828 0.074219 0.425781 0.074219 0.427734 0.076172 0.427734 0.080078 0.425781 0.082031 0.423828 0.082031 0.425781 0.082031 0.427734 0.080078 0.431641 0.083984 0.431641 0.087891 0.433594 0.089844 0.433594 0.091797 0.431641 0.093750 0.431641 0.101562 0.433594 0.101562 0.433594 0.093750 0.437500 0.089844 0.439453 0.089844 0.441406 0.091797 0.441406 0.089844 0.443359 0.087891 0.445312 0.089844 0.447266 0.089844 0.445312 0.089844 0.443359 0.087891 0.443359 0.085938 0.441406 0.083984 0.443359 0.082031 0.447266 0.082031 0.439453 0.082031 0.439453 0.087891 0.437500 0.089844 0.435547 0.087891 0.433594 0.087891 0.431641 0.085938 0.433594 0.083984 0.431641 0.082031 0.433594 0.080078 0.431641 0.078125 0.431641 0.072266 0.429688 0.070312 0.429688 0.072266 0.427734 0.074219 0.423828 0.070312 0.417969 0.070312 0.416016 0.068359 0.417969 0.066406 0.419922 0.066406 0.421875 0.064453 0.419922 0.062500 0.419922 0.064453 0.417969 0.066406 0.414062 0.066406 0.412109 0.064453 0.414062 0.062500 0.414062 0.060547 0.416016 0.058594 0.417969 0.058594 0.417969 0.054688 0.419922 0.052734 0.423828 0.052734 0.423828 0.044922 0.421875 0.042969 0.417969 0.046875 0.414062 0.042969 0.414062 0.033203 0.412109 0.031250 0.412109 0.029297 0.414062 0.027344 0.417969 0.027344 0.417969 0.025391 0.419922 0.023438 0.423828 0.023438 0.423828 0.021484 0.421875 0.021484 0.419922 0.019531 0.419922 0.015625 0.421875 0.013672 0.416016 0.013672 0.414062 0.011719 0.414062 0.007812 0.416016 0.005859 0.419922 0.005859 0.414062 0.005859 0.412109 0.003906 0.412109 0.001953 0.414062 0.000000 0.406250 0.000000 0.406250 0.013672 0.408203 0.015625 0.406250 0.017578 0.406250 0.025391 0.408203 0.027344 0.404297 0.031250 0.402344 0.031250 0.400391 0.033203 0.398438 0.033203 0.396484 0.031250 0.396484 0.011719 0.398438 0.009766 0.398438 0.003906 0.400391 0.001953 0.398438 0.000000 0.396484 0.001953 0.394531 0.000000 0.365234 0.000000 0.365234 0.007812 0.363281 0.009766 0.357422 0.009766 0.355469 0.011719 0.353516 0.009766 0.353516 0.005859 0.357422 0.001953 0.359375 0.001953 0.359375 0.000000 0.355469 0.003906 0.353516 0.001953 0.353516 0.000000 0.351562 0.001953 0.349609 0.000000
1 0.341797 0.060547 0.339844 0.062500 0.339844 0.068359 0.337891 0.070312 0.337891 0.074219 0.339844 0.076172 0.343750 0.076172 0.345703 0.074219 0.345703 0.068359 0.347656 0.066406 0.347656 0.062500 0.345703 0.060547
1 0.402344 0.003906 0.398438 0.007812 0.398438 0.009766 0.396484 0.011719 0.396484 0.013672 0.394531 0.015625 0.394531 0.023438 0.396484 0.025391 0.396484 0.031250 0.400391 0.035156 0.398438 0.037109 0.398438 0.039062 0.400391 0.041016 0.402344 0.039062 0.404297 0.039062 0.406250 0.037109 0.402344 0.033203 0.404297 0.031250 0.404297 0.029297 0.408203 0.025391 0.406250 0.023438 0.406250 0.019531 0.408203 0.017578 0.408203 0.013672 0.406250 0.011719 0.406250 0.009766 0.408203 0.007812 0.404297 0.003906
2 0.033203 0.886719 0.031250 0.888672 0.031250 0.892578 0.029297 0.894531 0.031250 0.896484 0.027344 0.900391 0.025391 0.900391 0.023438 0.898438 0.019531 0.902344 0.017578 0.902344 0.019531 0.902344 0.021484 0.904297 0.021484 0.906250 0.023438 0.908203 0.023438 0.910156 0.025391 0.912109 0.025391 0.916016 0.027344 0.917969 0.027344 0.919922 0.031250 0.916016 0.033203 0.917969 0.041016 0.917969 0.044922 0.921875 0.046875 0.921875 0.044922 0.919922 0.046875 0.917969 0.044922 0.917969 0.042969 0.916016 0.042969 0.912109 0.044922 0.910156 0.042969 0.908203 0.044922 0.906250 0.044922 0.904297 0.042969 0.902344 0.046875 0.898438 0.048828 0.900391 0.046875 0.898438 0.046875 0.890625 0.044922 0.890625 0.042969 0.888672 0.044922 0.886719 0.042969 0.888672 0.042969 0.894531 0.046875 0.898438 0.039062 0.906250 0.037109 0.904297 0.035156 0.906250 0.033203 0.904297 0.033203 0.900391 0.035156 0.898438 0.037109 0.898438 0.039062 0.900391 0.041016 0.898438 0.039062 0.896484 0.039062 0.890625 0.039062 0.894531 0.033203 0.900391 0.031250 0.898438 0.031250 0.896484 0.033203 0.894531
2 0.986328 0.876953 0.984375 0.878906 0.982422 0.878906 0.984375 0.880859 0.984375 0.882812 0.992188 0.890625 0.992188 0.892578 0.988281 0.896484 0.986328 0.896484 0.984375 0.894531 0.982422 0.896484 0.982422 0.898438 0.986328 0.902344 0.984375 0.904297 0.982422 0.904297 0.982422 0.906250 0.980469 0.908203 0.974609 0.908203 0.974609 0.910156 0.972656 0.912109 0.970703 0.912109 0.972656 0.914062 0.976562 0.914062 0.982422 0.908203 0.984375 0.910156 0.984375 0.914062 0.982422 0.916016 0.982422 0.917969 0.984375 0.919922 0.980469 0.923828 0.978516 0.923828 0.976562 0.921875 0.976562 0.919922 0.976562 0.923828 0.974609 0.925781 0.972656 0.923828 0.972656 0.919922 0.970703 0.919922 0.970703 0.921875 0.968750 0.923828 0.966797 0.921875 0.962891 0.925781 0.964844 0.923828 0.966797 0.925781 0.966797 0.927734 0.964844 0.929688 0.966797 0.931641 0.966797 0.935547 0.964844 0.937500 0.960938 0.933594 0.960938 0.929688 0.958984 0.929688 0.957031 0.931641 0.955078 0.931641 0.955078 0.933594 0.953125 0.935547 0.955078 0.935547 0.957031 0.937500 0.953125 0.941406 0.951172 0.941406 0.949219 0.939453 0.951172 0.941406 0.953125 0.941406 0.957031 0.945312 0.955078 0.947266 0.957031 0.945312 0.958984 0.945312 0.960938 0.947266 0.958984 0.949219 0.960938 0.949219 0.960938 0.947266 0.962891 0.945312 0.964844 0.945312 0.966797 0.943359 0.972656 0.949219 0.970703 0.951172 0.968750 0.951172 0.966797 0.949219 0.964844 0.949219 0.964844 0.951172 0.962891 0.953125 0.957031 0.953125 0.955078 0.955078 0.953125 0.953125 0.953125 0.951172 0.951172 0.953125 0.947266 0.949219 0.951172 0.945312 0.949219 0.947266 0.947266 0.945312 0.943359 0.945312 0.937500 0.951172 0.937500 0.955078 0.939453 0.957031 0.937500 0.958984 0.935547 0.958984 0.933594 0.960938 0.933594 0.962891 0.935547 0.964844 0.933594 0.966797 0.933594 0.968750 0.935547 0.970703 0.937500 0.970703 0.941406 0.974609 0.939453 0.976562 0.937500 0.976562 0.935547 0.978516 0.933594 0.978516 0.931641 0.976562 0.933594 0.974609 0.931641 0.976562 0.931641 0.980469 0.929688 0.982422 0.927734 0.980469 0.927734 0.978516 0.925781 0.976562 0.925781 0.974609 0.929688 0.970703 0.929688 0.966797 0.927734 0.968750 0.925781 0.966797 0.923828 0.968750 0.923828 0.972656 0.925781 0.974609 0.925781 0.976562 0.923828 0.978516 0.921875 0.978516 0.923828 0.978516 0.925781 0.980469 0.925781 0.982422 0.927734 0.984375 0.927734 0.986328 0.929688 0.988281 0.931641 0.986328 0.931641 0.984375 0.937500 0.978516 0.939453 0.980469 0.939453 0.984375 0.937500 0.986328 0.935547 0.986328 0.937500 0.986328 0.939453 0.988281 0.937500 0.990234 0.939453 0.990234 0.943359 0.994141 0.941406 0.996094 0.945312 0.992188 0.949219 0.992188 0.951172 0.994141 0.951172 0.996094 0.949219 0.998047 0.951172 0.996094 0.953125 0.998047 0.951172 0.996094 0.951172 0.994141 0.953125 0.992188 0.955078 0.994141 0.957031 0.994141 0.957031 0.992188 0.958984 0.990234 0.962891 0.994141 0.964844 0.994141 0.966797 0.996094 0.964844 0.998047 0.966797 0.998047 0.966797 0.996094 0.964844 0.994141 0.962891 0.994141 0.960938 0.992188 0.960938 0.990234 0.962891 0.988281 0.960938 0.990234 0.953125 0.990234 0.951172 0.988281 0.951172 0.984375 0.949219 0.984375 0.947266 0.982422 0.945312 0.982422 0.943359 0.984375 0.941406 0.982422 0.941406 0.980469 0.939453 0.980469 0.937500 0.978516 0.941406 0.974609 0.939453 0.972656 0.939453 0.970703 0.937500 0.968750 0.937500 0.966797 0.939453 0.964844 0.947266 0.964844 0.947266 0.958984 0.949219 0.957031 0.949219 0.955078 0.951172 0.953125 0.953125 0.953125 0.955078 0.955078 0.955078 0.957031 0.957031 0.958984 0.960938 0.958984 0.958984 0.957031 0.962891 0.953125 0.964844 0.953125 0.964844 0.951172 0.966797 0.949219 0.968750 0.951172 0.968750 0.955078 0.966797 0.957031 0.964844 0.957031 0.966797 0.958984 0.968750 0.958984 0.970703 0.960938 0.970703 0.964844 0.972656 0.962891 0.972656 0.958984 0.974609 0.957031 0.976562 0.958984 0.978516 0.958984 0.976562 0.957031 0.976562 0.955078 0.978516 0.953125 0.980469 0.953125 0.982422 0.951172 0.984375 0.951172 0.986328 0.949219 0.986328 0.947266 0.990234 0.943359 0.992188 0.943359 0.990234 0.941406 0.994141 0.937500 0.996094 0.937500 0.998047 0.939453 0.992188 0.933594 0.992188 0.931641 0.988281 0.927734 0.992188 0.923828 0.988281 0.919922 0.988281 0.917969 0.990234 0.916016 0.992188 0.916016 0.994141 0.917969 0.994141 0.919922 0.996094 0.921875 0.994141 0.919922 0.996094 0.917969 0.992188 0.914062 0.998047 0.908203 0.998047 0.904297 0.994141 0.904297 0.992188 0.902344 0.992188 0.900391 0.990234 0.898438 0.990234 0.896484 0.992188 0.894531 0.996094 0.898438 0.998047 0.898438 0.998047 0.890625 0.996094 0.888672 0.996094 0.886719 0.994141 0.886719 0.992188 0.884766 0.990234 0.884766 0.984375 0.878906
2 0.445312 0.847656 0.445312 0.851562 0.443359 0.853516 0.441406 0.853516 0.437500 0.857422 0.439453 0.859375 0.439453 0.863281 0.437500 0.865234 0.435547 0.865234 0.437500 0.867188 0.435547 0.869141 0.433594 0.869141 0.435547 0.869141 0.437500 0.871094 0.437500 0.873047 0.435547 0.875000 0.437500 0.875000 0.439453 0.876953 0.439453 0.880859 0.437500 0.882812 0.435547 0.882812 0.437500 0.884766 0.435547 0.886719 0.441406 0.886719 0.445312 0.890625 0.445312 0.894531 0.443359 0.896484 0.441406 0.894531 0.443359 0.896484 0.445312 0.894531 0.447266 0.894531 0.451172 0.898438 0.451172 0.900391 0.449219 0.902344 0.457031 0.902344 0.455078 0.900391 0.457031 0.898438 0.455078 0.896484 0.457031 0.894531 0.458984 0.894531 0.460938 0.896484 0.460938 0.902344 0.462891 0.900391 0.464844 0.900391 0.464844 0.898438 0.460938 0.894531 0.460938 0.890625 0.462891 0.888672 0.464844 0.890625 0.464844 0.892578 0.464844 0.888672 0.460938 0.888672 0.460938 0.892578 0.458984 0.894531 0.455078 0.894531 0.453125 0.892578 0.453125 0.888672 0.455078 0.886719 0.457031 0.888672 0.457031 0.884766 0.458984 0.882812 0.460938 0.884766 0.462891 0.882812 0.464844 0.884766 0.462891 0.882812 0.458984 0.882812 0.457031 0.880859 0.462891 0.875000 0.464844 0.876953 0.464844 0.875000 0.466797 0.873047 0.464844 0.871094 0.464844 0.869141 0.468750 0.865234 0.470703 0.867188 0.470703 0.871094 0.472656 0.873047 0.474609 0.873047 0.476562 0.875000 0.476562 0.876953 0.474609 0.878906 0.472656 0.876953 0.472656 0.878906 0.470703 0.880859 0.470703 0.882812 0.472656 0.884766 0.472656 0.886719 0.470703 0.888672 0.470703 0.894531 0.470703 0.890625 0.472656 0.888672 0.474609 0.890625 0.474609 0.892578 0.474609 0.890625 0.472656 0.888672 0.472656 0.886719 0.474609 0.884766 0.476562 0.886719 0.476562 0.884766 0.478516 0.882812 0.476562 0.882812 0.474609 0.880859 0.474609 0.878906 0.476562 0.876953 0.478516 0.878906 0.480469 0.878906 0.480469 0.876953 0.484375 0.873047 0.482422 0.871094 0.478516 0.871094 0.476562 0.869141 0.478516 0.867188 0.476562 0.867188 0.474609 0.865234 0.472656 0.867188 0.470703 0.865234 0.468750 0.865234 0.460938 0.873047 0.458984 0.871094 0.457031 0.871094 0.453125 0.867188 0.453125 0.865234 0.451172 0.863281 0.445312 0.863281 0.443359 0.861328 0.443359 0.859375 0.445312 0.857422 0.451172 0.857422 0.455078 0.861328 0.457031 0.861328 0.458984 0.863281 0.460938 0.863281 0.458984 0.863281 0.453125 0.857422 0.453125 0.855469 0.457031 0.851562 0.451172 0.851562 0.449219 0.853516 0.447266 0.851562 0.447266 0.847656
2 0.732422 0.796875 0.728516 0.800781 0.728516 0.802734 0.726562 0.804688 0.728516 0.804688 0.728516 0.802734 0.730469 0.800781 0.732422 0.802734 0.734375 0.802734 0.736328 0.800781 0.738281 0.800781 0.740234 0.802734 0.738281 0.804688 0.738281 0.806641 0.734375 0.810547 0.730469 0.810547 0.728516 0.808594 0.726562 0.810547 0.722656 0.806641 0.722656 0.802734 0.722656 0.808594 0.720703 0.810547 0.718750 0.810547 0.720703 0.810547 0.722656 0.812500 0.726562 0.812500 0.728516 0.814453 0.726562 0.816406 0.718750 0.816406 0.714844 0.812500 0.714844 0.808594 0.716797 0.806641 0.714844 0.808594 0.714844 0.814453 0.716797 0.816406 0.716797 0.826172 0.718750 0.828125 0.714844 0.832031 0.712891 0.830078 0.710938 0.832031 0.710938 0.835938 0.714844 0.835938 0.716797 0.833984 0.714844 0.832031 0.716797 0.830078 0.718750 0.830078 0.720703 0.832031 0.720703 0.833984 0.722656 0.833984 0.724609 0.835938 0.722656 0.837891 0.718750 0.837891 0.716797 0.839844 0.714844 0.839844 0.716797 0.841797 0.714844 0.843750 0.712891 0.843750 0.712891 0.845703 0.710938 0.847656 0.708984 0.845703 0.708984 0.843750 0.707031 0.841797 0.708984 0.839844 0.707031 0.837891 0.703125 0.841797 0.701172 0.839844 0.699219 0.839844 0.699219 0.841797 0.697266 0.843750 0.699219 0.845703 0.701172 0.845703 0.699219 0.843750 0.701172 0.841797 0.703125 0.841797 0.705078 0.843750 0.707031 0.841797 0.708984 0.843750 0.708984 0.845703 0.710938 0.847656 0.710938 0.849609 0.712891 0.851562 0.708984 0.855469 0.705078 0.851562 0.703125 0.853516 0.701172 0.851562 0.703125 0.853516 0.707031 0.853516 0.708984 0.855469 0.710938 0.855469 0.712891 0.857422 0.712891 0.859375 0.710938 0.861328 0.708984 0.859375 0.707031 0.859375 0.705078 0.857422 0.703125 0.857422 0.703125 0.859375 0.699219 0.863281 0.699219 0.867188 0.697266 0.869141 0.695312 0.867188 0.693359 0.867188 0.693359 0.871094 0.691406 0.873047 0.687500 0.869141 0.687500 0.867188 0.693359 0.861328 0.695312 0.861328 0.697266 0.859375 0.697266 0.857422 0.699219 0.855469 0.697266 0.855469 0.695312 0.853516 0.695312 0.855469 0.693359 0.857422 0.691406 0.857422 0.689453 0.855469 0.689453 0.853516 0.687500 0.851562 0.691406 0.847656 0.691406 0.845703 0.689453 0.847656 0.687500 0.845703 0.687500 0.843750 0.687500 0.847656 0.689453 0.849609 0.687500 0.851562 0.685547 0.851562 0.687500 0.851562 0.689453 0.853516 0.689453 0.859375 0.687500 0.861328 0.685547 0.859375 0.685547 0.857422 0.681641 0.857422 0.679688 0.855469 0.681641 0.853516 0.679688 0.855469 0.677734 0.855469 0.675781 0.853516 0.675781 0.849609 0.677734 0.847656 0.681641 0.847656 0.677734 0.847656 0.673828 0.851562 0.671875 0.851562 0.667969 0.847656 0.666016 0.847656 0.664062 0.849609 0.660156 0.849609 0.658203 0.851562 0.656250 0.851562 0.656250 0.853516 0.660156 0.849609 0.664062 0.849609 0.666016 0.851562 0.667969 0.849609 0.669922 0.851562 0.669922 0.853516 0.666016 0.857422 0.664062 0.855469 0.662109 0.857422 0.658203 0.857422 0.656250 0.859375 0.658203 0.857422 0.660156 0.859375 0.660156 0.863281 0.658203 0.865234 0.656250 0.863281 0.658203 0.865234 0.658203 0.867188 0.656250 0.869141 0.656250 0.871094 0.658203 0.871094 0.658203 0.865234 0.660156 0.863281 0.667969 0.863281 0.669922 0.865234 0.667969 0.867188 0.666016 0.867188 0.667969 0.867188 0.669922 0.869141 0.669922 0.871094 0.667969 0.873047 0.671875 0.876953 0.667969 0.880859 0.667969 0.882812 0.666016 0.884766 0.664062 0.882812 0.664062 0.880859 0.662109 0.878906 0.662109 0.875000 0.660156 0.875000 0.658203 0.876953 0.656250 0.875000 0.654297 0.875000 0.654297 0.878906 0.650391 0.882812 0.652344 0.880859 0.656250 0.880859 0.654297 0.878906 0.654297 0.876953 0.656250 0.875000 0.660156 0.878906 0.660156 0.880859 0.662109 0.880859 0.666016 0.884766 0.666016 0.886719 0.664062 0.888672 0.660156 0.888672 0.664062 0.888672 0.666016 0.890625 0.666016 0.892578 0.667969 0.894531 0.667969 0.898438 0.667969 0.896484 0.669922 0.894531 0.671875 0.896484 0.671875 0.900391 0.669922 0.902344 0.671875 0.902344 0.673828 0.900391 0.679688 0.900391 0.681641 0.902344 0.679688 0.904297 0.677734 0.904297 0.683594 0.904297 0.685547 0.902344 0.687500 0.904297 0.687500 0.902344 0.683594 0.902344 0.681641 0.900391 0.683594 0.898438 0.687500 0.898438 0.685547 0.896484 0.687500 0.894531 0.687500 0.890625 0.685547 0.888672 0.683594 0.888672 0.683594 0.892578 0.681641 0.894531 0.679688 0.892578 0.679688 0.890625 0.677734 0.890625 0.677734 0.894531 0.683594 0.894531 0.685547 0.896484 0.681641 0.900391 0.679688 0.898438 0.677734 0.900391 0.675781 0.898438 0.673828 0.898438 0.669922 0.894531 0.671875 0.892578 0.671875 0.890625 0.675781 0.886719 0.675781 0.882812 0.677734 0.880859 0.677734 0.871094 0.679688 0.869141 0.681641 0.869141 0.685547 0.865234 0.687500 0.867188 0.687500 0.869141 0.689453 0.871094 0.689453 0.873047 0.691406 0.875000 0.695312 0.871094 0.697266 0.871094 0.699219 0.873047 0.699219 0.875000 0.697266 0.876953 0.701172 0.876953 0.705078 0.880859 0.707031 0.880859 0.708984 0.882812 0.707031 0.884766 0.703125 0.884766 0.699219 0.880859 0.697266 0.880859 0.695312 0.882812 0.693359 0.880859 0.691406 0.880859 0.689453 0.882812 0.691406 0.884766 0.691406 0.892578 0.693359 0.892578 0.695312 0.894531 0.693359 0.896484 0.693359 0.906250 0.695312 0.908203 0.703125 0.908203 0.705078 0.910156 0.701172 0.914062 0.699219 0.912109 0.697266 0.912109 0.699219 0.914062 0.701172 0.914062 0.703125 0.912109 0.705078 0.912109 0.707031 0.914062 0.707031 0.916016 0.707031 0.914062 0.708984 0.912109 0.708984 0.910156 0.710938 0.908203 0.712891 0.910156 0.714844 0.910156 0.716797 0.912109 0.712891 0.916016 0.710938 0.916016 0.710938 0.917969 0.712891 0.919922 0.714844 0.919922 0.716797 0.917969 0.718750 0.919922 0.720703 0.919922 0.720703 0.917969 0.722656 0.916016 0.724609 0.916016 0.722656 0.914062 0.722656 0.916016 0.720703 0.917969 0.718750 0.916016 0.718750 0.912109 0.720703 0.910156 0.724609 0.910156 0.724609 0.908203 0.726562 0.906250 0.728516 0.908203 0.728516 0.910156 0.730469 0.910156 0.732422 0.912109 0.734375 0.912109 0.736328 0.910156 0.738281 0.912109 0.738281 0.914062 0.734375 0.917969 0.732422 0.917969 0.734375 0.917969 0.736328 0.919922 0.734375 0.921875 0.728516 0.921875 0.726562 0.919922 0.728516 0.917969 0.728516 0.914062 0.728516 0.917969 0.724609 0.921875 0.728516 0.921875 0.730469 0.923828 0.728516 0.925781 0.724609 0.925781 0.722656 0.927734 0.720703 0.927734 0.718750 0.929688 0.716797 0.929688 0.714844 0.927734 0.716797 0.925781 0.714844 0.923828 0.712891 0.923828 0.708984 0.927734 0.705078 0.927734 0.705078 0.945312 0.708984 0.945312 0.710938 0.943359 0.712891 0.943359 0.714844 0.945312 0.712891 0.943359 0.712891 0.941406 0.714844 0.939453 0.716797 0.939453 0.716797 0.937500 0.720703 0.933594 0.722656 0.935547 0.722656 0.937500 0.720703 0.939453 0.722656 0.937500 0.726562 0.941406 0.728516 0.941406 0.728516 0.939453 0.724609 0.939453 0.722656 0.937500 0.724609 0.935547 0.726562 0.935547 0.722656 0.935547 0.720703 0.933594 0.722656 0.931641 0.726562 0.931641 0.724609 0.929688 0.724609 0.927734 0.726562 0.925781 0.728516 0.927734 0.730469 0.927734 0.732422 0.929688 0.732422 0.931641 0.730469 0.933594 0.730469 0.935547 0.732422 0.937500 0.738281 0.937500 0.740234 0.935547 0.742188 0.935547 0.742188 0.933594 0.740234 0.931641 0.740234 0.929688 0.738281 0.927734 0.740234 0.925781 0.742188 0.925781 0.746094 0.929688 0.746094 0.939453 0.744141 0.941406 0.751953 0.941406 0.753906 0.939453 0.755859 0.939453 0.759766 0.943359 0.761719 0.943359 0.763672 0.941406 0.761719 0.943359 0.759766 0.943359 0.757812 0.941406 0.757812 0.939453 0.755859 0.939453 0.753906 0.937500 0.755859 0.935547 0.753906 0.933594 0.753906 0.931641 0.755859 0.929688 0.757812 0.931641 0.755859 0.929688 0.755859 0.927734 0.757812 0.925781 0.759766 0.925781 0.759766 0.923828 0.757812 0.923828 0.755859 0.921875 0.757812 0.923828 0.755859 0.925781 0.755859 0.927734 0.753906 0.929688 0.751953 0.927734 0.751953 0.931641 0.750000 0.933594 0.746094 0.929688 0.746094 0.925781 0.744141 0.923828 0.746094 0.921875 0.744141 0.919922 0.746094 0.917969 0.746094 0.916016 0.748047 0.914062 0.748047 0.912109 0.746094 0.910156 0.746094 0.908203 0.744141 0.906250 0.742188 0.906250 0.740234 0.904297 0.740234 0.902344 0.744141 0.898438 0.748047 0.902344 0.748047 0.904297 0.748047 0.902344 0.750000 0.900391 0.748047 0.898438 0.738281 0.898438 0.740234 0.900391 0.740234 0.902344 0.738281 0.904297 0.740234 0.904297 0.742188 0.906250 0.740234 0.908203 0.738281 0.908203 0.736328 0.910156 0.732422 0.910156 0.728516 0.906250 0.724609 0.906250 0.722656 0.904297 0.722656 0.900391 0.722656 0.904297 0.718750 0.908203 0.716797 0.908203 0.714844 0.906250 0.714844 0.904297 0.712891 0.902344 0.714844 0.900391 0.716797 0.900391 0.720703 0.896484 0.718750 0.894531 0.720703 0.892578 0.724609 0.892578 0.724609 0.890625 0.718750 0.890625 0.716797 0.888672 0.716797 0.884766 0.720703 0.880859 0.722656 0.882812 0.726562 0.878906 0.728516 0.880859 0.728516 0.884766 0.726562 0.886719 0.724609 0.886719 0.728516 0.886719 0.730469 0.888672 0.738281 0.888672 0.734375 0.884766 0.732422 0.884766 0.730469 0.886719 0.728516 0.884766 0.728516 0.880859 0.726562 0.878906 0.726562 0.876953 0.728516 0.875000 0.738281 0.875000 0.730469 0.875000 0.728516 0.873047 0.726562 0.873047 0.722656 0.869141 0.726562 0.865234 0.728516 0.867188 0.728516 0.869141 0.730469 0.869141 0.732422 0.871094 0.736328 0.871094 0.734375 0.869141 0.734375 0.867188 0.732422 0.867188 0.730469 0.865234 0.726562 0.865234 0.724609 0.863281 0.722656 0.863281 0.718750 0.859375 0.720703 0.857422 0.718750 0.857422 0.712891 0.851562 0.714844 0.849609 0.716797 0.849609 0.718750 0.851562 0.724609 0.851562 0.726562 0.853516 0.724609 0.855469 0.724609 0.859375 0.728516 0.859375 0.730469 0.861328 0.734375 0.861328 0.738281 0.865234 0.738281 0.863281 0.740234 0.861328 0.740234 0.859375 0.738281 0.861328 0.736328 0.859375 0.736328 0.853516 0.738281 0.851562 0.738281 0.849609 0.734375 0.845703 0.736328 0.843750 0.740234 0.843750 0.742188 0.845703 0.742188 0.841797 0.744141 0.839844 0.750000 0.839844 0.751953 0.841797 0.750000 0.843750 0.748047 0.843750 0.750000 0.843750 0.751953 0.845703 0.751953 0.843750 0.757812 0.837891 0.759766 0.839844 0.765625 0.839844 0.769531 0.843750 0.775391 0.843750 0.769531 0.843750 0.767578 0.841797 0.769531 0.839844 0.773438 0.839844 0.773438 0.837891 0.771484 0.835938 0.773438 0.833984 0.775391 0.833984 0.775391 0.832031 0.777344 0.830078 0.775391 0.830078 0.775391 0.832031 0.773438 0.833984 0.771484 0.832031 0.769531 0.833984 0.765625 0.830078 0.761719 0.830078 0.761719 0.832031 0.763672 0.832031 0.765625 0.833984 0.763672 0.835938 0.759766 0.835938 0.757812 0.837891 0.755859 0.837891 0.753906 0.835938 0.755859 0.833984 0.753906 0.832031 0.753906 0.830078 0.755859 0.828125 0.755859 0.826172 0.753906 0.826172 0.750000 0.822266 0.750000 0.818359 0.748047 0.816406 0.748047 0.812500 0.746094 0.810547 0.750000 0.806641 0.748047 0.804688 0.750000 0.802734 0.748047 0.804688 0.746094 0.802734 0.746094 0.800781 0.744141 0.800781 0.742188 0.798828 0.742188 0.796875 0.740234 0.798828 0.738281 0.798828 0.736328 0.796875
2 0.177734 0.767578 0.177734 0.769531 0.175781 0.771484 0.177734 0.773438 0.173828 0.777344 0.171875 0.777344 0.169922 0.775391 0.171875 0.773438 0.171875 0.771484 0.171875 0.773438 0.169922 0.775391 0.169922 0.779297 0.167969 0.781250 0.167969 0.785156 0.166016 0.787109 0.169922 0.787109 0.173828 0.791016 0.175781 0.789062 0.179688 0.792969 0.179688 0.794922 0.177734 0.796875 0.175781 0.794922 0.171875 0.798828 0.169922 0.796875 0.169922 0.794922 0.167969 0.792969 0.166016 0.792969 0.164062 0.791016 0.164062 0.794922 0.166016 0.796875 0.166016 0.798828 0.164062 0.800781 0.162109 0.798828 0.160156 0.798828 0.158203 0.800781 0.160156 0.802734 0.162109 0.802734 0.164062 0.804688 0.162109 0.806641 0.158203 0.806641 0.164062 0.806641 0.166016 0.804688 0.166016 0.802734 0.164062 0.800781 0.166016 0.798828 0.171875 0.798828 0.173828 0.796875 0.177734 0.796875 0.179688 0.794922 0.179688 0.791016 0.181641 0.789062 0.183594 0.789062 0.185547 0.791016 0.183594 0.792969 0.185547 0.792969 0.187500 0.794922 0.185547 0.796875 0.189453 0.796875 0.191406 0.798828 0.191406 0.796875 0.193359 0.794922 0.195312 0.796875 0.199219 0.796875 0.201172 0.794922 0.203125 0.796875 0.203125 0.798828 0.201172 0.800781 0.199219 0.800781 0.201172 0.802734 0.199219 0.804688 0.199219 0.806641 0.201172 0.806641 0.203125 0.804688 0.205078 0.806641 0.205078 0.812500 0.203125 0.814453 0.199219 0.810547 0.197266 0.812500 0.197266 0.814453 0.205078 0.814453 0.207031 0.816406 0.207031 0.820312 0.208984 0.820312 0.208984 0.818359 0.212891 0.814453 0.214844 0.816406 0.214844 0.820312 0.214844 0.816406 0.216797 0.814453 0.216797 0.812500 0.218750 0.810547 0.220703 0.812500 0.220703 0.814453 0.224609 0.814453 0.222656 0.812500 0.220703 0.812500 0.218750 0.810547 0.220703 0.808594 0.224609 0.808594 0.220703 0.804688 0.220703 0.802734 0.222656 0.800781 0.222656 0.798828 0.224609 0.796875 0.226562 0.796875 0.226562 0.794922 0.230469 0.791016 0.234375 0.791016 0.234375 0.789062 0.232422 0.789062 0.230469 0.787109 0.232422 0.789062 0.230469 0.791016 0.228516 0.791016 0.226562 0.789062 0.226562 0.787109 0.224609 0.787109 0.222656 0.789062 0.222656 0.792969 0.224609 0.794922 0.224609 0.796875 0.222656 0.798828 0.216797 0.792969 0.220703 0.796875 0.216797 0.800781 0.214844 0.800781 0.212891 0.802734 0.212891 0.804688 0.214844 0.806641 0.212891 0.808594 0.210938 0.808594 0.208984 0.806641 0.208984 0.804688 0.207031 0.802734 0.208984 0.800781 0.208984 0.798828 0.210938 0.796875 0.214844 0.796875 0.212891 0.796875 0.210938 0.794922 0.210938 0.789062 0.208984 0.787109 0.210938 0.785156 0.208984 0.783203 0.210938 0.781250 0.212891 0.781250 0.214844 0.779297 0.214844 0.777344 0.212891 0.777344 0.212891 0.779297 0.210938 0.781250 0.207031 0.777344 0.207031 0.775391 0.208984 0.773438 0.207031 0.771484 0.207031 0.769531 0.205078 0.769531 0.207031 0.771484 0.207031 0.775391 0.205078 0.777344 0.203125 0.775391 0.203125 0.773438 0.203125 0.775391 0.201172 0.777344 0.201172 0.779297 0.199219 0.781250 0.195312 0.777344 0.195312 0.775391 0.197266 0.773438 0.193359 0.769531 0.191406 0.769531 0.189453 0.771484 0.187500 0.771484 0.185547 0.773438 0.189453 0.773438 0.191406 0.775391 0.191406 0.779297 0.189453 0.781250 0.201172 0.781250 0.203125 0.779297 0.205078 0.781250 0.205078 0.783203 0.207031 0.781250 0.208984 0.783203 0.208984 0.792969 0.207031 0.794922 0.205078 0.792969 0.205078 0.791016 0.201172 0.787109 0.199219 0.789062 0.201172 0.787109 0.203125 0.789062 0.203125 0.791016 0.201172 0.792969 0.201172 0.794922 0.199219 0.796875 0.195312 0.796875 0.193359 0.794922 0.193359 0.792969 0.191406 0.791016 0.193359 0.789062 0.189453 0.785156 0.187500 0.785156 0.185547 0.783203 0.185547 0.781250 0.183594 0.781250 0.181641 0.779297 0.183594 0.777344 0.185547 0.777344 0.181641 0.777344 0.179688 0.775391 0.181641 0.773438 0.179688 0.775391 0.175781 0.771484 0.177734 0.769531
2 0.242188 0.718750 0.238281 0.722656 0.232422 0.722656 0.230469 0.724609 0.232422 0.726562 0.234375 0.726562 0.236328 0.728516 0.236328 0.730469 0.238281 0.730469 0.238281 0.726562 0.242188 0.722656 0.244141 0.724609 0.244141 0.722656 0.246094 0.720703 0.248047 0.722656 0.248047 0.724609 0.250000 0.726562 0.248047 0.728516 0.246094 0.728516 0.248047 0.730469 0.248047 0.732422 0.246094 0.734375 0.244141 0.734375 0.246094 0.736328 0.244141 0.738281 0.242188 0.738281 0.242188 0.740234 0.240234 0.742188 0.236328 0.738281 0.236328 0.736328 0.234375 0.734375 0.232422 0.734375 0.230469 0.736328 0.230469 0.738281 0.234375 0.738281 0.236328 0.740234 0.236328 0.742188 0.238281 0.744141 0.236328 0.746094 0.232422 0.746094 0.230469 0.744141 0.232422 0.746094 0.232422 0.748047 0.228516 0.751953 0.226562 0.750000 0.226562 0.746094 0.226562 0.748047 0.224609 0.750000 0.222656 0.750000 0.220703 0.751953 0.218750 0.750000 0.216797 0.750000 0.214844 0.748047 0.214844 0.746094 0.218750 0.742188 0.220703 0.744141 0.222656 0.744141 0.222656 0.742188 0.224609 0.740234 0.226562 0.740234 0.224609 0.740234 0.222656 0.738281 0.216797 0.738281 0.216797 0.740234 0.218750 0.742188 0.214844 0.746094 0.210938 0.746094 0.210938 0.748047 0.208984 0.750000 0.207031 0.750000 0.205078 0.748047 0.205078 0.746094 0.203125 0.744141 0.203125 0.742188 0.205078 0.740234 0.201172 0.740234 0.203125 0.742188 0.203125 0.744141 0.205078 0.746094 0.205078 0.748047 0.203125 0.750000 0.201172 0.750000 0.199219 0.748047 0.199219 0.746094 0.199219 0.748047 0.201172 0.750000 0.199219 0.751953 0.201172 0.750000 0.203125 0.751953 0.205078 0.750000 0.207031 0.750000 0.208984 0.751953 0.212891 0.751953 0.216797 0.755859 0.214844 0.757812 0.212891 0.757812 0.210938 0.755859 0.210938 0.757812 0.208984 0.759766 0.207031 0.757812 0.205078 0.757812 0.207031 0.757812 0.208984 0.759766 0.208984 0.765625 0.210938 0.767578 0.208984 0.765625 0.208984 0.759766 0.210938 0.757812 0.212891 0.759766 0.212891 0.761719 0.214844 0.759766 0.216797 0.761719 0.216797 0.765625 0.214844 0.767578 0.216797 0.769531 0.214844 0.771484 0.214844 0.773438 0.214844 0.771484 0.216797 0.769531 0.218750 0.771484 0.214844 0.767578 0.216797 0.765625 0.218750 0.765625 0.220703 0.763672 0.222656 0.765625 0.216797 0.759766 0.216797 0.755859 0.214844 0.753906 0.214844 0.751953 0.216797 0.750000 0.222656 0.755859 0.222656 0.757812 0.226562 0.753906 0.228516 0.755859 0.230469 0.753906 0.232422 0.755859 0.232422 0.757812 0.234375 0.757812 0.238281 0.761719 0.248047 0.761719 0.250000 0.763672 0.246094 0.767578 0.246094 0.769531 0.246094 0.767578 0.250000 0.763672 0.251953 0.763672 0.253906 0.761719 0.255859 0.761719 0.259766 0.765625 0.257812 0.763672 0.259766 0.761719 0.259766 0.757812 0.255859 0.753906 0.257812 0.751953 0.259766 0.751953 0.261719 0.753906 0.263672 0.753906 0.265625 0.755859 0.267578 0.755859 0.271484 0.759766 0.271484 0.755859 0.273438 0.753906 0.275391 0.755859 0.275391 0.761719 0.269531 0.767578 0.267578 0.767578 0.265625 0.765625 0.267578 0.763672 0.265625 0.761719 0.265625 0.759766 0.265625 0.763672 0.263672 0.765625 0.265625 0.767578 0.261719 0.771484 0.259766 0.771484 0.257812 0.769531 0.257812 0.773438 0.261719 0.777344 0.259766 0.779297 0.261719 0.781250 0.261719 0.787109 0.263672 0.785156 0.267578 0.789062 0.261719 0.783203 0.261719 0.781250 0.259766 0.779297 0.261719 0.777344 0.259766 0.775391 0.261719 0.773438 0.261719 0.771484 0.263672 0.769531 0.265625 0.769531 0.267578 0.767578 0.269531 0.767578 0.271484 0.769531 0.269531 0.771484 0.271484 0.773438 0.271484 0.777344 0.269531 0.779297 0.267578 0.777344 0.265625 0.777344 0.269531 0.781250 0.269531 0.785156 0.271484 0.785156 0.273438 0.787109 0.273438 0.789062 0.275391 0.787109 0.275391 0.783203 0.277344 0.781250 0.275391 0.779297 0.277344 0.777344 0.277344 0.775391 0.279297 0.773438 0.281250 0.775391 0.281250 0.781250 0.283203 0.781250 0.289062 0.775391 0.292969 0.779297 0.289062 0.783203 0.291016 0.781250 0.294922 0.785156 0.292969 0.787109 0.289062 0.787109 0.292969 0.787109 0.296875 0.791016 0.298828 0.789062 0.300781 0.791016 0.304688 0.791016 0.306641 0.792969 0.306641 0.794922 0.308594 0.792969 0.310547 0.792969 0.312500 0.791016 0.314453 0.792969 0.316406 0.791016 0.318359 0.792969 0.318359 0.789062 0.320312 0.787109 0.326172 0.792969 0.324219 0.794922 0.322266 0.794922 0.320312 0.796875 0.322266 0.798828 0.322266 0.802734 0.320312 0.804688 0.316406 0.800781 0.316406 0.796875 0.314453 0.798828 0.312500 0.796875 0.310547 0.796875 0.310547 0.798828 0.312500 0.798828 0.314453 0.800781 0.316406 0.800781 0.318359 0.802734 0.316406 0.804688 0.320312 0.804688 0.322266 0.802734 0.324219 0.804688 0.324219 0.802734 0.328125 0.798828 0.332031 0.802734 0.332031 0.804688 0.330078 0.806641 0.328125 0.806641 0.326172 0.808594 0.322266 0.808594 0.326172 0.808594 0.328125 0.810547 0.330078 0.810547 0.332031 0.812500 0.332031 0.816406 0.330078 0.818359 0.328125 0.818359 0.328125 0.826172 0.326172 0.828125 0.328125 0.830078 0.328125 0.832031 0.330078 0.833984 0.330078 0.835938 0.332031 0.837891 0.328125 0.841797 0.326172 0.839844 0.324219 0.841797 0.322266 0.839844 0.318359 0.839844 0.316406 0.837891 0.318359 0.839844 0.318359 0.841797 0.316406 0.843750 0.318359 0.843750 0.320312 0.841797 0.322266 0.841797 0.324219 0.843750 0.326172 0.841797 0.330078 0.845703 0.330078 0.847656 0.328125 0.849609 0.326172 0.849609 0.326172 0.851562 0.328125 0.851562 0.330078 0.849609 0.332031 0.851562 0.332031 0.859375 0.333984 0.859375 0.335938 0.857422 0.335938 0.855469 0.333984 0.853516 0.333984 0.851562 0.332031 0.851562 0.330078 0.849609 0.330078 0.845703 0.332031 0.843750 0.333984 0.843750 0.333984 0.835938 0.332031 0.833984 0.335938 0.830078 0.333984 0.828125 0.332031 0.830078 0.328125 0.830078 0.326172 0.828125 0.328125 0.826172 0.330078 0.826172 0.330078 0.822266 0.332031 0.820312 0.333984 0.822266 0.333984 0.824219 0.337891 0.824219 0.339844 0.826172 0.339844 0.828125 0.341797 0.830078 0.343750 0.828125 0.341797 0.830078 0.339844 0.828125 0.339844 0.826172 0.337891 0.824219 0.339844 0.822266 0.349609 0.822266 0.341797 0.822266 0.339844 0.820312 0.339844 0.818359 0.341797 0.816406 0.349609 0.816406 0.351562 0.814453 0.353516 0.816406 0.353516 0.822266 0.359375 0.822266 0.361328 0.824219 0.359375 0.826172 0.361328 0.828125 0.357422 0.832031 0.355469 0.832031 0.353516 0.833984 0.355469 0.835938 0.359375 0.835938 0.361328 0.833984 0.365234 0.833984 0.365234 0.832031 0.359375 0.826172 0.361328 0.824219 0.363281 0.824219 0.363281 0.822266 0.365234 0.820312 0.371094 0.820312 0.371094 0.814453 0.373047 0.812500 0.376953 0.812500 0.378906 0.814453 0.376953 0.816406 0.375000 0.816406 0.375000 0.826172 0.371094 0.830078 0.369141 0.828125 0.369141 0.824219 0.369141 0.828125 0.371094 0.830078 0.373047 0.828125 0.376953 0.828125 0.378906 0.830078 0.376953 0.832031 0.375000 0.832031 0.373047 0.833984 0.369141 0.833984 0.373047 0.833984 0.375000 0.835938 0.376953 0.835938 0.375000 0.835938 0.373047 0.833984 0.375000 0.832031 0.376953 0.832031 0.378906 0.830078 0.378906 0.828125 0.376953 0.826172 0.376953 0.824219 0.378906 0.822266 0.384766 0.828125 0.382812 0.830078 0.386719 0.826172 0.388672 0.828125 0.394531 0.828125 0.396484 0.830078 0.394531 0.832031 0.396484 0.833984 0.394531 0.835938 0.396484 0.837891 0.398438 0.837891 0.400391 0.839844 0.398438 0.841797 0.396484 0.841797 0.398438 0.841797 0.400391 0.843750 0.396484 0.847656 0.396484 0.849609 0.398438 0.851562 0.398438 0.849609 0.400391 0.847656 0.402344 0.849609 0.404297 0.847656 0.406250 0.847656 0.408203 0.849609 0.406250 0.851562 0.408203 0.853516 0.404297 0.857422 0.402344 0.855469 0.400391 0.857422 0.398438 0.857422 0.394531 0.853516 0.392578 0.853516 0.390625 0.855469 0.386719 0.851562 0.386719 0.849609 0.390625 0.845703 0.392578 0.845703 0.392578 0.843750 0.390625 0.841797 0.390625 0.839844 0.388672 0.837891 0.390625 0.835938 0.390625 0.833984 0.388672 0.835938 0.388672 0.839844 0.386719 0.841797 0.388672 0.843750 0.388672 0.845703 0.386719 0.847656 0.384766 0.847656 0.386719 0.849609 0.386719 0.851562 0.388672 0.853516 0.386719 0.855469 0.386719 0.857422 0.388672 0.857422 0.390625 0.855469 0.392578 0.857422 0.394531 0.857422 0.398438 0.861328 0.398438 0.863281 0.396484 0.865234 0.400391 0.869141 0.400391 0.871094 0.404297 0.875000 0.400391 0.878906 0.398438 0.878906 0.400391 0.880859 0.400391 0.882812 0.396484 0.886719 0.394531 0.884766 0.394531 0.882812 0.392578 0.880859 0.392578 0.878906 0.390625 0.878906 0.384766 0.873047 0.384766 0.871094 0.382812 0.871094 0.382812 0.876953 0.378906 0.880859 0.376953 0.878906 0.375000 0.878906 0.373047 0.876953 0.371094 0.876953 0.369141 0.878906 0.371094 0.878906 0.373047 0.880859 0.376953 0.880859 0.380859 0.884766 0.378906 0.886719 0.375000 0.886719 0.375000 0.888672 0.373047 0.890625 0.373047 0.892578 0.375000 0.894531 0.373047 0.896484 0.375000 0.898438 0.375000 0.900391 0.373047 0.902344 0.371094 0.902344 0.373047 0.902344 0.375000 0.904297 0.375000 0.906250 0.373047 0.908203 0.376953 0.908203 0.376953 0.900391 0.378906 0.898438 0.378906 0.896484 0.376953 0.894531 0.375000 0.894531 0.373047 0.892578 0.373047 0.890625 0.375000 0.888672 0.376953 0.888672 0.380859 0.884766 0.382812 0.886719 0.384766 0.886719 0.386719 0.888672 0.384766 0.890625 0.382812 0.890625 0.382812 0.894531 0.384766 0.894531 0.386719 0.892578 0.390625 0.892578 0.390625 0.890625 0.394531 0.886719 0.396484 0.886719 0.398438 0.888672 0.396484 0.890625 0.396484 0.892578 0.394531 0.894531 0.396484 0.896484 0.394531 0.898438 0.396484 0.900391 0.392578 0.904297 0.390625 0.904297 0.388672 0.902344 0.384766 0.902344 0.382812 0.900391 0.382812 0.902344 0.386719 0.902344 0.388672 0.904297 0.398438 0.904297 0.398438 0.902344 0.400391 0.900391 0.398438 0.900391 0.396484 0.898438 0.398438 0.896484 0.396484 0.896484 0.394531 0.894531 0.396484 0.892578 0.396484 0.890625 0.398438 0.888672 0.400391 0.890625 0.400391 0.892578 0.402344 0.894531 0.404297 0.894531 0.402344 0.892578 0.402344 0.888672 0.400391 0.886719 0.400391 0.884766 0.402344 0.882812 0.406250 0.886719 0.404297 0.884766 0.406250 0.882812 0.404297 0.880859 0.406250 0.878906 0.406250 0.876953 0.408203 0.875000 0.410156 0.876953 0.412109 0.875000 0.414062 0.875000 0.416016 0.876953 0.414062 0.878906 0.414062 0.882812 0.416016 0.882812 0.419922 0.886719 0.417969 0.888672 0.419922 0.890625 0.419922 0.898438 0.417969 0.900391 0.416016 0.900391 0.410156 0.906250 0.406250 0.902344 0.406250 0.900391 0.408203 0.898438 0.404297 0.898438 0.406250 0.900391 0.406250 0.902344 0.404297 0.904297 0.402344 0.904297 0.404297 0.906250 0.404297 0.908203 0.402344 0.910156 0.400391 0.908203 0.398438 0.908203 0.398438 0.914062 0.400391 0.912109 0.402344 0.912109 0.404297 0.910156 0.406250 0.910156 0.408203 0.908203 0.410156 0.910156 0.412109 0.910156 0.412109 0.906250 0.414062 0.904297 0.416016 0.906250 0.416016 0.908203 0.421875 0.908203 0.423828 0.910156 0.421875 0.912109 0.423828 0.914062 0.421875 0.916016 0.419922 0.916016 0.419922 0.917969 0.417969 0.919922 0.416016 0.919922 0.414062 0.917969 0.414062 0.916016 0.412109 0.914062 0.410156 0.916016 0.408203 0.916016 0.408203 0.917969 0.406250 0.919922 0.404297 0.917969 0.406250 0.919922 0.406250 0.921875 0.404297 0.923828 0.402344 0.921875 0.396484 0.927734 0.394531 0.927734 0.394531 0.931641 0.392578 0.933594 0.392578 0.935547 0.394531 0.937500 0.392578 0.939453 0.386719 0.939453 0.384766 0.937500 0.386719 0.935547 0.384766 0.933594 0.384766 0.935547 0.382812 0.937500 0.380859 0.937500 0.378906 0.935547 0.378906 0.929688 0.380859 0.927734 0.382812 0.927734 0.384766 0.925781 0.384766 0.923828 0.382812 0.923828 0.382812 0.925781 0.380859 0.927734 0.378906 0.925781 0.378906 0.923828 0.375000 0.923828 0.376953 0.923828 0.378906 0.925781 0.378906 0.927734 0.376953 0.929688 0.371094 0.929688 0.371094 0.935547 0.378906 0.935547 0.380859 0.937500 0.376953 0.941406 0.375000 0.941406 0.373047 0.943359 0.371094 0.941406 0.371094 0.939453 0.365234 0.939453 0.363281 0.937500 0.363281 0.933594 0.363281 0.941406 0.365234 0.943359 0.363281 0.945312 0.355469 0.945312 0.359375 0.945312 0.363281 0.949219 0.361328 0.951172 0.359375 0.951172 0.357422 0.949219 0.357422 0.951172 0.355469 0.953125 0.355469 0.955078 0.357422 0.955078 0.361328 0.958984 0.359375 0.960938 0.357422 0.960938 0.355469 0.958984 0.349609 0.958984 0.345703 0.955078 0.347656 0.953125 0.351562 0.953125 0.351562 0.951172 0.349609 0.949219 0.351562 0.947266 0.347656 0.943359 0.343750 0.943359 0.341797 0.945312 0.337891 0.945312 0.335938 0.943359 0.339844 0.939453 0.341797 0.939453 0.337891 0.939453 0.335938 0.937500 0.337891 0.935547 0.335938 0.937500 0.333984 0.935547 0.332031 0.935547 0.333984 0.935547 0.335938 0.937500 0.333984 0.939453 0.332031 0.939453 0.332031 0.941406 0.330078 0.943359 0.328125 0.941406 0.328125 0.939453 0.326172 0.937500 0.328125 0.935547 0.328125 0.933594 0.324219 0.937500 0.322266 0.935547 0.322266 0.929688 0.320312 0.927734 0.320312 0.923828 0.322266 0.921875 0.324219 0.923828 0.324219 0.925781 0.324219 0.921875 0.326172 0.919922 0.328125 0.921875 0.328125 0.923828 0.330078 0.925781 0.326172 0.929688 0.330078 0.925781 0.332031 0.925781 0.333984 0.927734 0.332031 0.929688 0.332031 0.931641 0.335938 0.931641 0.335938 0.927734 0.337891 0.925781 0.339844 0.927734 0.339844 0.931641 0.341797 0.931641 0.343750 0.929688 0.343750 0.927734 0.347656 0.923828 0.351562 0.927734 0.351562 0.929688 0.351562 0.927734 0.353516 0.925781 0.355469 0.927734 0.353516 0.925781 0.349609 0.925781 0.347656 0.923828 0.347656 0.921875 0.345703 0.921875 0.343750 0.923828 0.341797 0.923828 0.339844 0.925781 0.337891 0.925781 0.335938 0.927734 0.333984 0.927734 0.332031 0.925781 0.337891 0.919922 0.337891 0.914062 0.333984 0.910156 0.339844 0.904297 0.341797 0.904297 0.343750 0.906250 0.343750 0.908203 0.345703 0.910156 0.347656 0.910156 0.349609 0.912109 0.349609 0.914062 0.347656 0.916016 0.345703 0.916016 0.343750 0.914062 0.341797 0.914062 0.341797 0.919922 0.341797 0.917969 0.343750 0.916016 0.347656 0.916016 0.349609 0.914062 0.351562 0.916016 0.351562 0.921875 0.353516 0.921875 0.353516 0.917969 0.355469 0.916016 0.357422 0.917969 0.357422 0.916016 0.359375 0.914062 0.361328 0.916016 0.359375 0.914062 0.359375 0.912109 0.361328 0.910156 0.361328 0.906250 0.365234 0.902344 0.367188 0.904297 0.367188 0.902344 0.365234 0.900391 0.365234 0.898438 0.363281 0.896484 0.363281 0.894531 0.365234 0.892578 0.365234 0.890625 0.361328 0.890625 0.361328 0.892578 0.359375 0.894531 0.361328 0.896484 0.361328 0.898438 0.365234 0.902344 0.361328 0.906250 0.357422 0.906250 0.355469 0.904297 0.349609 0.904297 0.349609 0.906250 0.351562 0.904297 0.355469 0.904297 0.359375 0.908203 0.355469 0.912109 0.353516 0.912109 0.351562 0.910156 0.353516 0.908203 0.349609 0.912109 0.347656 0.910156 0.345703 0.910156 0.343750 0.908203 0.345703 0.906250 0.343750 0.904297 0.343750 0.900391 0.345703 0.898438 0.347656 0.898438 0.349609 0.900391 0.351562 0.898438 0.353516 0.900391 0.353516 0.898438 0.351562 0.896484 0.347656 0.896484 0.345703 0.894531 0.347656 0.892578 0.351562 0.892578 0.351562 0.888672 0.353516 0.886719 0.353516 0.884766 0.349609 0.884766 0.347656 0.886719 0.345703 0.884766 0.345703 0.876953 0.347656 0.875000 0.349609 0.876953 0.351562 0.875000 0.353516 0.876953 0.353516 0.880859 0.355469 0.880859 0.357422 0.882812 0.357422 0.884766 0.357422 0.882812 0.355469 0.880859 0.357422 0.878906 0.357422 0.875000 0.355469 0.873047 0.357422 0.871094 0.355469 0.873047 0.353516 0.873047 0.351562 0.871094 0.355469 0.867188 0.355469 0.865234 0.353516 0.863281 0.355469 0.861328 0.355469 0.859375 0.351562 0.855469 0.349609 0.857422 0.349609 0.863281 0.351562 0.865234 0.349609 0.867188 0.351562 0.867188 0.353516 0.869141 0.351562 0.871094 0.349609 0.871094 0.349609 0.873047 0.347656 0.875000 0.345703 0.873047 0.345703 0.878906 0.341797 0.882812 0.339844 0.880859 0.339844 0.884766 0.337891 0.886719 0.335938 0.886719 0.333984 0.884766 0.333984 0.880859 0.337891 0.876953 0.341797 0.876953 0.339844 0.876953 0.337891 0.875000 0.339844 0.873047 0.341797 0.873047 0.339844 0.871094 0.339844 0.865234 0.335938 0.865234 0.335938 0.867188 0.337891 0.869141 0.337891 0.876953 0.335938 0.878906 0.333984 0.876953 0.330078 0.876953 0.328125 0.875000 0.332031 0.871094 0.333984 0.871094 0.330078 0.867188 0.332031 0.865234 0.330078 0.865234 0.330078 0.867188 0.328125 0.869141 0.324219 0.869141 0.324219 0.871094 0.326172 0.873047 0.326172 0.875000 0.324219 0.876953 0.322266 0.875000 0.320312 0.876953 0.318359 0.875000 0.318359 0.873047 0.320312 0.871094 0.318359 0.873047 0.316406 0.871094 0.316406 0.873047 0.320312 0.876953 0.318359 0.878906 0.314453 0.878906 0.310547 0.875000 0.308594 0.876953 0.302734 0.876953 0.300781 0.875000 0.300781 0.871094 0.302734 0.869141 0.304688 0.869141 0.304688 0.867188 0.306641 0.865234 0.308594 0.867188 0.310547 0.867188 0.312500 0.865234 0.310547 0.867188 0.308594 0.867188 0.306641 0.865234 0.308594 0.863281 0.306641 0.865234 0.298828 0.865234 0.298828 0.867188 0.292969 0.873047 0.292969 0.875000 0.296875 0.875000 0.298828 0.876953 0.296875 0.878906 0.294922 0.878906 0.294922 0.880859 0.292969 0.882812 0.289062 0.878906 0.289062 0.880859 0.287109 0.882812 0.285156 0.880859 0.285156 0.876953 0.287109 0.875000 0.287109 0.873047 0.289062 0.871094 0.285156 0.875000 0.283203 0.873047 0.285156 0.875000 0.283203 0.876953 0.281250 0.876953 0.277344 0.880859 0.275391 0.880859 0.277344 0.882812 0.277344 0.884766 0.275391 0.886719 0.275391 0.888672 0.277344 0.888672 0.279297 0.890625 0.279297 0.894531 0.277344 0.896484 0.275391 0.894531 0.273438 0.896484 0.269531 0.892578 0.269531 0.890625 0.271484 0.888672 0.267578 0.888672 0.265625 0.886719 0.267578 0.884766 0.269531 0.884766 0.267578 0.884766 0.265625 0.886719 0.267578 0.888672 0.267578 0.892578 0.271484 0.896484 0.273438 0.896484 0.275391 0.898438 0.273438 0.900391 0.273438 0.902344 0.271484 0.904297 0.269531 0.902344 0.269531 0.900391 0.265625 0.896484 0.265625 0.898438 0.261719 0.902344 0.257812 0.898438 0.259766 0.896484 0.259766 0.894531 0.261719 0.892578 0.263672 0.892578 0.263672 0.890625 0.261719 0.890625 0.259766 0.888672 0.261719 0.886719 0.259766 0.888672 0.257812 0.886719 0.257812 0.882812 0.259766 0.880859 0.261719 0.880859 0.257812 0.876953 0.257812 0.873047 0.255859 0.875000 0.253906 0.875000 0.250000 0.871094 0.251953 0.869141 0.250000 0.867188 0.251953 0.865234 0.251953 0.861328 0.248047 0.861328 0.246094 0.863281 0.242188 0.859375 0.242188 0.855469 0.244141 0.853516 0.248047 0.857422 0.251953 0.857422 0.253906 0.855469 0.253906 0.853516 0.251953 0.851562 0.253906 0.849609 0.255859 0.849609 0.257812 0.851562 0.257812 0.853516 0.257812 0.851562 0.255859 0.849609 0.255859 0.847656 0.257812 0.845703 0.259766 0.845703 0.253906 0.845703 0.251953 0.843750 0.251953 0.841797 0.250000 0.839844 0.248047 0.839844 0.242188 0.833984 0.240234 0.833984 0.240234 0.837891 0.242188 0.839844 0.240234 0.841797 0.238281 0.841797 0.234375 0.837891 0.234375 0.835938 0.236328 0.833984 0.236328 0.832031 0.234375 0.833984 0.230469 0.833984 0.230469 0.837891 0.226562 0.841797 0.228516 0.843750 0.226562 0.845703 0.226562 0.847656 0.228516 0.845703 0.230469 0.847656 0.230469 0.849609 0.228516 0.851562 0.226562 0.851562 0.224609 0.853516 0.228516 0.857422 0.228516 0.859375 0.222656 0.865234 0.218750 0.861328 0.220703 0.859375 0.218750 0.857422 0.220703 0.855469 0.218750 0.853516 0.220703 0.851562 0.220703 0.847656 0.218750 0.845703 0.218750 0.843750 0.220703 0.841797 0.222656 0.843750 0.222656 0.841797 0.220703 0.841797 0.218750 0.839844 0.220703 0.837891 0.222656 0.837891 0.220703 0.835938 0.218750 0.835938 0.216797 0.833984 0.216797 0.832031 0.218750 0.830078 0.216797 0.828125 0.214844 0.828125 0.212891 0.830078 0.210938 0.828125 0.208984 0.830078 0.210938 0.828125 0.214844 0.832031 0.212891 0.833984 0.207031 0.833984 0.205078 0.832031 0.203125 0.833984 0.203125 0.835938 0.201172 0.837891 0.199219 0.837891 0.197266 0.839844 0.195312 0.837891 0.195312 0.835938 0.197266 0.833984 0.199219 0.833984 0.191406 0.833984 0.189453 0.832031 0.189453 0.830078 0.187500 0.830078 0.187500 0.832031 0.189453 0.833984 0.187500 0.835938 0.189453 0.837891 0.187500 0.839844 0.185547 0.839844 0.181641 0.835938 0.181641 0.833984 0.179688 0.832031 0.179688 0.830078 0.183594 0.826172 0.185547 0.826172 0.185547 0.824219 0.187500 0.822266 0.189453 0.824219 0.189453 0.826172 0.191406 0.826172 0.191406 0.822266 0.193359 0.820312 0.195312 0.822266 0.195312 0.824219 0.197266 0.826172 0.195312 0.828125 0.199219 0.828125 0.201172 0.830078 0.203125 0.828125 0.201172 0.828125 0.199219 0.826172 0.199219 0.822266 0.197266 0.822266 0.195312 0.820312 0.195312 0.818359 0.191406 0.814453 0.193359 0.812500 0.189453 0.812500 0.187500 0.810547 0.189453 0.808594 0.189453 0.806641 0.189453 0.808594 0.187500 0.810547 0.185547 0.810547 0.183594 0.812500 0.181641 0.810547 0.175781 0.810547 0.173828 0.812500 0.171875 0.810547 0.171875 0.808594 0.173828 0.806641 0.177734 0.806641 0.173828 0.806641 0.171875 0.808594 0.171875 0.810547 0.169922 0.812500 0.166016 0.812500 0.164062 0.814453 0.158203 0.814453 0.156250 0.812500 0.150391 0.812500 0.150391 0.814453 0.152344 0.814453 0.154297 0.812500 0.156250 0.814453 0.156250 0.816406 0.158203 0.818359 0.158203 0.820312 0.160156 0.822266 0.160156 0.826172 0.162109 0.826172 0.164062 0.824219 0.162109 0.822266 0.164062 0.820312 0.164062 0.818359 0.166016 0.816406 0.167969 0.816406 0.169922 0.814453 0.169922 0.812500 0.171875 0.810547 0.173828 0.812500 0.181641 0.812500 0.183594 0.814453 0.183594 0.820312 0.185547 0.822266 0.177734 0.830078 0.175781 0.828125 0.173828 0.828125 0.167969 0.822266 0.171875 0.826172 0.169922 0.828125 0.171875 0.830078 0.169922 0.832031 0.167969 0.832031 0.166016 0.833984 0.164062 0.832031 0.162109 0.833984 0.160156 0.833984 0.158203 0.832031 0.156250 0.832031 0.154297 0.833984 0.154297 0.835938 0.152344 0.837891 0.152344 0.839844 0.148438 0.843750 0.146484 0.843750 0.146484 0.847656 0.148438 0.849609 0.148438 0.851562 0.154297 0.857422 0.154297 0.859375 0.156250 0.857422 0.158203 0.859375 0.164062 0.859375 0.166016 0.861328 0.164062 0.863281 0.166016 0.861328 0.167969 0.863281 0.166016 0.861328 0.167969 0.859375 0.169922 0.859375 0.169922 0.857422 0.171875 0.855469 0.173828 0.857422 0.175781 0.857422 0.177734 0.859375 0.177734 0.863281 0.175781 0.865234 0.179688 0.865234 0.181641 0.867188 0.181641 0.869141 0.179688 0.871094 0.177734 0.871094 0.173828 0.875000 0.169922 0.875000 0.167969 0.873047 0.169922 0.871094 0.166016 0.871094 0.166016 0.873047 0.162109 0.876953 0.158203 0.876953 0.162109 0.876953 0.164062 0.878906 0.164062 0.875000 0.166016 0.873047 0.167969 0.875000 0.169922 0.875000 0.171875 0.876953 0.169922 0.878906 0.167969 0.878906 0.167969 0.884766 0.166016 0.886719 0.167969 0.884766 0.169922 0.884766 0.171875 0.882812 0.175781 0.886719 0.179688 0.886719 0.181641 0.884766 0.185547 0.884766 0.185547 0.882812 0.187500 0.880859 0.189453 0.882812 0.189453 0.886719 0.191406 0.888672 0.191406 0.892578 0.189453 0.894531 0.187500 0.892578 0.187500 0.890625 0.185547 0.888672 0.187500 0.890625 0.187500 0.892578 0.189453 0.894531 0.191406 0.894531 0.193359 0.892578 0.193359 0.888672 0.195312 0.886719 0.203125 0.886719 0.205078 0.888672 0.205078 0.896484 0.203125 0.898438 0.201172 0.896484 0.201172 0.890625 0.199219 0.890625 0.199219 0.894531 0.197266 0.896484 0.199219 0.898438 0.197266 0.900391 0.201172 0.896484 0.203125 0.898438 0.203125 0.900391 0.199219 0.904297 0.197266 0.904297 0.195312 0.906250 0.193359 0.906250 0.201172 0.906250 0.203125 0.908203 0.201172 0.910156 0.203125 0.908203 0.205078 0.910156 0.207031 0.908203 0.208984 0.910156 0.210938 0.908203 0.212891 0.908203 0.218750 0.914062 0.220703 0.912109 0.222656 0.914062 0.222656 0.916016 0.220703 0.917969 0.218750 0.917969 0.216797 0.919922 0.214844 0.919922 0.212891 0.917969 0.210938 0.917969 0.208984 0.916016 0.210938 0.914062 0.212891 0.914062 0.210938 0.914062 0.208984 0.916016 0.207031 0.914062 0.203125 0.914062 0.207031 0.914062 0.210938 0.917969 0.208984 0.919922 0.207031 0.919922 0.205078 0.917969 0.203125 0.919922 0.199219 0.916016 0.197266 0.916016 0.195312 0.917969 0.191406 0.917969 0.191406 0.919922 0.193359 0.921875 0.189453 0.925781 0.187500 0.923828 0.187500 0.921875 0.185547 0.919922 0.187500 0.917969 0.187500 0.914062 0.189453 0.912109 0.191406 0.914062 0.193359 0.914062 0.193359 0.912109 0.191406 0.910156 0.189453 0.910156 0.187500 0.908203 0.189453 0.906250 0.189453 0.904297 0.187500 0.902344 0.189453 0.900391 0.193359 0.900391 0.191406 0.900391 0.189453 0.898438 0.187500 0.900391 0.185547 0.900391 0.181641 0.896484 0.183594 0.894531 0.181641 0.892578 0.181641 0.890625 0.179688 0.890625 0.179688 0.892578 0.177734 0.894531 0.179688 0.896484 0.175781 0.900391 0.171875 0.900391 0.169922 0.898438 0.171875 0.896484 0.173828 0.896484 0.171875 0.894531 0.173828 0.892578 0.173828 0.890625 0.173828 0.892578 0.171875 0.894531 0.169922 0.894531 0.167969 0.892578 0.167969 0.890625 0.169922 0.888672 0.167969 0.890625 0.167969 0.892578 0.166016 0.894531 0.164062 0.894531 0.164062 0.898438 0.162109 0.900391 0.152344 0.900391 0.150391 0.898438 0.150391 0.896484 0.150391 0.898438 0.148438 0.900391 0.148438 0.902344 0.150391 0.902344 0.152344 0.904297 0.152344 0.906250 0.148438 0.910156 0.148438 0.914062 0.146484 0.916016 0.144531 0.914062 0.144531 0.908203 0.142578 0.906250 0.142578 0.902344 0.140625 0.900391 0.140625 0.898438 0.138672 0.896484 0.138672 0.898438 0.136719 0.900391 0.134766 0.900391 0.132812 0.898438 0.132812 0.902344 0.130859 0.904297 0.128906 0.902344 0.128906 0.904297 0.126953 0.906250 0.123047 0.906250 0.121094 0.904297 0.121094 0.900391 0.123047 0.898438 0.125000 0.900391 0.125000 0.894531 0.126953 0.892578 0.128906 0.894531 0.130859 0.892578 0.132812 0.892578 0.134766 0.894531 0.136719 0.892578 0.138672 0.892578 0.138672 0.888672 0.136719 0.888672 0.134766 0.886719 0.134766 0.884766 0.130859 0.884766 0.130859 0.886719 0.132812 0.888672 0.130859 0.890625 0.130859 0.892578 0.128906 0.894531 0.126953 0.892578 0.126953 0.890625 0.125000 0.890625 0.123047 0.888672 0.121094 0.890625 0.119141 0.888672 0.119141 0.886719 0.121094 0.884766 0.119141 0.886719 0.117188 0.886719 0.115234 0.884766 0.119141 0.880859 0.117188 0.880859 0.115234 0.878906 0.117188 0.876953 0.121094 0.876953 0.123047 0.878906 0.119141 0.875000 0.121094 0.873047 0.123047 0.873047 0.125000 0.875000 0.126953 0.875000 0.126953 0.873047 0.128906 0.871094 0.130859 0.873047 0.130859 0.875000 0.132812 0.876953 0.130859 0.878906 0.130859 0.880859 0.136719 0.880859 0.136719 0.878906 0.134766 0.876953 0.132812 0.876953 0.130859 0.875000 0.130859 0.873047 0.132812 0.871094 0.134766 0.873047 0.134766 0.871094 0.136719 0.869141 0.138672 0.871094 0.138672 0.873047 0.140625 0.871094 0.142578 0.871094 0.144531 0.873047 0.148438 0.873047 0.150391 0.875000 0.150391 0.876953 0.152344 0.875000 0.152344 0.873047 0.150391 0.875000 0.148438 0.873047 0.148438 0.871094 0.150391 0.869141 0.152344 0.869141 0.148438 0.869141 0.146484 0.871094 0.144531 0.869141 0.142578 0.869141 0.138672 0.865234 0.140625 0.863281 0.138672 0.863281 0.138672 0.865234 0.136719 0.867188 0.134766 0.865234 0.134766 0.867188 0.136719 0.869141 0.134766 0.871094 0.130859 0.871094 0.128906 0.869141 0.128906 0.867188 0.130859 0.865234 0.125000 0.871094 0.123047 0.869141 0.121094 0.869141 0.123047 0.871094 0.119141 0.875000 0.113281 0.875000 0.111328 0.873047 0.109375 0.873047 0.107422 0.871094 0.107422 0.867188 0.115234 0.859375 0.115234 0.857422 0.117188 0.855469 0.121094 0.859375 0.119141 0.857422 0.121094 0.855469 0.125000 0.855469 0.126953 0.853516 0.128906 0.853516 0.130859 0.851562 0.132812 0.851562 0.134766 0.853516 0.134766 0.855469 0.136719 0.853516 0.132812 0.849609 0.132812 0.847656 0.130859 0.849609 0.128906 0.849609 0.126953 0.851562 0.125000 0.851562 0.119141 0.857422 0.115234 0.853516 0.117188 0.855469 0.115234 0.857422 0.113281 0.857422 0.111328 0.855469 0.111328 0.853516 0.107422 0.853516 0.107422 0.855469 0.109375 0.857422 0.109375 0.859375 0.105469 0.863281 0.105469 0.865234 0.107422 0.867188 0.101562 0.873047 0.099609 0.873047 0.097656 0.875000 0.095703 0.875000 0.095703 0.876953 0.093750 0.878906 0.095703 0.880859 0.095703 0.882812 0.093750 0.884766 0.091797 0.882812 0.085938 0.882812 0.085938 0.884766 0.083984 0.886719 0.082031 0.884766 0.078125 0.884766 0.076172 0.882812 0.078125 0.880859 0.080078 0.880859 0.082031 0.878906 0.083984 0.878906 0.085938 0.876953 0.089844 0.876953 0.085938 0.876953 0.078125 0.869141 0.080078 0.867188 0.082031 0.867188 0.083984 0.869141 0.085938 0.869141 0.085938 0.865234 0.087891 0.863281 0.089844 0.863281 0.089844 0.855469 0.085938 0.855469 0.085938 0.857422 0.087891 0.859375 0.083984 0.863281 0.085938 0.865234 0.085938 0.867188 0.083984 0.869141 0.082031 0.867188 0.080078 0.867188 0.078125 0.869141 0.076172 0.867188 0.074219 0.867188 0.072266 0.865234 0.072266 0.863281 0.074219 0.861328 0.072266 0.861328 0.070312 0.859375 0.070312 0.857422 0.072266 0.855469 0.074219 0.855469 0.080078 0.861328 0.078125 0.859375 0.080078 0.857422 0.082031 0.857422 0.080078 0.855469 0.080078 0.853516 0.082031 0.851562 0.083984 0.851562 0.085938 0.849609 0.083984 0.847656 0.083984 0.845703 0.085938 0.843750 0.091797 0.843750 0.093750 0.845703 0.091797 0.847656 0.093750 0.849609 0.091797 0.851562 0.095703 0.855469 0.095703 0.857422 0.097656 0.857422 0.099609 0.859375 0.099609 0.863281 0.097656 0.865234 0.097656 0.869141 0.099609 0.869141 0.099609 0.867188 0.101562 0.865234 0.101562 0.859375 0.103516 0.857422 0.097656 0.857422 0.095703 0.855469 0.095703 0.853516 0.097656 0.851562 0.099609 0.853516 0.101562 0.851562 0.103516 0.851562 0.103516 0.849609 0.101562 0.847656 0.101562 0.845703 0.103516 0.843750 0.105469 0.845703 0.105469 0.841797 0.103516 0.843750 0.099609 0.839844 0.099609 0.832031 0.097656 0.830078 0.095703 0.830078 0.093750 0.828125 0.095703 0.826172 0.097656 0.826172 0.097656 0.824219 0.095703 0.824219 0.093750 0.822266 0.091797 0.822266 0.089844 0.820312 0.089844 0.818359 0.091797 0.816406 0.091797 0.812500 0.093750 0.810547 0.095703 0.812500 0.095703 0.814453 0.103516 0.814453 0.105469 0.812500 0.107422 0.814453 0.113281 0.814453 0.115234 0.816406 0.113281 0.818359 0.113281 0.822266 0.113281 0.818359 0.115234 0.816406 0.117188 0.818359 0.117188 0.822266 0.119141 0.824219 0.113281 0.830078 0.117188 0.826172 0.119141 0.828125 0.119141 0.830078 0.121094 0.832031 0.121094 0.835938 0.119141 0.837891 0.125000 0.837891 0.126953 0.839844 0.126953 0.837891 0.125000 0.835938 0.126953 0.833984 0.125000 0.833984 0.125000 0.835938 0.123047 0.837891 0.121094 0.835938 0.121094 0.832031 0.123047 0.830078 0.123047 0.828125 0.125000 0.826172 0.125000 0.822266 0.123047 0.824219 0.125000 0.826172 0.123047 0.828125 0.119141 0.828125 0.117188 0.826172 0.119141 0.824219 0.119141 0.822266 0.121094 0.820312 0.121094 0.818359 0.123047 0.816406 0.126953 0.816406 0.128906 0.818359 0.128906 0.820312 0.128906 0.818359 0.130859 0.816406 0.132812 0.818359 0.132812 0.820312 0.134766 0.822266 0.134766 0.824219 0.134766 0.822266 0.136719 0.820312 0.138672 0.820312 0.140625 0.822266 0.140625 0.826172 0.140625 0.822266 0.138672 0.820312 0.138672 0.818359 0.136719 0.818359 0.136719 0.820312 0.134766 0.822266 0.132812 0.820312 0.132812 0.806641 0.132812 0.814453 0.130859 0.816406 0.128906 0.814453 0.128906 0.812500 0.126953 0.812500 0.126953 0.814453 0.125000 0.816406 0.123047 0.816406 0.121094 0.814453 0.123047 0.816406 0.121094 0.818359 0.121094 0.820312 0.119141 0.822266 0.117188 0.820312 0.117188 0.816406 0.115234 0.816406 0.113281 0.814453 0.111328 0.814453 0.109375 0.812500 0.109375 0.810547 0.111328 0.808594 0.113281 0.808594 0.111328 0.806641 0.111328 0.804688 0.109375 0.806641 0.105469 0.802734 0.105469 0.800781 0.107422 0.798828 0.109375 0.798828 0.109375 0.796875 0.105469 0.796875 0.103516 0.794922 0.103516 0.800781 0.105469 0.802734 0.103516 0.804688 0.101562 0.804688 0.097656 0.800781 0.099609 0.802734 0.099609 0.804688 0.101562 0.806641 0.101562 0.808594 0.099609 0.810547 0.095703 0.806641 0.093750 0.806641 0.093750 0.808594 0.091797 0.810547 0.089844 0.808594 0.087891 0.808594 0.085938 0.806641 0.087891 0.808594 0.089844 0.808594 0.091797 0.810547 0.089844 0.812500 0.083984 0.812500 0.080078 0.808594 0.076172 0.808594 0.074219 0.810547 0.072266 0.808594 0.070312 0.808594 0.066406 0.812500 0.064453 0.810547 0.060547 0.810547 0.062500 0.812500 0.062500 0.814453 0.060547 0.816406 0.062500 0.814453 0.064453 0.814453 0.066406 0.812500 0.068359 0.812500 0.070312 0.814453 0.070312 0.820312 0.070312 0.818359 0.072266 0.816406 0.068359 0.812500 0.072266 0.808594 0.074219 0.810547 0.076172 0.808594 0.078125 0.808594 0.080078 0.810547 0.080078 0.812500 0.083984 0.812500 0.085938 0.814453 0.085938 0.816406 0.083984 0.818359 0.082031 0.816406 0.082031 0.820312 0.080078 0.822266 0.083984 0.826172 0.083984 0.822266 0.085938 0.820312 0.089844 0.820312 0.091797 0.822266 0.089844 0.824219 0.087891 0.824219 0.087891 0.828125 0.091797 0.828125 0.093750 0.830078 0.095703 0.830078 0.097656 0.832031 0.095703 0.833984 0.095703 0.835938 0.093750 0.837891 0.091797 0.835938 0.089844 0.837891 0.085938 0.837891 0.083984 0.835938 0.083984 0.833984 0.085938 0.832031 0.083984 0.833984 0.082031 0.832031 0.078125 0.832031 0.082031 0.832031 0.083984 0.833984 0.082031 0.835938 0.083984 0.835938 0.085938 0.837891 0.083984 0.839844 0.076172 0.839844 0.074219 0.837891 0.074219 0.841797 0.076172 0.843750 0.078125 0.843750 0.080078 0.845703 0.076172 0.849609 0.078125 0.851562 0.074219 0.855469 0.070312 0.855469 0.068359 0.853516 0.066406 0.853516 0.064453 0.855469 0.062500 0.853516 0.062500 0.851562 0.064453 0.849609 0.068359 0.849609 0.066406 0.847656 0.068359 0.845703 0.068359 0.843750 0.064453 0.839844 0.064453 0.837891 0.066406 0.835938 0.068359 0.835938 0.066406 0.835938 0.064453 0.833984 0.064453 0.835938 0.062500 0.837891 0.060547 0.837891 0.058594 0.835938 0.060547 0.833984 0.060547 0.832031 0.064453 0.828125 0.064453 0.826172 0.062500 0.826172 0.062500 0.828125 0.060547 0.830078 0.058594 0.828125 0.058594 0.822266 0.056641 0.822266 0.054688 0.820312 0.054688 0.816406 0.054688 0.820312 0.056641 0.822266 0.056641 0.824219 0.058594 0.826172 0.058594 0.828125 0.056641 0.830078 0.056641 0.833984 0.054688 0.835938 0.052734 0.833984 0.052734 0.832031 0.052734 0.833984 0.056641 0.837891 0.054688 0.839844 0.054688 0.841797 0.050781 0.845703 0.050781 0.847656 0.048828 0.849609 0.046875 0.847656 0.046875 0.845703 0.046875 0.849609 0.048828 0.849609 0.050781 0.851562 0.048828 0.849609 0.054688 0.843750 0.056641 0.843750 0.056641 0.841797 0.054688 0.839844 0.056641 0.837891 0.058594 0.837891 0.060547 0.839844 0.060547 0.841797 0.062500 0.839844 0.064453 0.841797 0.064453 0.843750 0.062500 0.845703 0.060547 0.845703 0.058594 0.847656 0.060547 0.845703 0.062500 0.847656 0.062500 0.849609 0.060547 0.851562 0.060547 0.853516 0.062500 0.853516 0.064453 0.855469 0.060547 0.859375 0.058594 0.859375 0.054688 0.863281 0.052734 0.861328 0.052734 0.859375 0.052734 0.863281 0.054688 0.865234 0.052734 0.867188 0.050781 0.867188 0.054688 0.871094 0.050781 0.875000 0.052734 0.875000 0.054688 0.876953 0.052734 0.878906 0.050781 0.878906 0.050781 0.882812 0.048828 0.884766 0.046875 0.882812 0.044922 0.882812 0.046875 0.882812 0.048828 0.884766 0.050781 0.882812 0.052734 0.884766 0.052734 0.886719 0.054688 0.886719 0.056641 0.888672 0.056641 0.892578 0.054688 0.894531 0.052734 0.894531 0.052734 0.896484 0.054688 0.894531 0.058594 0.898438 0.056641 0.900391 0.052734 0.900391 0.060547 0.900391 0.062500 0.902344 0.060547 0.904297 0.056641 0.904297 0.054688 0.906250 0.054688 0.912109 0.052734 0.914062 0.050781 0.912109 0.050781 0.910156 0.050781 0.914062 0.052734 0.916016 0.056641 0.916016 0.058594 0.917969 0.056641 0.919922 0.052734 0.919922 0.052734 0.921875 0.050781 0.923828 0.054688 0.919922 0.058594 0.923828 0.056641 0.925781 0.054688 0.925781 0.054688 0.927734 0.052734 0.929688 0.050781 0.927734 0.052734 0.929688 0.052734 0.931641 0.054688 0.931641 0.056641 0.933594 0.054688 0.935547 0.056641 0.937500 0.056641 0.939453 0.054688 0.941406 0.048828 0.935547 0.048828 0.931641 0.046875 0.929688 0.044922 0.931641 0.046875 0.933594 0.044922 0.935547 0.039062 0.935547 0.037109 0.933594 0.039062 0.931641 0.037109 0.931641 0.037109 0.933594 0.035156 0.935547 0.033203 0.935547 0.033203 0.937500 0.031250 0.939453 0.029297 0.937500 0.033203 0.941406 0.031250 0.939453 0.033203 0.937500 0.037109 0.937500 0.039062 0.939453 0.041016 0.939453 0.042969 0.941406 0.042969 0.945312 0.041016 0.947266 0.042969 0.949219 0.042969 0.951172 0.044922 0.951172 0.044922 0.945312 0.046875 0.943359 0.048828 0.945312 0.048828 0.953125 0.046875 0.955078 0.048828 0.955078 0.048828 0.949219 0.050781 0.947266 0.050781 0.945312 0.048828 0.945312 0.046875 0.943359 0.048828 0.941406 0.050781 0.941406 0.052734 0.939453 0.054688 0.941406 0.056641 0.939453 0.058594 0.939453 0.060547 0.941406 0.056641 0.945312 0.056641 0.949219 0.054688 0.951172 0.056641 0.953125 0.054688 0.955078 0.054688 0.957031 0.058594 0.957031 0.060547 0.958984 0.058594 0.960938 0.058594 0.962891 0.058594 0.960938 0.060547 0.958984 0.062500 0.960938 0.062500 0.964844 0.064453 0.966797 0.064453 0.970703 0.062500 0.972656 0.060547 0.972656 0.058594 0.970703 0.060547 0.968750 0.058594 0.968750 0.054688 0.964844 0.052734 0.964844 0.054688 0.964844 0.056641 0.966797 0.054688 0.968750 0.054688 0.970703 0.058594 0.970703 0.060547 0.972656 0.060547 0.978516 0.058594 0.980469 0.058594 0.984375 0.056641 0.986328 0.054688 0.984375 0.054688 0.980469 0.054688 0.982422 0.052734 0.984375 0.052734 0.986328 0.056641 0.986328 0.058594 0.984375 0.060547 0.986328 0.060547 0.990234 0.064453 0.990234 0.068359 0.994141 0.070312 0.992188 0.070312 0.990234 0.068359 0.990234 0.066406 0.988281 0.068359 0.986328 0.070312 0.986328 0.074219 0.982422 0.076172 0.984375 0.076172 0.980469 0.078125 0.978516 0.080078 0.978516 0.078125 0.976562 0.078125 0.974609 0.074219 0.978516 0.070312 0.978516 0.068359 0.980469 0.066406 0.980469 0.064453 0.978516 0.064453 0.974609 0.066406 0.972656 0.064453 0.970703 0.064453 0.968750 0.068359 0.964844 0.070312 0.966797 0.072266 0.966797 0.074219 0.964844 0.074219 0.958984 0.076172 0.957031 0.082031 0.957031 0.085938 0.960938 0.085938 0.962891 0.087891 0.964844 0.085938 0.966797 0.085938 0.968750 0.089844 0.968750 0.091797 0.966797 0.095703 0.970703 0.093750 0.972656 0.091797 0.972656 0.089844 0.974609 0.087891 0.974609 0.085938 0.972656 0.085938 0.974609 0.083984 0.976562 0.085938 0.976562 0.087891 0.978516 0.091797 0.978516 0.093750 0.976562 0.093750 0.972656 0.095703 0.970703 0.099609 0.974609 0.097656 0.976562 0.099609 0.978516 0.099609 0.980469 0.101562 0.978516 0.103516 0.978516 0.099609 0.978516 0.097656 0.976562 0.099609 0.974609 0.099609 0.972656 0.097656 0.970703 0.097656 0.968750 0.095703 0.968750 0.093750 0.966797 0.093750 0.964844 0.091797 0.964844 0.089844 0.962891 0.089844 0.960938 0.093750 0.957031 0.095703 0.957031 0.091797 0.953125 0.091797 0.949219 0.097656 0.943359 0.099609 0.945312 0.103516 0.945312 0.105469 0.947266 0.105469 0.949219 0.111328 0.949219 0.113281 0.951172 0.111328 0.953125 0.113281 0.955078 0.115234 0.955078 0.119141 0.958984 0.119141 0.962891 0.117188 0.964844 0.113281 0.964844 0.113281 0.966797 0.117188 0.966797 0.119141 0.968750 0.119141 0.972656 0.121094 0.974609 0.119141 0.972656 0.119141 0.966797 0.117188 0.964844 0.119141 0.962891 0.119141 0.960938 0.121094 0.958984 0.121094 0.951172 0.119141 0.953125 0.117188 0.951172 0.117188 0.949219 0.115234 0.947266 0.117188 0.945312 0.121094 0.945312 0.121094 0.941406 0.117188 0.945312 0.115234 0.943359 0.115234 0.941406 0.115234 0.943359 0.113281 0.945312 0.111328 0.943359 0.111328 0.945312 0.109375 0.947266 0.107422 0.945312 0.107422 0.941406 0.105469 0.943359 0.103516 0.941406 0.099609 0.941406 0.097656 0.943359 0.095703 0.943359 0.093750 0.945312 0.091797 0.943359 0.089844 0.945312 0.085938 0.945312 0.083984 0.943359 0.083984 0.941406 0.082031 0.939453 0.083984 0.937500 0.083984 0.935547 0.085938 0.933594 0.087891 0.935547 0.097656 0.935547 0.099609 0.933594 0.101562 0.935547 0.103516 0.933594 0.105469 0.935547 0.103516 0.933594 0.105469 0.931641 0.109375 0.931641 0.113281 0.927734 0.115234 0.929688 0.117188 0.927734 0.119141 0.929688 0.117188 0.927734 0.115234 0.929688 0.111328 0.925781 0.115234 0.921875 0.115234 0.916016 0.113281 0.914062 0.113281 0.912109 0.113281 0.914062 0.115234 0.916016 0.115234 0.917969 0.113281 0.919922 0.111328 0.919922 0.111328 0.921875 0.113281 0.923828 0.111328 0.925781 0.109375 0.925781 0.105469 0.921875 0.107422 0.919922 0.107422 0.914062 0.109375 0.912109 0.107422 0.914062 0.105469 0.912109 0.107422 0.914062 0.105469 0.916016 0.105469 0.919922 0.103516 0.921875 0.105469 0.923828 0.101562 0.927734 0.099609 0.925781 0.097656 0.925781 0.095703 0.923828 0.093750 0.925781 0.087891 0.925781 0.085938 0.927734 0.085938 0.929688 0.083984 0.931641 0.082031 0.929688 0.080078 0.929688 0.078125 0.927734 0.078125 0.925781 0.080078 0.923828 0.082031 0.925781 0.082031 0.923828 0.085938 0.919922 0.087891 0.921875 0.091797 0.921875 0.091797 0.919922 0.093750 0.917969 0.091797 0.917969 0.089844 0.916016 0.087891 0.916016 0.085938 0.914062 0.087891 0.912109 0.089844 0.912109 0.087891 0.912109 0.085938 0.914062 0.083984 0.912109 0.083984 0.910156 0.085938 0.908203 0.089844 0.908203 0.089844 0.906250 0.091797 0.904297 0.091797 0.902344 0.089844 0.900391 0.091797 0.898438 0.093750 0.898438 0.095703 0.900391 0.095703 0.904297 0.097656 0.906250 0.095703 0.908203 0.093750 0.908203 0.093750 0.910156 0.097656 0.910156 0.097656 0.906250 0.095703 0.904297 0.097656 0.902344 0.097656 0.900391 0.099609 0.898438 0.101562 0.898438 0.103516 0.896484 0.103516 0.894531 0.105469 0.892578 0.107422 0.894531 0.107422 0.896484 0.109375 0.898438 0.107422 0.900391 0.105469 0.900391 0.105469 0.902344 0.103516 0.904297 0.105469 0.904297 0.109375 0.908203 0.111328 0.906250 0.113281 0.908203 0.113281 0.906250 0.111328 0.904297 0.113281 0.902344 0.113281 0.900391 0.115234 0.898438 0.119141 0.898438 0.121094 0.900391 0.121094 0.902344 0.119141 0.904297 0.119141 0.908203 0.121094 0.908203 0.123047 0.910156 0.123047 0.908203 0.125000 0.906250 0.126953 0.906250 0.130859 0.910156 0.132812 0.908203 0.134766 0.910156 0.136719 0.910156 0.138672 0.912109 0.136719 0.914062 0.134766 0.914062 0.136719 0.916016 0.134766 0.917969 0.132812 0.917969 0.130859 0.916016 0.130859 0.914062 0.126953 0.914062 0.128906 0.914062 0.132812 0.917969 0.130859 0.919922 0.130859 0.921875 0.128906 0.923828 0.126953 0.921875 0.125000 0.921875 0.125000 0.923828 0.126953 0.923828 0.128906 0.925781 0.128906 0.927734 0.126953 0.929688 0.125000 0.927734 0.123047 0.929688 0.125000 0.927734 0.126953 0.929688 0.126953 0.931641 0.125000 0.933594 0.126953 0.933594 0.128906 0.931641 0.130859 0.931641 0.132812 0.933594 0.132812 0.935547 0.130859 0.937500 0.132812 0.937500 0.134766 0.935547 0.138672 0.935547 0.140625 0.937500 0.140625 0.933594 0.138672 0.931641 0.138672 0.923828 0.140625 0.921875 0.144531 0.925781 0.144531 0.931641 0.146484 0.929688 0.148438 0.929688 0.150391 0.927734 0.152344 0.929688 0.152344 0.931641 0.154297 0.931641 0.156250 0.929688 0.158203 0.931641 0.158203 0.933594 0.160156 0.931641 0.164062 0.931641 0.166016 0.933594 0.164062 0.935547 0.166016 0.937500 0.164062 0.939453 0.169922 0.939453 0.171875 0.941406 0.175781 0.941406 0.177734 0.943359 0.175781 0.945312 0.169922 0.945312 0.167969 0.943359 0.164062 0.943359 0.164062 0.945312 0.162109 0.947266 0.160156 0.947266 0.160156 0.949219 0.158203 0.951172 0.156250 0.951172 0.154297 0.949219 0.154297 0.947266 0.152344 0.945312 0.154297 0.947266 0.154297 0.949219 0.158203 0.953125 0.156250 0.955078 0.158203 0.955078 0.160156 0.957031 0.160156 0.962891 0.164062 0.962891 0.166016 0.964844 0.164062 0.966797 0.158203 0.966797 0.154297 0.962891 0.154297 0.960938 0.156250 0.958984 0.154297 0.960938 0.146484 0.960938 0.146484 0.966797 0.144531 0.968750 0.142578 0.968750 0.140625 0.966797 0.142578 0.964844 0.138672 0.968750 0.134766 0.968750 0.134766 0.972656 0.132812 0.974609 0.130859 0.974609 0.128906 0.976562 0.126953 0.974609 0.125000 0.974609 0.126953 0.976562 0.126953 0.978516 0.125000 0.980469 0.123047 0.978516 0.121094 0.978516 0.119141 0.980469 0.117188 0.980469 0.113281 0.976562 0.109375 0.976562 0.105469 0.972656 0.107422 0.970703 0.107422 0.968750 0.109375 0.966797 0.107422 0.964844 0.105469 0.964844 0.103516 0.962891 0.103516 0.958984 0.107422 0.955078 0.111328 0.958984 0.113281 0.958984 0.111328 0.958984 0.107422 0.955078 0.107422 0.953125 0.105469 0.955078 0.101562 0.951172 0.101562 0.949219 0.097656 0.949219 0.097656 0.953125 0.103516 0.953125 0.105469 0.955078 0.099609 0.960938 0.097656 0.960938 0.097656 0.964844 0.099609 0.964844 0.099609 0.960938 0.101562 0.958984 0.103516 0.960938 0.103516 0.962891 0.107422 0.966797 0.107422 0.970703 0.103516 0.974609 0.105469 0.974609 0.107422 0.976562 0.113281 0.976562 0.115234 0.978516 0.115234 0.980469 0.113281 0.982422 0.113281 0.986328 0.109375 0.990234 0.107422 0.988281 0.107422 0.986328 0.105469 0.984375 0.107422 0.982422 0.105469 0.982422 0.105469 0.984375 0.107422 0.986328 0.105469 0.988281 0.103516 0.988281 0.103516 0.992188 0.101562 0.994141 0.099609 0.992188 0.099609 0.990234 0.097656 0.990234 0.095703 0.988281 0.097656 0.986328 0.097656 0.984375 0.097656 0.986328 0.095703 0.988281 0.093750 0.988281 0.093750 0.990234 0.091797 0.992188 0.091797 0.994141 0.091797 0.992188 0.095703 0.988281 0.097656 0.990234 0.097656 0.992188 0.099609 0.994141 0.097656 0.996094 0.095703 0.996094 0.095703 0.998047 0.097656 0.996094 0.099609 0.998047 0.105469 0.998047 0.107422 0.996094 0.107422 0.994141 0.105469 0.992188 0.107422 0.990234 0.111328 0.990234 0.111328 0.988281 0.115234 0.984375 0.119141 0.988281 0.117188 0.990234 0.115234 0.990234 0.117188 0.992188 0.119141 0.990234 0.119141 0.988281 0.115234 0.984375 0.115234 0.982422 0.117188 0.980469 0.123047 0.986328 0.123047 0.988281 0.125000 0.988281 0.126953 0.986328 0.130859 0.990234 0.128906 0.992188 0.125000 0.992188 0.126953 0.994141 0.125000 0.996094 0.125000 0.998047 0.126953 0.996094 0.128906 0.998047 0.132812 0.998047 0.130859 0.996094 0.130859 0.992188 0.132812 0.990234 0.134766 0.992188 0.134766 0.994141 0.140625 0.994141 0.142578 0.996094 0.142578 0.998047 0.144531 0.998047 0.138672 0.992188 0.140625 0.990234 0.142578 0.990234 0.144531 0.992188 0.146484 0.992188 0.146484 0.990234 0.152344 0.984375 0.154297 0.986328 0.156250 0.984375 0.158203 0.986328 0.158203 0.994141 0.160156 0.996094 0.162109 0.996094 0.164062 0.998047 0.173828 0.998047 0.175781 0.996094 0.177734 0.998047 0.181641 0.998047 0.185547 0.994141 0.185547 0.992188 0.187500 0.990234 0.191406 0.990234 0.193359 0.988281 0.195312 0.990234 0.195312 0.992188 0.191406 0.996094 0.189453 0.996094 0.191406 0.998047 0.199219 0.998047 0.203125 0.994141 0.205078 0.994141 0.207031 0.996094 0.205078 0.998047 0.208984 0.998047 0.210938 0.996094 0.212891 0.998047 0.214844 0.996094 0.216797 0.998047 0.226562 0.998047 0.228516 0.996094 0.230469 0.998047 0.236328 0.998047 0.234375 0.996094 0.234375 0.994141 0.232422 0.994141 0.230469 0.996094 0.228516 0.996094 0.224609 0.992188 0.226562 0.990234 0.228516 0.990234 0.228516 0.988281 0.226562 0.986328 0.226562 0.984375 0.228516 0.982422 0.230469 0.984375 0.238281 0.984375 0.240234 0.986328 0.240234 0.988281 0.238281 0.990234 0.236328 0.988281 0.236328 0.990234 0.242188 0.996094 0.240234 0.998047 0.248047 0.998047 0.248047 0.996094 0.251953 0.992188 0.250000 0.992188 0.246094 0.988281 0.246094 0.986328 0.248047 0.984375 0.248047 0.982422 0.250000 0.980469 0.248047 0.982422 0.246094 0.982422 0.242188 0.978516 0.244141 0.976562 0.242188 0.978516 0.240234 0.976562 0.240234 0.974609 0.244141 0.970703 0.248047 0.974609 0.250000 0.974609 0.251953 0.976562 0.253906 0.976562 0.255859 0.978516 0.257812 0.978516 0.259766 0.980469 0.253906 0.986328 0.251953 0.984375 0.253906 0.986328 0.255859 0.986328 0.257812 0.988281 0.255859 0.990234 0.255859 0.992188 0.257812 0.992188 0.259766 0.994141 0.257812 0.996094 0.257812 0.998047 0.257812 0.996094 0.259766 0.994141 0.263672 0.994141 0.265625 0.996094 0.265625 0.998047 0.273438 0.998047 0.275391 0.996094 0.277344 0.998047 0.279297 0.996094 0.281250 0.998047 0.283203 0.998047 0.285156 0.996094 0.287109 0.998047 0.289062 0.996094 0.283203 0.996094 0.279297 0.992188 0.277344 0.994141 0.269531 0.994141 0.265625 0.990234 0.269531 0.986328 0.271484 0.988281 0.271484 0.990234 0.273438 0.988281 0.275391 0.990234 0.277344 0.988281 0.279297 0.988281 0.275391 0.988281 0.273438 0.986328 0.275391 0.984375 0.275391 0.982422 0.267578 0.974609 0.265625 0.976562 0.263672 0.976562 0.261719 0.974609 0.265625 0.970703 0.269531 0.970703 0.271484 0.972656 0.271484 0.970703 0.267578 0.966797 0.269531 0.964844 0.271484 0.964844 0.273438 0.966797 0.275391 0.966797 0.277344 0.964844 0.287109 0.964844 0.291016 0.968750 0.285156 0.974609 0.283203 0.974609 0.283203 0.976562 0.285156 0.976562 0.287109 0.978516 0.285156 0.980469 0.285156 0.982422 0.287109 0.982422 0.289062 0.984375 0.287109 0.982422 0.291016 0.978516 0.292969 0.980469 0.292969 0.982422 0.294922 0.982422 0.296875 0.984375 0.300781 0.984375 0.298828 0.984375 0.296875 0.982422 0.300781 0.978516 0.304688 0.978516 0.304688 0.976562 0.308594 0.972656 0.310547 0.972656 0.312500 0.970703 0.312500 0.968750 0.314453 0.966797 0.316406 0.966797 0.318359 0.964844 0.322266 0.968750 0.322266 0.970703 0.320312 0.972656 0.322266 0.972656 0.324219 0.970703 0.326172 0.970703 0.328125 0.972656 0.328125 0.974609 0.326172 0.976562 0.318359 0.976562 0.316406 0.978516 0.314453 0.976562 0.310547 0.976562 0.308594 0.978516 0.308594 0.980469 0.312500 0.976562 0.314453 0.978516 0.316406 0.978516 0.318359 0.980469 0.318359 0.984375 0.320312 0.986328 0.318359 0.988281 0.314453 0.988281 0.312500 0.986328 0.312500 0.984375 0.312500 0.986328 0.310547 0.988281 0.306641 0.988281 0.306641 0.990234 0.308594 0.992188 0.306641 0.994141 0.302734 0.994141 0.300781 0.992188 0.300781 0.994141 0.298828 0.996094 0.296875 0.994141 0.294922 0.994141 0.292969 0.992188 0.292969 0.994141 0.294922 0.994141 0.296875 0.996094 0.294922 0.998047 0.298828 0.998047 0.300781 0.996094 0.302734 0.998047 0.304688 0.998047 0.304688 0.996094 0.308594 0.992188 0.312500 0.992188 0.310547 0.990234 0.312500 0.988281 0.316406 0.988281 0.318359 0.990234 0.316406 0.992188 0.318359 0.992188 0.320312 0.994141 0.318359 0.996094 0.320312 0.998047 0.318359 0.996094 0.320312 0.994141 0.322266 0.994141 0.322266 0.990234 0.324219 0.988281 0.326172 0.990234 0.326172 0.994141 0.330078 0.998047 0.333984 0.998047 0.333984 0.996094 0.335938 0.994141 0.339844 0.994141 0.341797 0.996094 0.339844 0.998047 0.337891 0.998047 0.343750 0.998047 0.343750 0.996094 0.345703 0.994141 0.349609 0.994141 0.353516 0.998047 0.357422 0.998047 0.359375 0.996094 0.361328 0.998047 0.376953 0.998047 0.378906 0.996094 0.380859 0.998047 0.382812 0.998047 0.382812 0.994141 0.384766 0.992188 0.388672 0.996094 0.388672 0.998047 0.392578 0.998047 0.394531 0.996094 0.392578 0.994141 0.392578 0.992188 0.390625 0.990234 0.392578 0.988281 0.394531 0.988281 0.396484 0.990234 0.396484 0.992188 0.400391 0.996094 0.398438 0.998047 0.402344 0.994141 0.404297 0.996094 0.404297 0.998047 0.412109 0.998047 0.414062 0.996094 0.412109 0.998047 0.410156 0.996094 0.408203 0.998047 0.406250 0.998047 0.400391 0.992188 0.402344 0.990234 0.406250 0.990234 0.408203 0.992188 0.410156 0.990234 0.412109 0.992188 0.412109 0.990234 0.414062 0.988281 0.417969 0.992188 0.417969 0.996094 0.419922 0.994141 0.421875 0.996094 0.423828 0.996094 0.425781 0.998047 0.423828 0.996094 0.423828 0.992188 0.425781 0.990234 0.423828 0.988281 0.423828 0.986328 0.429688 0.980469 0.431641 0.982422 0.431641 0.980469 0.427734 0.980469 0.425781 0.978516 0.429688 0.974609 0.433594 0.974609 0.431641 0.974609 0.429688 0.972656 0.433594 0.968750 0.435547 0.970703 0.433594 0.968750 0.435547 0.966797 0.443359 0.966797 0.439453 0.962891 0.439453 0.960938 0.441406 0.958984 0.449219 0.958984 0.449219 0.957031 0.451172 0.955078 0.449219 0.957031 0.447266 0.955078 0.447266 0.953125 0.449219 0.951172 0.451172 0.951172 0.449219 0.951172 0.447266 0.953125 0.443359 0.953125 0.441406 0.955078 0.437500 0.955078 0.435547 0.953125 0.437500 0.951172 0.435547 0.951172 0.433594 0.949219 0.433594 0.947266 0.431641 0.945312 0.431641 0.941406 0.429688 0.939453 0.431641 0.941406 0.429688 0.943359 0.431641 0.945312 0.431641 0.949219 0.429688 0.951172 0.427734 0.949219 0.425781 0.949219 0.427734 0.951172 0.423828 0.955078 0.421875 0.953125 0.419922 0.953125 0.419922 0.957031 0.421875 0.958984 0.419922 0.960938 0.417969 0.960938 0.416016 0.958984 0.416016 0.957031 0.414062 0.958984 0.412109 0.957031 0.408203 0.960938 0.408203 0.962891 0.410156 0.962891 0.412109 0.964844 0.410156 0.966797 0.408203 0.966797 0.412109 0.966797 0.414062 0.968750 0.416016 0.968750 0.417969 0.970703 0.419922 0.970703 0.421875 0.972656 0.419922 0.974609 0.423828 0.974609 0.425781 0.976562 0.425781 0.978516 0.427734 0.980469 0.425781 0.982422 0.425781 0.984375 0.423828 0.986328 0.417969 0.986328 0.416016 0.984375 0.416016 0.982422 0.414062 0.980469 0.414062 0.978516 0.412109 0.978516 0.410156 0.976562 0.412109 0.974609 0.412109 0.972656 0.410156 0.972656 0.408203 0.974609 0.406250 0.974609 0.404297 0.972656 0.402344 0.972656 0.400391 0.970703 0.400391 0.968750 0.398438 0.968750 0.400391 0.970703 0.400391 0.972656 0.402344 0.974609 0.400391 0.976562 0.398438 0.976562 0.396484 0.974609 0.396484 0.972656 0.396484 0.974609 0.398438 0.976562 0.396484 0.978516 0.396484 0.980469 0.400391 0.984375 0.400391 0.986328 0.404297 0.982422 0.406250 0.984375 0.406250 0.988281 0.404297 0.990234 0.400391 0.990234 0.398438 0.992188 0.394531 0.988281 0.396484 0.986328 0.394531 0.988281 0.392578 0.986328 0.392578 0.982422 0.390625 0.980469 0.388672 0.982422 0.386719 0.982422 0.384766 0.980469 0.388672 0.984375 0.388672 0.986328 0.386719 0.988281 0.388672 0.986328 0.390625 0.988281 0.390625 0.990234 0.392578 0.992188 0.392578 0.996094 0.390625 0.998047 0.386719 0.994141 0.386719 0.992188 0.384766 0.992188 0.382812 0.994141 0.382812 0.996094 0.380859 0.998047 0.378906 0.996094 0.375000 0.996094 0.373047 0.994141 0.373047 0.992188 0.375000 0.990234 0.376953 0.990234 0.378906 0.992188 0.380859 0.990234 0.378906 0.988281 0.378906 0.984375 0.378906 0.986328 0.376953 0.988281 0.375000 0.988281 0.373047 0.986328 0.371094 0.988281 0.369141 0.986328 0.369141 0.984375 0.367188 0.984375 0.365234 0.982422 0.367188 0.980469 0.369141 0.980469 0.369141 0.974609 0.363281 0.968750 0.363281 0.966797 0.365234 0.964844 0.367188 0.966797 0.367188 0.964844 0.369141 0.962891 0.371094 0.964844 0.371094 0.968750 0.373047 0.966797 0.371094 0.964844 0.373047 0.962891 0.376953 0.962891 0.380859 0.966797 0.382812 0.964844 0.378906 0.964844 0.376953 0.962891 0.376953 0.960938 0.375000 0.960938 0.373047 0.958984 0.373047 0.957031 0.375000 0.955078 0.378906 0.955078 0.380859 0.957031 0.380859 0.958984 0.382812 0.957031 0.384766 0.957031 0.388672 0.960938 0.388672 0.962891 0.390625 0.964844 0.388672 0.966797 0.390625 0.966797 0.390625 0.964844 0.392578 0.962891 0.392578 0.960938 0.394531 0.958984 0.392578 0.960938 0.390625 0.960938 0.388672 0.958984 0.392578 0.955078 0.394531 0.955078 0.394531 0.953125 0.396484 0.951172 0.402344 0.951172 0.404297 0.953125 0.402344 0.955078 0.398438 0.955078 0.400391 0.957031 0.404297 0.953125 0.406250 0.953125 0.404297 0.951172 0.406250 0.949219 0.408203 0.949219 0.406250 0.947266 0.408203 0.945312 0.416016 0.945312 0.417969 0.947266 0.417969 0.945312 0.416016 0.943359 0.416016 0.937500 0.417969 0.935547 0.419922 0.937500 0.423828 0.937500 0.423828 0.931641 0.427734 0.927734 0.425781 0.927734 0.423828 0.925781 0.425781 0.923828 0.427734 0.923828 0.425781 0.921875 0.419922 0.921875 0.417969 0.919922 0.419922 0.917969 0.423828 0.917969 0.423828 0.908203 0.425781 0.906250 0.425781 0.904297 0.425781 0.906250 0.423828 0.908203 0.421875 0.908203 0.419922 0.906250 0.419922 0.904297 0.416016 0.904297 0.414062 0.902344 0.416016 0.900391 0.417969 0.900391 0.419922 0.898438 0.419922 0.888672 0.421875 0.886719 0.425781 0.890625 0.425781 0.892578 0.427734 0.892578 0.429688 0.894531 0.427734 0.896484 0.429688 0.896484 0.429688 0.894531 0.431641 0.892578 0.433594 0.892578 0.435547 0.894531 0.437500 0.894531 0.437500 0.890625 0.433594 0.890625 0.431641 0.888672 0.431641 0.886719 0.429688 0.884766 0.431641 0.882812 0.431641 0.875000 0.429688 0.876953 0.427734 0.875000 0.425781 0.875000 0.423828 0.873047 0.423828 0.871094 0.427734 0.867188 0.421875 0.867188 0.417969 0.863281 0.417969 0.859375 0.419922 0.857422 0.417969 0.855469 0.421875 0.851562 0.421875 0.847656 0.419922 0.849609 0.419922 0.853516 0.416016 0.857422 0.417969 0.859375 0.416016 0.861328 0.414062 0.861328 0.410156 0.857422 0.408203 0.857422 0.406250 0.855469 0.408203 0.853516 0.412109 0.853516 0.410156 0.853516 0.408203 0.851562 0.408203 0.849609 0.406250 0.847656 0.408203 0.845703 0.410156 0.845703 0.412109 0.843750 0.414062 0.843750 0.416016 0.841797 0.423828 0.841797 0.425781 0.839844 0.427734 0.841797 0.425781 0.839844 0.427734 0.837891 0.429688 0.837891 0.431641 0.839844 0.431641 0.845703 0.433594 0.847656 0.433594 0.849609 0.435547 0.849609 0.437500 0.847656 0.439453 0.849609 0.441406 0.849609 0.441406 0.845703 0.439453 0.845703 0.437500 0.843750 0.435547 0.843750 0.431641 0.839844 0.431641 0.837891 0.429688 0.837891 0.427734 0.835938 0.427734 0.837891 0.425781 0.839844 0.419922 0.839844 0.417969 0.841797 0.416016 0.839844 0.416016 0.837891 0.417969 0.835938 0.416016 0.833984 0.417969 0.832031 0.416016 0.833984 0.414062 0.833984 0.412109 0.832031 0.412109 0.830078 0.414062 0.828125 0.414062 0.826172 0.412109 0.824219 0.410156 0.824219 0.410156 0.828125 0.408203 0.830078 0.406250 0.828125 0.402344 0.828125 0.404297 0.830078 0.400391 0.833984 0.398438 0.832031 0.398438 0.828125 0.396484 0.828125 0.394531 0.826172 0.392578 0.828125 0.388672 0.828125 0.386719 0.826172 0.388672 0.824219 0.386719 0.822266 0.388672 0.820312 0.388672 0.818359 0.390625 0.816406 0.386719 0.812500 0.382812 0.812500 0.380859 0.810547 0.380859 0.808594 0.382812 0.806641 0.384766 0.808594 0.386719 0.808594 0.386719 0.806641 0.382812 0.806641 0.378906 0.802734 0.382812 0.798828 0.384766 0.798828 0.382812 0.798828 0.376953 0.804688 0.375000 0.804688 0.373047 0.806641 0.371094 0.806641 0.369141 0.808594 0.371094 0.810547 0.371094 0.812500 0.367188 0.816406 0.363281 0.816406 0.361328 0.818359 0.361328 0.820312 0.359375 0.822266 0.355469 0.822266 0.353516 0.820312 0.353516 0.816406 0.355469 0.814453 0.351562 0.814453 0.349609 0.812500 0.351562 0.810547 0.353516 0.810547 0.355469 0.808594 0.351562 0.808594 0.349609 0.806641 0.349609 0.804688 0.343750 0.804688 0.339844 0.808594 0.341797 0.806641 0.343750 0.808594 0.345703 0.808594 0.345703 0.806641 0.347656 0.804688 0.351562 0.808594 0.351562 0.810547 0.349609 0.812500 0.345703 0.812500 0.345703 0.814453 0.343750 0.816406 0.339844 0.816406 0.337891 0.818359 0.335938 0.818359 0.333984 0.816406 0.337891 0.812500 0.339844 0.812500 0.337891 0.812500 0.333984 0.808594 0.337891 0.804688 0.335938 0.804688 0.333984 0.802734 0.335938 0.800781 0.333984 0.802734 0.332031 0.802734 0.328125 0.798828 0.328125 0.792969 0.330078 0.791016 0.333984 0.791016 0.335938 0.789062 0.337891 0.791016 0.337891 0.792969 0.335938 0.794922 0.332031 0.794922 0.332031 0.796875 0.333984 0.796875 0.335938 0.794922 0.339844 0.794922 0.343750 0.798828 0.341797 0.800781 0.339844 0.800781 0.341797 0.800781 0.343750 0.798828 0.347656 0.798828 0.349609 0.800781 0.351562 0.800781 0.353516 0.798828 0.355469 0.800781 0.357422 0.800781 0.359375 0.802734 0.361328 0.800781 0.361328 0.798828 0.363281 0.796875 0.365234 0.798828 0.359375 0.792969 0.359375 0.791016 0.357422 0.789062 0.355469 0.791016 0.353516 0.789062 0.353516 0.792969 0.355469 0.794922 0.353516 0.796875 0.347656 0.796875 0.345703 0.794922 0.349609 0.791016 0.349609 0.789062 0.345703 0.785156 0.347656 0.783203 0.345703 0.785156 0.343750 0.785156 0.339844 0.789062 0.335938 0.785156 0.335938 0.781250 0.333984 0.779297 0.332031 0.781250 0.330078 0.781250 0.328125 0.779297 0.328125 0.775391 0.330078 0.773438 0.328125 0.775391 0.324219 0.771484 0.322266 0.771484 0.324219 0.771484 0.326172 0.773438 0.326172 0.777344 0.328125 0.779297 0.326172 0.781250 0.324219 0.781250 0.322266 0.779297 0.322266 0.777344 0.320312 0.777344 0.324219 0.781250 0.322266 0.783203 0.320312 0.783203 0.318359 0.781250 0.318359 0.783203 0.322266 0.783203 0.324219 0.781250 0.326172 0.783203 0.326172 0.785156 0.328125 0.787109 0.328125 0.789062 0.326172 0.791016 0.324219 0.791016 0.322266 0.789062 0.322266 0.787109 0.320312 0.787109 0.318359 0.789062 0.316406 0.787109 0.318359 0.789062 0.314453 0.792969 0.310547 0.789062 0.312500 0.787109 0.312500 0.785156 0.312500 0.787109 0.308594 0.791016 0.304688 0.787109 0.304688 0.785156 0.302734 0.785156 0.300781 0.783203 0.300781 0.781250 0.302734 0.779297 0.304688 0.779297 0.306641 0.777344 0.304688 0.775391 0.306641 0.773438 0.308594 0.773438 0.314453 0.779297 0.316406 0.777344 0.314453 0.775391 0.316406 0.773438 0.314453 0.775391 0.312500 0.773438 0.312500 0.771484 0.314453 0.769531 0.316406 0.769531 0.320312 0.765625 0.318359 0.763672 0.318359 0.761719 0.314453 0.765625 0.312500 0.765625 0.310547 0.763672 0.310547 0.757812 0.306641 0.761719 0.306641 0.763672 0.304688 0.765625 0.302734 0.765625 0.300781 0.763672 0.300781 0.759766 0.296875 0.759766 0.292969 0.763672 0.291016 0.761719 0.291016 0.757812 0.289062 0.755859 0.291016 0.757812 0.291016 0.759766 0.289062 0.761719 0.281250 0.761719 0.281250 0.763672 0.283203 0.761719 0.291016 0.761719 0.294922 0.765625 0.292969 0.767578 0.291016 0.767578 0.289062 0.765625 0.289062 0.767578 0.292969 0.767578 0.294922 0.769531 0.296875 0.769531 0.298828 0.771484 0.296875 0.773438 0.292969 0.773438 0.291016 0.775391 0.289062 0.773438 0.283203 0.773438 0.281250 0.775391 0.279297 0.773438 0.279297 0.771484 0.281250 0.769531 0.281250 0.767578 0.279297 0.769531 0.279297 0.771484 0.277344 0.773438 0.275391 0.771484 0.275391 0.769531 0.273438 0.767578 0.273438 0.763672 0.275391 0.761719 0.277344 0.761719 0.275391 0.759766 0.277344 0.757812 0.281250 0.757812 0.283203 0.755859 0.283203 0.753906 0.281250 0.753906 0.279297 0.751953 0.279297 0.750000 0.277344 0.748047 0.277344 0.746094 0.281250 0.742188 0.283203 0.742188 0.283203 0.740234 0.281250 0.742188 0.279297 0.742188 0.279297 0.744141 0.277344 0.746094 0.273438 0.742188 0.273438 0.744141 0.271484 0.746094 0.269531 0.744141 0.269531 0.742188 0.267578 0.740234 0.267578 0.732422 0.265625 0.730469 0.265625 0.728516 0.267578 0.726562 0.269531 0.728516 0.267578 0.726562 0.271484 0.722656 0.275391 0.726562 0.273438 0.728516 0.275391 0.726562 0.275391 0.724609 0.277344 0.722656 0.279297 0.722656 0.281250 0.724609 0.283203 0.724609 0.285156 0.726562 0.283203 0.724609 0.285156 0.722656 0.283203 0.724609 0.281250 0.722656 0.277344 0.722656 0.275391 0.724609 0.273438 0.724609 0.271484 0.722656 0.271484 0.720703 0.269531 0.722656 0.267578 0.720703 0.269531 0.722656 0.265625 0.726562 0.263672 0.724609 0.263672 0.722656 0.263672 0.724609 0.265625 0.726562 0.265625 0.732422 0.263672 0.734375 0.255859 0.734375 0.253906 0.732422 0.253906 0.730469 0.255859 0.728516 0.251953 0.724609 0.251953 0.722656 0.248047 0.722656 0.246094 0.720703 0.248047 0.718750 0.246094 0.720703 0.244141 0.720703
2 0.125000 0.718750 0.125000 0.720703 0.123047 0.722656 0.121094 0.722656 0.119141 0.720703 0.117188 0.722656 0.117188 0.724609 0.125000 0.732422 0.125000 0.736328 0.123047 0.738281 0.119141 0.738281 0.117188 0.740234 0.115234 0.738281 0.115234 0.734375 0.115234 0.738281 0.117188 0.740234 0.117188 0.742188 0.115234 0.744141 0.111328 0.740234 0.109375 0.740234 0.107422 0.738281 0.107422 0.736328 0.105469 0.734375 0.105469 0.732422 0.107422 0.730469 0.105469 0.732422 0.105469 0.734375 0.103516 0.736328 0.101562 0.734375 0.099609 0.734375 0.097656 0.732422 0.099609 0.730469 0.097656 0.728516 0.095703 0.728516 0.093750 0.726562 0.091797 0.726562 0.091797 0.728516 0.093750 0.726562 0.097656 0.730469 0.097656 0.734375 0.099609 0.736328 0.099609 0.738281 0.101562 0.740234 0.101562 0.742188 0.099609 0.744141 0.103516 0.744141 0.105469 0.746094 0.105469 0.748047 0.103516 0.750000 0.103516 0.751953 0.101562 0.753906 0.099609 0.753906 0.097656 0.755859 0.093750 0.751953 0.087891 0.751953 0.089844 0.751953 0.091797 0.753906 0.089844 0.755859 0.087891 0.755859 0.085938 0.757812 0.085938 0.759766 0.083984 0.761719 0.082031 0.759766 0.080078 0.759766 0.078125 0.757812 0.080078 0.755859 0.082031 0.755859 0.082031 0.753906 0.080078 0.753906 0.078125 0.755859 0.078125 0.757812 0.080078 0.759766 0.080078 0.767578 0.083984 0.767578 0.085938 0.769531 0.087891 0.767578 0.091797 0.767578 0.093750 0.765625 0.095703 0.767578 0.095703 0.769531 0.093750 0.771484 0.095703 0.773438 0.095703 0.775391 0.093750 0.777344 0.087891 0.777344 0.089844 0.777344 0.091797 0.779297 0.089844 0.781250 0.087891 0.781250 0.089844 0.781250 0.093750 0.777344 0.095703 0.777344 0.095703 0.775391 0.097656 0.773438 0.099609 0.775391 0.101562 0.773438 0.099609 0.771484 0.099609 0.769531 0.101562 0.767578 0.103516 0.767578 0.105469 0.769531 0.105469 0.775391 0.107422 0.777344 0.107422 0.779297 0.109375 0.779297 0.105469 0.775391 0.105469 0.773438 0.107422 0.771484 0.109375 0.773438 0.109375 0.769531 0.111328 0.767578 0.113281 0.769531 0.113281 0.771484 0.117188 0.775391 0.117188 0.777344 0.119141 0.775391 0.121094 0.777344 0.121094 0.779297 0.123047 0.781250 0.123047 0.783203 0.123047 0.779297 0.125000 0.777344 0.126953 0.777344 0.128906 0.779297 0.126953 0.777344 0.125000 0.777344 0.123047 0.775391 0.123047 0.773438 0.121094 0.773438 0.119141 0.775391 0.117188 0.775391 0.115234 0.773438 0.115234 0.771484 0.113281 0.769531 0.117188 0.765625 0.119141 0.765625 0.121094 0.767578 0.123047 0.767578 0.126953 0.763672 0.126953 0.761719 0.128906 0.759766 0.126953 0.757812 0.125000 0.757812 0.123047 0.755859 0.123047 0.753906 0.125000 0.751953 0.125000 0.750000 0.126953 0.748047 0.128906 0.750000 0.128906 0.751953 0.132812 0.751953 0.134766 0.753906 0.132812 0.755859 0.134766 0.755859 0.136719 0.757812 0.138672 0.757812 0.140625 0.755859 0.144531 0.755859 0.142578 0.755859 0.138672 0.751953 0.140625 0.750000 0.142578 0.750000 0.142578 0.744141 0.140625 0.744141 0.138672 0.746094 0.136719 0.744141 0.136719 0.740234 0.138672 0.738281 0.140625 0.740234 0.142578 0.740234 0.142578 0.738281 0.140625 0.736328 0.142578 0.734375 0.142578 0.732422 0.140625 0.734375 0.138672 0.734375 0.136719 0.736328 0.134766 0.736328 0.132812 0.734375 0.136719 0.730469 0.130859 0.730469 0.126953 0.726562 0.126953 0.724609 0.126953 0.726562 0.128906 0.728516 0.125000 0.732422 0.121094 0.728516 0.121094 0.726562 0.119141 0.726562 0.117188 0.724609 0.119141 0.722656 0.123047 0.722656 0.125000 0.720703
2 0.457031 0.701172 0.455078 0.703125 0.455078 0.705078 0.453125 0.707031 0.451172 0.705078 0.451172 0.703125 0.449219 0.705078 0.445312 0.705078 0.447266 0.705078 0.449219 0.707031 0.447266 0.708984 0.445312 0.708984 0.441406 0.712891 0.443359 0.712891 0.445312 0.710938 0.447266 0.710938 0.449219 0.712891 0.449219 0.714844 0.451172 0.714844 0.449219 0.712891 0.449219 0.710938 0.447266 0.708984 0.451172 0.705078 0.453125 0.707031 0.455078 0.705078 0.457031 0.707031 0.457031 0.708984 0.455078 0.710938 0.457031 0.712891 0.457031 0.718750 0.455078 0.720703 0.453125 0.720703 0.451172 0.722656 0.451172 0.724609 0.453125 0.724609 0.455078 0.726562 0.455078 0.724609 0.457031 0.722656 0.458984 0.724609 0.458984 0.728516 0.460938 0.730469 0.462891 0.728516 0.464844 0.730469 0.468750 0.730469 0.474609 0.736328 0.472656 0.738281 0.470703 0.738281 0.468750 0.736328 0.468750 0.740234 0.470703 0.738281 0.472656 0.738281 0.474609 0.740234 0.474609 0.742188 0.470703 0.746094 0.468750 0.744141 0.468750 0.748047 0.470703 0.748047 0.470703 0.746094 0.474609 0.742188 0.476562 0.742188 0.472656 0.738281 0.474609 0.736328 0.474609 0.730469 0.472656 0.728516 0.476562 0.724609 0.480469 0.728516 0.480469 0.730469 0.478516 0.732422 0.478516 0.736328 0.480469 0.734375 0.482422 0.736328 0.484375 0.736328 0.486328 0.738281 0.486328 0.740234 0.484375 0.742188 0.482422 0.740234 0.484375 0.742188 0.486328 0.742188 0.488281 0.740234 0.490234 0.740234 0.490234 0.738281 0.492188 0.736328 0.507812 0.736328 0.507812 0.734375 0.505859 0.732422 0.503906 0.734375 0.501953 0.732422 0.501953 0.730469 0.498047 0.730469 0.496094 0.732422 0.494141 0.732422 0.490234 0.728516 0.486328 0.728516 0.482422 0.732422 0.480469 0.730469 0.480469 0.728516 0.478516 0.726562 0.478516 0.724609 0.480469 0.722656 0.482422 0.722656 0.484375 0.720703 0.482422 0.720703 0.480469 0.722656 0.478516 0.722656 0.476562 0.724609 0.474609 0.724609 0.472656 0.726562 0.470703 0.726562 0.472656 0.728516 0.470703 0.730469 0.464844 0.730469 0.462891 0.728516 0.464844 0.726562 0.464844 0.724609 0.466797 0.722656 0.462891 0.718750 0.462891 0.714844 0.464844 0.712891 0.462891 0.710938 0.462891 0.708984 0.460938 0.708984 0.458984 0.710938 0.457031 0.708984 0.457031 0.707031 0.460938 0.703125 0.458984 0.701172
2 0.912109 0.695312 0.910156 0.697266 0.904297 0.697266 0.906250 0.697266 0.908203 0.699219 0.906250 0.701172 0.902344 0.701172 0.900391 0.699219 0.894531 0.699219 0.892578 0.697266 0.894531 0.699219 0.892578 0.701172 0.886719 0.701172 0.884766 0.699219 0.888672 0.703125 0.890625 0.701172 0.892578 0.703125 0.892578 0.705078 0.894531 0.705078 0.892578 0.703125 0.894531 0.701172 0.896484 0.701172 0.898438 0.703125 0.898438 0.705078 0.900391 0.705078 0.904297 0.708984 0.902344 0.710938 0.904297 0.712891 0.902344 0.714844 0.904297 0.712891 0.908203 0.716797 0.908203 0.718750 0.906250 0.720703 0.902344 0.720703 0.906250 0.720703 0.908203 0.718750 0.914062 0.718750 0.912109 0.718750 0.910156 0.716797 0.912109 0.714844 0.914062 0.714844 0.916016 0.712891 0.917969 0.714844 0.917969 0.720703 0.916016 0.722656 0.916016 0.724609 0.914062 0.726562 0.912109 0.724609 0.912109 0.726562 0.908203 0.730469 0.904297 0.726562 0.904297 0.728516 0.906250 0.728516 0.910156 0.732422 0.910156 0.734375 0.908203 0.736328 0.906250 0.736328 0.904297 0.734375 0.902344 0.734375 0.900391 0.736328 0.894531 0.736328 0.894531 0.738281 0.898438 0.742188 0.896484 0.744141 0.898438 0.746094 0.898438 0.750000 0.896484 0.751953 0.894531 0.751953 0.894531 0.753906 0.896484 0.753906 0.898438 0.751953 0.900391 0.753906 0.900391 0.757812 0.902344 0.759766 0.900391 0.761719 0.898438 0.761719 0.896484 0.759766 0.894531 0.759766 0.888672 0.753906 0.890625 0.751953 0.888672 0.751953 0.886719 0.750000 0.886719 0.751953 0.882812 0.755859 0.880859 0.753906 0.882812 0.755859 0.884766 0.753906 0.886719 0.755859 0.886719 0.757812 0.884766 0.759766 0.888672 0.759766 0.890625 0.757812 0.892578 0.757812 0.894531 0.759766 0.894531 0.761719 0.896484 0.763672 0.894531 0.765625 0.894531 0.767578 0.892578 0.769531 0.890625 0.767578 0.890625 0.765625 0.888672 0.767578 0.884766 0.763672 0.884766 0.767578 0.882812 0.769531 0.884766 0.767578 0.888672 0.771484 0.888672 0.773438 0.884766 0.777344 0.886719 0.779297 0.884766 0.781250 0.878906 0.781250 0.876953 0.779297 0.878906 0.777344 0.878906 0.775391 0.876953 0.777344 0.873047 0.777344 0.869141 0.773438 0.871094 0.771484 0.873047 0.771484 0.869141 0.771484 0.869141 0.773438 0.867188 0.775391 0.865234 0.775391 0.863281 0.773438 0.863281 0.771484 0.865234 0.769531 0.865234 0.761719 0.863281 0.759766 0.865234 0.757812 0.867188 0.757812 0.869141 0.759766 0.869141 0.763672 0.871094 0.763672 0.873047 0.765625 0.873047 0.767578 0.875000 0.765625 0.876953 0.765625 0.873047 0.765625 0.871094 0.763672 0.873047 0.761719 0.876953 0.761719 0.878906 0.759766 0.876953 0.761719 0.875000 0.761719 0.873047 0.759766 0.871094 0.761719 0.869141 0.759766 0.869141 0.755859 0.871094 0.753906 0.873047 0.755859 0.875000 0.753906 0.876953 0.753906 0.876953 0.751953 0.871094 0.751953 0.869141 0.750000 0.867188 0.750000 0.867188 0.751953 0.869141 0.753906 0.867188 0.755859 0.865234 0.755859 0.865234 0.757812 0.863281 0.759766 0.861328 0.757812 0.861328 0.753906 0.859375 0.753906 0.861328 0.755859 0.861328 0.759766 0.863281 0.761719 0.861328 0.763672 0.861328 0.765625 0.859375 0.767578 0.857422 0.765625 0.859375 0.767578 0.855469 0.771484 0.853516 0.771484 0.851562 0.769531 0.853516 0.767578 0.853516 0.765625 0.851562 0.763672 0.851562 0.761719 0.853516 0.759766 0.855469 0.761719 0.855469 0.759766 0.857422 0.757812 0.855469 0.759766 0.853516 0.759766 0.851562 0.757812 0.849609 0.759766 0.849609 0.761719 0.845703 0.765625 0.845703 0.767578 0.847656 0.767578 0.849609 0.769531 0.847656 0.771484 0.847656 0.773438 0.853516 0.773438 0.857422 0.777344 0.857422 0.779297 0.859375 0.781250 0.857422 0.783203 0.855469 0.783203 0.855469 0.785156 0.857422 0.787109 0.857422 0.789062 0.855469 0.791016 0.857422 0.792969 0.861328 0.792969 0.863281 0.794922 0.863281 0.796875 0.861328 0.798828 0.859375 0.798828 0.861328 0.800781 0.857422 0.804688 0.855469 0.802734 0.851562 0.802734 0.853516 0.804688 0.851562 0.806641 0.849609 0.806641 0.847656 0.808594 0.847656 0.810547 0.849609 0.812500 0.847656 0.810547 0.847656 0.808594 0.849609 0.806641 0.851562 0.806641 0.853516 0.804688 0.857422 0.808594 0.853516 0.812500 0.853516 0.814453 0.855469 0.812500 0.857422 0.814453 0.859375 0.812500 0.861328 0.814453 0.861328 0.816406 0.863281 0.816406 0.865234 0.818359 0.865234 0.822266 0.863281 0.824219 0.861328 0.824219 0.859375 0.826172 0.857422 0.826172 0.861328 0.826172 0.863281 0.828125 0.863281 0.830078 0.861328 0.832031 0.859375 0.830078 0.857422 0.830078 0.855469 0.832031 0.853516 0.830078 0.853516 0.832031 0.851562 0.833984 0.849609 0.833984 0.847656 0.832031 0.845703 0.832031 0.843750 0.830078 0.845703 0.828125 0.849609 0.828125 0.847656 0.826172 0.847656 0.822266 0.849609 0.820312 0.849609 0.818359 0.849609 0.820312 0.847656 0.822266 0.845703 0.822266 0.843750 0.820312 0.843750 0.818359 0.843750 0.820312 0.847656 0.824219 0.847656 0.826172 0.843750 0.830078 0.839844 0.826172 0.837891 0.828125 0.835938 0.826172 0.835938 0.824219 0.837891 0.822266 0.835938 0.824219 0.832031 0.820312 0.832031 0.818359 0.830078 0.818359 0.826172 0.814453 0.828125 0.812500 0.830078 0.812500 0.830078 0.808594 0.828125 0.810547 0.828125 0.812500 0.826172 0.814453 0.822266 0.810547 0.824219 0.808594 0.820312 0.808594 0.820312 0.810547 0.816406 0.814453 0.814453 0.814453 0.812500 0.816406 0.808594 0.816406 0.808594 0.820312 0.806641 0.822266 0.804688 0.820312 0.804688 0.818359 0.802734 0.818359 0.802734 0.820312 0.804688 0.820312 0.806641 0.822266 0.806641 0.824219 0.804688 0.826172 0.802734 0.826172 0.798828 0.822266 0.798828 0.824219 0.802734 0.828125 0.804688 0.828125 0.806641 0.830078 0.806641 0.828125 0.810547 0.824219 0.814453 0.828125 0.812500 0.830078 0.814453 0.832031 0.814453 0.835938 0.826172 0.835938 0.828125 0.837891 0.833984 0.837891 0.835938 0.839844 0.843750 0.839844 0.849609 0.833984 0.851562 0.835938 0.855469 0.835938 0.859375 0.832031 0.861328 0.833984 0.861328 0.835938 0.863281 0.833984 0.865234 0.833984 0.867188 0.835938 0.869141 0.833984 0.869141 0.832031 0.871094 0.830078 0.873047 0.830078 0.873047 0.828125 0.875000 0.826172 0.876953 0.826172 0.878906 0.828125 0.880859 0.828125 0.882812 0.826172 0.884766 0.828125 0.884766 0.826172 0.886719 0.824219 0.888672 0.826172 0.888672 0.830078 0.884766 0.833984 0.888672 0.830078 0.890625 0.832031 0.890625 0.833984 0.892578 0.835938 0.896484 0.832031 0.898438 0.832031 0.900391 0.833984 0.900391 0.835938 0.902344 0.835938 0.904297 0.833984 0.906250 0.835938 0.906250 0.833984 0.912109 0.828125 0.914062 0.830078 0.914062 0.832031 0.912109 0.833984 0.912109 0.835938 0.910156 0.837891 0.910156 0.839844 0.912109 0.841797 0.912109 0.843750 0.910156 0.845703 0.906250 0.845703 0.904297 0.843750 0.904297 0.841797 0.900391 0.845703 0.902344 0.843750 0.904297 0.843750 0.906250 0.845703 0.902344 0.849609 0.904297 0.851562 0.902344 0.853516 0.900391 0.853516 0.900391 0.855469 0.902344 0.853516 0.906250 0.853516 0.902344 0.849609 0.906250 0.845703 0.910156 0.845703 0.912109 0.843750 0.914062 0.843750 0.917969 0.847656 0.921875 0.843750 0.923828 0.845703 0.923828 0.847656 0.927734 0.847656 0.931641 0.851562 0.931641 0.853516 0.929688 0.855469 0.927734 0.855469 0.925781 0.853516 0.925781 0.851562 0.923828 0.851562 0.927734 0.855469 0.925781 0.857422 0.927734 0.859375 0.923828 0.863281 0.921875 0.863281 0.925781 0.867188 0.923828 0.869141 0.921875 0.869141 0.921875 0.873047 0.919922 0.875000 0.917969 0.873047 0.917969 0.867188 0.916016 0.869141 0.914062 0.867188 0.914062 0.869141 0.916016 0.869141 0.917969 0.871094 0.917969 0.873047 0.919922 0.875000 0.921875 0.875000 0.923828 0.876953 0.923828 0.878906 0.921875 0.880859 0.917969 0.880859 0.916016 0.882812 0.914062 0.882812 0.912109 0.880859 0.912109 0.882812 0.914062 0.882812 0.916016 0.884766 0.914062 0.886719 0.914062 0.888672 0.912109 0.890625 0.912109 0.892578 0.916016 0.896484 0.914062 0.898438 0.912109 0.898438 0.908203 0.902344 0.906250 0.902344 0.902344 0.898438 0.904297 0.896484 0.904297 0.894531 0.906250 0.892578 0.908203 0.894531 0.908203 0.888672 0.906250 0.888672 0.904297 0.886719 0.904297 0.884766 0.906250 0.882812 0.906250 0.880859 0.904297 0.878906 0.906250 0.880859 0.906250 0.882812 0.904297 0.884766 0.904297 0.886719 0.906250 0.888672 0.904297 0.890625 0.902344 0.890625 0.902344 0.894531 0.900391 0.896484 0.900391 0.898438 0.898438 0.900391 0.898438 0.904297 0.900391 0.906250 0.898438 0.908203 0.898438 0.910156 0.898438 0.908203 0.900391 0.906250 0.902344 0.906250 0.904297 0.908203 0.902344 0.910156 0.902344 0.914062 0.900391 0.916016 0.898438 0.914062 0.896484 0.914062 0.898438 0.914062 0.900391 0.916016 0.900391 0.917969 0.898438 0.919922 0.902344 0.923828 0.902344 0.925781 0.900391 0.927734 0.898438 0.927734 0.898438 0.929688 0.896484 0.931641 0.896484 0.933594 0.894531 0.935547 0.898438 0.935547 0.900391 0.937500 0.902344 0.935547 0.904297 0.935547 0.902344 0.933594 0.900391 0.935547 0.898438 0.935547 0.896484 0.933594 0.898438 0.931641 0.898438 0.929688 0.900391 0.927734 0.902344 0.929688 0.908203 0.929688 0.908203 0.927734 0.910156 0.925781 0.912109 0.927734 0.912109 0.935547 0.914062 0.937500 0.910156 0.941406 0.908203 0.939453 0.908203 0.937500 0.906250 0.939453 0.904297 0.939453 0.902344 0.941406 0.898438 0.941406 0.896484 0.939453 0.896484 0.941406 0.904297 0.941406 0.906250 0.943359 0.906250 0.945312 0.908203 0.943359 0.912109 0.943359 0.914062 0.945312 0.921875 0.945312 0.925781 0.949219 0.919922 0.955078 0.917969 0.953125 0.916016 0.955078 0.917969 0.957031 0.917969 0.958984 0.916016 0.960938 0.916016 0.962891 0.916016 0.960938 0.919922 0.957031 0.921875 0.957031 0.923828 0.958984 0.923828 0.955078 0.927734 0.951172 0.927734 0.949219 0.925781 0.947266 0.927734 0.945312 0.929688 0.945312 0.931641 0.943359 0.931641 0.941406 0.929688 0.939453 0.931641 0.937500 0.933594 0.937500 0.935547 0.939453 0.933594 0.937500 0.933594 0.935547 0.935547 0.933594 0.939453 0.937500 0.939453 0.941406 0.941406 0.941406 0.943359 0.939453 0.943359 0.937500 0.945312 0.935547 0.947266 0.935547 0.937500 0.935547 0.935547 0.933594 0.935547 0.929688 0.933594 0.927734 0.933594 0.921875 0.931641 0.919922 0.931641 0.912109 0.929688 0.914062 0.927734 0.914062 0.925781 0.912109 0.925781 0.910156 0.923828 0.908203 0.923828 0.906250 0.925781 0.904297 0.927734 0.906250 0.931641 0.906250 0.933594 0.908203 0.935547 0.908203 0.937500 0.906250 0.941406 0.906250 0.943359 0.904297 0.947266 0.904297 0.943359 0.904297 0.941406 0.906250 0.937500 0.906250 0.935547 0.904297 0.941406 0.898438 0.943359 0.900391 0.947266 0.900391 0.943359 0.900391 0.941406 0.898438 0.941406 0.894531 0.941406 0.898438 0.937500 0.902344 0.933594 0.902344 0.931641 0.900391 0.931641 0.898438 0.931641 0.902344 0.929688 0.904297 0.923828 0.904297 0.919922 0.900391 0.917969 0.900391 0.917969 0.904297 0.919922 0.906250 0.917969 0.908203 0.919922 0.910156 0.919922 0.912109 0.917969 0.914062 0.916016 0.912109 0.914062 0.912109 0.912109 0.910156 0.914062 0.908203 0.912109 0.910156 0.910156 0.908203 0.912109 0.910156 0.910156 0.912109 0.908203 0.912109 0.906250 0.914062 0.904297 0.912109 0.904297 0.910156 0.906250 0.908203 0.906250 0.904297 0.910156 0.900391 0.912109 0.900391 0.914062 0.902344 0.914062 0.898438 0.917969 0.894531 0.916016 0.894531 0.914062 0.892578 0.914062 0.888672 0.919922 0.882812 0.925781 0.882812 0.927734 0.880859 0.927734 0.875000 0.929688 0.873047 0.929688 0.871094 0.929688 0.873047 0.927734 0.875000 0.925781 0.875000 0.923828 0.873047 0.923828 0.869141 0.925781 0.867188 0.925781 0.861328 0.929688 0.857422 0.929688 0.855469 0.931641 0.853516 0.931641 0.851562 0.933594 0.849609 0.933594 0.847656 0.935547 0.845703 0.935547 0.843750 0.941406 0.837891 0.943359 0.839844 0.941406 0.837891 0.943359 0.835938 0.941406 0.833984 0.943359 0.832031 0.947266 0.832031 0.949219 0.833984 0.951172 0.832031 0.951172 0.830078 0.953125 0.828125 0.957031 0.832031 0.958984 0.830078 0.960938 0.832031 0.960938 0.833984 0.958984 0.835938 0.957031 0.835938 0.955078 0.837891 0.953125 0.837891 0.955078 0.839844 0.951172 0.843750 0.951172 0.845703 0.953125 0.847656 0.953125 0.849609 0.957031 0.853516 0.960938 0.853516 0.964844 0.857422 0.962891 0.859375 0.960938 0.859375 0.958984 0.857422 0.960938 0.859375 0.960938 0.861328 0.970703 0.871094 0.970703 0.873047 0.972656 0.875000 0.972656 0.880859 0.974609 0.882812 0.976562 0.882812 0.974609 0.882812 0.972656 0.880859 0.972656 0.876953 0.974609 0.875000 0.976562 0.875000 0.978516 0.876953 0.978516 0.875000 0.980469 0.873047 0.978516 0.871094 0.980469 0.873047 0.978516 0.875000 0.972656 0.875000 0.970703 0.873047 0.974609 0.869141 0.972656 0.869141 0.970703 0.871094 0.966797 0.867188 0.968750 0.865234 0.970703 0.865234 0.972656 0.863281 0.974609 0.865234 0.972656 0.863281 0.972656 0.857422 0.968750 0.857422 0.966797 0.855469 0.966797 0.853516 0.962891 0.849609 0.962891 0.847656 0.960938 0.845703 0.958984 0.845703 0.957031 0.843750 0.957031 0.839844 0.958984 0.837891 0.962891 0.837891 0.966797 0.841797 0.966797 0.843750 0.974609 0.851562 0.976562 0.849609 0.978516 0.851562 0.982422 0.851562 0.984375 0.853516 0.984375 0.857422 0.982422 0.859375 0.982422 0.861328 0.984375 0.863281 0.984375 0.871094 0.986328 0.873047 0.984375 0.871094 0.984375 0.869141 0.986328 0.867188 0.990234 0.871094 0.990234 0.869141 0.992188 0.867188 0.994141 0.867188 0.996094 0.865234 0.998047 0.867188 0.998047 0.869141 0.998047 0.863281 0.996094 0.861328 0.996094 0.859375 0.994141 0.861328 0.990234 0.857422 0.992188 0.855469 0.990234 0.853516 0.992188 0.851562 0.994141 0.851562 0.996094 0.853516 0.998047 0.851562 0.996094 0.853516 0.994141 0.851562 0.994141 0.849609 0.996094 0.847656 0.996094 0.845703 0.996094 0.847656 0.994141 0.849609 0.992188 0.849609 0.990234 0.851562 0.988281 0.851562 0.986328 0.849609 0.986328 0.841797 0.988281 0.839844 0.986328 0.839844 0.984375 0.837891 0.986328 0.835938 0.986328 0.833984 0.988281 0.832031 0.994141 0.832031 0.996094 0.833984 0.998047 0.833984 0.996094 0.833984 0.994141 0.832031 0.996094 0.830078 0.994141 0.828125 0.996094 0.830078 0.994141 0.832031 0.992188 0.832031 0.990234 0.830078 0.990234 0.824219 0.992188 0.822266 0.994141 0.824219 0.996094 0.824219 0.998047 0.822266 0.996094 0.820312 0.996094 0.816406 0.992188 0.816406 0.994141 0.818359 0.994141 0.820312 0.990234 0.824219 0.988281 0.822266 0.990234 0.824219 0.990234 0.828125 0.988281 0.830078 0.984375 0.826172 0.984375 0.822266 0.980469 0.822266 0.978516 0.820312 0.978516 0.818359 0.978516 0.820312 0.980469 0.822266 0.980469 0.824219 0.978516 0.826172 0.974609 0.822266 0.978516 0.826172 0.978516 0.828125 0.976562 0.830078 0.968750 0.822266 0.970703 0.820312 0.970703 0.818359 0.972656 0.816406 0.970703 0.816406 0.970703 0.820312 0.966797 0.824219 0.964844 0.822266 0.964844 0.818359 0.966797 0.816406 0.966797 0.814453 0.964844 0.816406 0.962891 0.816406 0.960938 0.814453 0.960938 0.816406 0.962891 0.816406 0.964844 0.818359 0.964844 0.820312 0.960938 0.824219 0.958984 0.822266 0.958984 0.824219 0.962891 0.828125 0.960938 0.830078 0.958984 0.830078 0.957031 0.828125 0.953125 0.828125 0.949219 0.824219 0.947266 0.826172 0.945312 0.826172 0.943359 0.824219 0.939453 0.824219 0.943359 0.824219 0.945312 0.826172 0.945312 0.828125 0.943359 0.830078 0.941406 0.830078 0.939453 0.832031 0.943359 0.835938 0.939453 0.839844 0.937500 0.837891 0.933594 0.837891 0.937500 0.841797 0.933594 0.845703 0.931641 0.845703 0.929688 0.843750 0.929688 0.841797 0.921875 0.841797 0.921875 0.843750 0.917969 0.847656 0.914062 0.843750 0.919922 0.837891 0.921875 0.837891 0.921875 0.835938 0.919922 0.837891 0.917969 0.837891 0.916016 0.835938 0.917969 0.833984 0.916016 0.833984 0.914062 0.832031 0.916016 0.830078 0.916016 0.824219 0.917969 0.822266 0.916016 0.824219 0.914062 0.822266 0.914062 0.814453 0.917969 0.810547 0.919922 0.812500 0.919922 0.814453 0.919922 0.812500 0.921875 0.810547 0.917969 0.810547 0.914062 0.814453 0.910156 0.814453 0.908203 0.812500 0.910156 0.810547 0.908203 0.810547 0.906250 0.808594 0.908203 0.806641 0.912109 0.806641 0.914062 0.804688 0.914062 0.802734 0.917969 0.798828 0.923828 0.804688 0.923828 0.806641 0.925781 0.808594 0.925781 0.812500 0.927734 0.810547 0.929688 0.812500 0.927734 0.810547 0.931641 0.806641 0.935547 0.810547 0.935547 0.812500 0.937500 0.812500 0.937500 0.810547 0.935547 0.808594 0.937500 0.806641 0.929688 0.806641 0.925781 0.802734 0.925781 0.800781 0.927734 0.798828 0.925781 0.796875 0.927734 0.794922 0.925781 0.792969 0.923828 0.792969 0.921875 0.791016 0.923828 0.789062 0.929688 0.789062 0.927734 0.787109 0.931641 0.783203 0.933594 0.783203 0.935547 0.785156 0.935547 0.787109 0.933594 0.789062 0.935547 0.789062 0.939453 0.792969 0.935547 0.796875 0.933594 0.796875 0.931641 0.794922 0.933594 0.792969 0.931641 0.794922 0.931641 0.796875 0.933594 0.796875 0.935547 0.798828 0.935547 0.800781 0.935547 0.798828 0.937500 0.796875 0.937500 0.794922 0.939453 0.792969 0.941406 0.794922 0.945312 0.791016 0.947266 0.791016 0.949219 0.792969 0.949219 0.794922 0.951172 0.792969 0.953125 0.794922 0.953125 0.796875 0.957031 0.796875 0.958984 0.794922 0.960938 0.796875 0.960938 0.798828 0.960938 0.796875 0.962891 0.794922 0.964844 0.796875 0.964844 0.800781 0.966797 0.802734 0.966797 0.808594 0.970703 0.808594 0.972656 0.810547 0.970703 0.812500 0.974609 0.808594 0.976562 0.808594 0.974609 0.808594 0.972656 0.806641 0.970703 0.808594 0.968750 0.808594 0.966797 0.806641 0.966797 0.804688 0.968750 0.802734 0.974609 0.802734 0.976562 0.804688 0.980469 0.804688 0.982422 0.806641 0.984375 0.804688 0.982422 0.804688 0.980469 0.802734 0.980469 0.794922 0.982422 0.792969 0.984375 0.792969 0.982422 0.791016 0.982422 0.783203 0.980469 0.783203 0.978516 0.785156 0.976562 0.783203 0.974609 0.785156 0.970703 0.781250 0.968750 0.783203 0.964844 0.779297 0.964844 0.777344 0.962891 0.777344 0.958984 0.773438 0.958984 0.769531 0.953125 0.769531 0.951172 0.767578 0.953125 0.765625 0.951172 0.767578 0.949219 0.767578 0.947266 0.765625 0.949219 0.763672 0.947266 0.761719 0.945312 0.761719 0.943359 0.763672 0.945312 0.765625 0.945312 0.767578 0.943359 0.769531 0.941406 0.767578 0.939453 0.767578 0.937500 0.765625 0.939453 0.763672 0.939453 0.761719 0.945312 0.755859 0.947266 0.755859 0.945312 0.755859 0.941406 0.759766 0.939453 0.759766 0.937500 0.761719 0.937500 0.765625 0.935547 0.767578 0.937500 0.769531 0.937500 0.773438 0.935547 0.775391 0.933594 0.773438 0.933594 0.771484 0.931641 0.769531 0.929688 0.769531 0.927734 0.767578 0.929688 0.765625 0.929688 0.763672 0.927734 0.763672 0.923828 0.759766 0.923828 0.757812 0.925781 0.755859 0.929688 0.755859 0.931641 0.757812 0.929688 0.759766 0.931641 0.757812 0.935547 0.757812 0.935547 0.755859 0.933594 0.753906 0.935547 0.751953 0.937500 0.751953 0.939453 0.750000 0.941406 0.750000 0.941406 0.746094 0.939453 0.746094 0.939453 0.748047 0.937500 0.750000 0.935547 0.750000 0.935547 0.751953 0.933594 0.753906 0.929688 0.753906 0.927734 0.751953 0.927734 0.750000 0.929688 0.748047 0.929688 0.746094 0.927734 0.744141 0.929688 0.742188 0.929688 0.738281 0.927734 0.738281 0.925781 0.736328 0.927734 0.734375 0.929688 0.734375 0.929688 0.732422 0.931641 0.730469 0.933594 0.730469 0.935547 0.732422 0.935547 0.734375 0.935547 0.732422 0.933594 0.730469 0.925781 0.730469 0.923828 0.728516 0.927734 0.724609 0.929688 0.724609 0.929688 0.722656 0.925781 0.726562 0.923828 0.726562 0.921875 0.724609 0.921875 0.716797 0.923828 0.714844 0.925781 0.714844 0.925781 0.708984 0.921875 0.712891 0.919922 0.712891 0.916016 0.708984 0.917969 0.707031 0.917969 0.705078 0.916016 0.703125 0.916016 0.701172 0.914062 0.699219 0.914062 0.697266
2 0.402344 0.685547 0.404297 0.687500 0.402344 0.689453 0.402344 0.693359 0.400391 0.695312 0.398438 0.695312 0.396484 0.697266 0.388672 0.697266 0.390625 0.697266 0.392578 0.699219 0.390625 0.701172 0.386719 0.701172 0.384766 0.699219 0.382812 0.701172 0.384766 0.703125 0.386719 0.701172 0.390625 0.701172 0.392578 0.703125 0.390625 0.705078 0.392578 0.705078 0.400391 0.697266 0.404297 0.697266 0.406250 0.699219 0.404297 0.701172 0.402344 0.701172 0.404297 0.703125 0.402344 0.705078 0.400391 0.705078 0.396484 0.708984 0.394531 0.708984 0.394531 0.710938 0.386719 0.718750 0.386719 0.720703 0.384766 0.722656 0.382812 0.720703 0.382812 0.722656 0.384766 0.724609 0.382812 0.726562 0.384766 0.724609 0.386719 0.726562 0.386719 0.734375 0.384766 0.736328 0.382812 0.734375 0.382812 0.730469 0.380859 0.732422 0.378906 0.730469 0.378906 0.732422 0.380859 0.732422 0.382812 0.734375 0.380859 0.736328 0.371094 0.736328 0.373047 0.738281 0.369141 0.742188 0.371094 0.744141 0.373047 0.742188 0.371094 0.740234 0.373047 0.738281 0.376953 0.738281 0.378906 0.740234 0.378906 0.742188 0.378906 0.738281 0.380859 0.736328 0.382812 0.738281 0.388672 0.732422 0.386719 0.730469 0.386719 0.728516 0.388672 0.726562 0.390625 0.726562 0.394531 0.730469 0.392578 0.732422 0.392578 0.734375 0.394531 0.732422 0.396484 0.732422 0.400391 0.728516 0.408203 0.728516 0.410156 0.730469 0.408203 0.732422 0.404297 0.732422 0.404297 0.734375 0.406250 0.732422 0.408203 0.734375 0.408203 0.740234 0.408203 0.738281 0.410156 0.736328 0.408203 0.734375 0.408203 0.732422 0.410156 0.730469 0.406250 0.726562 0.408203 0.724609 0.406250 0.724609 0.404297 0.722656 0.404297 0.718750 0.402344 0.716797 0.404297 0.714844 0.408203 0.714844 0.410156 0.716797 0.410156 0.718750 0.410156 0.716797 0.408203 0.714844 0.408203 0.703125 0.410156 0.701172 0.412109 0.703125 0.412109 0.705078 0.414062 0.707031 0.414062 0.708984 0.412109 0.710938 0.414062 0.710938 0.416016 0.708984 0.417969 0.710938 0.419922 0.708984 0.421875 0.710938 0.423828 0.708984 0.421875 0.707031 0.419922 0.707031 0.417969 0.708984 0.416016 0.707031 0.416016 0.703125 0.414062 0.701172 0.414062 0.697266 0.416016 0.695312 0.417969 0.697266 0.419922 0.697266 0.417969 0.695312 0.417969 0.693359 0.419922 0.691406 0.421875 0.691406 0.423828 0.693359 0.421875 0.691406 0.419922 0.691406 0.417969 0.693359 0.416016 0.693359 0.416016 0.695312 0.414062 0.697266 0.414062 0.699219 0.412109 0.701172 0.410156 0.699219 0.410156 0.697266 0.406250 0.697266 0.404297 0.695312 0.406250 0.693359 0.406250 0.687500 0.404297 0.687500
2 0.751953 0.681641 0.750000 0.683594 0.750000 0.685547 0.751953 0.687500 0.750000 0.689453 0.746094 0.689453 0.746094 0.695312 0.744141 0.697266 0.740234 0.697266 0.742188 0.697266 0.744141 0.699219 0.744141 0.703125 0.748047 0.703125 0.748047 0.701172 0.746094 0.701172 0.744141 0.699219 0.744141 0.697266 0.746094 0.695312 0.748047 0.697266 0.748047 0.693359 0.750000 0.691406 0.751953 0.691406 0.753906 0.693359 0.751953 0.695312 0.753906 0.695312 0.755859 0.697266 0.755859 0.707031 0.753906 0.708984 0.751953 0.707031 0.755859 0.710938 0.753906 0.712891 0.757812 0.716797 0.757812 0.718750 0.761719 0.718750 0.763672 0.720703 0.761719 0.722656 0.761719 0.724609 0.763672 0.724609 0.765625 0.726562 0.765625 0.728516 0.763672 0.730469 0.761719 0.728516 0.759766 0.728516 0.757812 0.726562 0.746094 0.726562 0.744141 0.724609 0.746094 0.722656 0.744141 0.720703 0.748047 0.716797 0.751953 0.720703 0.750000 0.722656 0.753906 0.722656 0.753906 0.718750 0.751953 0.720703 0.750000 0.718750 0.750000 0.714844 0.748047 0.714844 0.746094 0.716797 0.744141 0.716797 0.744141 0.718750 0.742188 0.720703 0.742188 0.722656 0.740234 0.724609 0.738281 0.722656 0.738281 0.724609 0.736328 0.726562 0.736328 0.730469 0.734375 0.732422 0.732422 0.732422 0.732422 0.734375 0.728516 0.738281 0.728516 0.744141 0.730469 0.746094 0.730469 0.748047 0.734375 0.748047 0.734375 0.746094 0.736328 0.744141 0.738281 0.746094 0.738281 0.750000 0.742188 0.750000 0.744141 0.751953 0.744141 0.753906 0.742188 0.755859 0.738281 0.755859 0.742188 0.759766 0.746094 0.755859 0.746094 0.753906 0.750000 0.750000 0.751953 0.750000 0.753906 0.751953 0.751953 0.753906 0.753906 0.751953 0.753906 0.746094 0.757812 0.742188 0.759766 0.744141 0.761719 0.744141 0.763672 0.742188 0.765625 0.742188 0.765625 0.740234 0.763672 0.738281 0.765625 0.736328 0.765625 0.734375 0.767578 0.732422 0.769531 0.734375 0.769531 0.738281 0.769531 0.734375 0.773438 0.730469 0.773438 0.728516 0.775391 0.726562 0.781250 0.726562 0.783203 0.724609 0.785156 0.726562 0.785156 0.728516 0.787109 0.730469 0.785156 0.728516 0.785156 0.720703 0.787109 0.718750 0.787109 0.714844 0.789062 0.712891 0.789062 0.710938 0.787109 0.708984 0.787109 0.707031 0.789062 0.705078 0.789062 0.699219 0.791016 0.697266 0.789062 0.695312 0.791016 0.693359 0.789062 0.691406 0.791016 0.689453 0.787109 0.689453 0.787109 0.691406 0.789062 0.691406 0.791016 0.693359 0.787109 0.697266 0.785156 0.695312 0.785156 0.697266 0.783203 0.699219 0.781250 0.697266 0.781250 0.691406 0.783203 0.689453 0.781250 0.689453 0.781250 0.693359 0.779297 0.695312 0.777344 0.695312 0.779297 0.697266 0.777344 0.699219 0.771484 0.699219 0.771484 0.701172 0.773438 0.703125 0.771484 0.705078 0.773438 0.707031 0.769531 0.710938 0.767578 0.708984 0.767578 0.705078 0.765625 0.703125 0.765625 0.701172 0.763672 0.699219 0.765625 0.697266 0.767578 0.697266 0.769531 0.695312 0.771484 0.695312 0.767578 0.691406 0.769531 0.689453 0.765625 0.685547 0.765625 0.683594 0.763672 0.683594 0.763672 0.685547 0.761719 0.687500 0.759766 0.685547 0.759766 0.683594 0.757812 0.685547 0.755859 0.685547
2 0.015625 0.664062 0.015625 0.666016 0.017578 0.667969 0.015625 0.669922 0.013672 0.669922 0.013672 0.671875 0.015625 0.673828 0.013672 0.675781 0.013672 0.679688 0.015625 0.679688 0.017578 0.681641 0.015625 0.683594 0.017578 0.681641 0.019531 0.681641 0.023438 0.677734 0.023438 0.675781 0.025391 0.673828 0.025391 0.671875 0.027344 0.669922 0.029297 0.669922 0.031250 0.671875 0.033203 0.671875 0.035156 0.673828 0.035156 0.677734 0.035156 0.675781 0.037109 0.673828 0.039062 0.675781 0.039062 0.679688 0.037109 0.681641 0.037109 0.683594 0.035156 0.685547 0.035156 0.687500 0.042969 0.695312 0.039062 0.699219 0.037109 0.697266 0.035156 0.699219 0.031250 0.699219 0.035156 0.703125 0.035156 0.705078 0.031250 0.708984 0.029297 0.707031 0.029297 0.708984 0.027344 0.710938 0.029297 0.712891 0.029297 0.714844 0.025391 0.718750 0.023438 0.716797 0.023438 0.708984 0.025391 0.707031 0.025391 0.705078 0.027344 0.703125 0.027344 0.701172 0.025391 0.699219 0.023438 0.701172 0.021484 0.701172 0.019531 0.699219 0.019531 0.695312 0.015625 0.695312 0.013672 0.697266 0.011719 0.695312 0.009766 0.697266 0.007812 0.695312 0.007812 0.693359 0.005859 0.693359 0.005859 0.695312 0.003906 0.697266 0.001953 0.697266 0.003906 0.697266 0.005859 0.695312 0.007812 0.695312 0.011719 0.699219 0.011719 0.701172 0.009766 0.703125 0.007812 0.701172 0.007812 0.703125 0.005859 0.705078 0.003906 0.703125 0.003906 0.701172 0.001953 0.701172 0.000000 0.703125 0.000000 0.705078 0.001953 0.705078 0.003906 0.707031 0.003906 0.710938 0.005859 0.712891 0.003906 0.714844 0.001953 0.714844 0.003906 0.716797 0.000000 0.720703 0.000000 0.722656 0.001953 0.724609 0.000000 0.726562 0.000000 0.736328 0.001953 0.738281 0.007812 0.738281 0.011719 0.742188 0.011719 0.738281 0.009766 0.736328 0.011719 0.734375 0.013672 0.734375 0.015625 0.732422 0.021484 0.732422 0.021484 0.730469 0.019531 0.732422 0.015625 0.732422 0.013672 0.734375 0.011719 0.734375 0.009766 0.736328 0.007812 0.734375 0.007812 0.732422 0.005859 0.732422 0.003906 0.730469 0.007812 0.734375 0.005859 0.736328 0.001953 0.736328 0.000000 0.734375 0.000000 0.728516 0.001953 0.726562 0.001953 0.724609 0.000000 0.722656 0.000000 0.720703 0.001953 0.718750 0.003906 0.718750 0.005859 0.720703 0.005859 0.724609 0.007812 0.722656 0.011719 0.726562 0.013672 0.726562 0.017578 0.722656 0.019531 0.722656 0.023438 0.726562 0.025391 0.726562 0.033203 0.734375 0.033203 0.736328 0.035156 0.734375 0.037109 0.734375 0.039062 0.736328 0.037109 0.738281 0.039062 0.740234 0.041016 0.738281 0.042969 0.740234 0.042969 0.742188 0.046875 0.746094 0.046875 0.748047 0.044922 0.750000 0.042969 0.750000 0.041016 0.748047 0.041016 0.746094 0.039062 0.744141 0.041016 0.746094 0.041016 0.748047 0.042969 0.750000 0.042969 0.751953 0.044922 0.753906 0.042969 0.755859 0.035156 0.755859 0.033203 0.753906 0.035156 0.751953 0.031250 0.751953 0.029297 0.750000 0.029297 0.746094 0.027344 0.744141 0.029297 0.742188 0.029297 0.740234 0.027344 0.742188 0.027344 0.744141 0.025391 0.746094 0.023438 0.744141 0.023438 0.740234 0.021484 0.740234 0.019531 0.738281 0.021484 0.736328 0.017578 0.736328 0.015625 0.738281 0.019531 0.738281 0.021484 0.740234 0.021484 0.744141 0.023438 0.744141 0.025391 0.746094 0.025391 0.748047 0.021484 0.751953 0.019531 0.750000 0.017578 0.750000 0.017578 0.751953 0.015625 0.753906 0.013672 0.751953 0.013672 0.746094 0.013672 0.748047 0.009766 0.751953 0.005859 0.751953 0.005859 0.753906 0.007812 0.755859 0.009766 0.753906 0.011719 0.755859 0.011719 0.757812 0.009766 0.759766 0.011719 0.759766 0.013672 0.761719 0.015625 0.761719 0.017578 0.763672 0.017578 0.765625 0.019531 0.765625 0.019531 0.763672 0.017578 0.763672 0.015625 0.761719 0.017578 0.759766 0.019531 0.759766 0.019531 0.755859 0.021484 0.753906 0.023438 0.755859 0.023438 0.757812 0.025391 0.757812 0.023438 0.755859 0.023438 0.753906 0.025391 0.751953 0.029297 0.755859 0.031250 0.755859 0.035156 0.759766 0.033203 0.761719 0.033203 0.763672 0.031250 0.765625 0.029297 0.765625 0.029297 0.767578 0.031250 0.769531 0.031250 0.771484 0.029297 0.773438 0.023438 0.767578 0.023438 0.769531 0.021484 0.771484 0.017578 0.771484 0.013672 0.767578 0.013672 0.765625 0.013672 0.767578 0.011719 0.769531 0.011719 0.771484 0.013672 0.771484 0.015625 0.773438 0.023438 0.773438 0.025391 0.775391 0.023438 0.777344 0.023438 0.781250 0.027344 0.777344 0.029297 0.779297 0.027344 0.777344 0.029297 0.775391 0.029297 0.773438 0.031250 0.771484 0.033203 0.771484 0.035156 0.769531 0.033203 0.767578 0.035156 0.765625 0.037109 0.765625 0.037109 0.763672 0.041016 0.759766 0.039062 0.761719 0.037109 0.759766 0.037109 0.757812 0.039062 0.755859 0.042969 0.755859 0.044922 0.753906 0.048828 0.757812 0.050781 0.757812 0.052734 0.759766 0.052734 0.765625 0.050781 0.767578 0.050781 0.769531 0.048828 0.771484 0.046875 0.769531 0.046875 0.765625 0.044922 0.767578 0.044922 0.769531 0.041016 0.773438 0.039062 0.771484 0.039062 0.777344 0.039062 0.775391 0.044922 0.769531 0.046875 0.771484 0.046875 0.773438 0.048828 0.771484 0.050781 0.771484 0.052734 0.773438 0.052734 0.775391 0.054688 0.777344 0.050781 0.781250 0.048828 0.781250 0.048828 0.783203 0.046875 0.785156 0.044922 0.783203 0.044922 0.777344 0.042969 0.779297 0.044922 0.781250 0.042969 0.783203 0.039062 0.783203 0.037109 0.781250 0.035156 0.781250 0.033203 0.783203 0.033203 0.785156 0.031250 0.787109 0.029297 0.787109 0.027344 0.789062 0.029297 0.791016 0.027344 0.792969 0.025391 0.792969 0.023438 0.794922 0.021484 0.792969 0.021484 0.791016 0.019531 0.789062 0.015625 0.789062 0.013672 0.787109 0.015625 0.785156 0.019531 0.785156 0.019531 0.783203 0.013672 0.783203 0.011719 0.785156 0.009766 0.783203 0.007812 0.785156 0.005859 0.783203 0.003906 0.783203 0.000000 0.779297 0.000000 0.771484 0.000000 0.796875 0.001953 0.798828 0.003906 0.798828 0.003906 0.796875 0.001953 0.794922 0.005859 0.791016 0.007812 0.792969 0.007812 0.794922 0.009766 0.796875 0.009766 0.792969 0.013672 0.789062 0.015625 0.791016 0.019531 0.791016 0.021484 0.792969 0.021484 0.794922 0.019531 0.796875 0.017578 0.796875 0.017578 0.798828 0.019531 0.798828 0.023438 0.802734 0.021484 0.804688 0.017578 0.804688 0.015625 0.802734 0.013672 0.804688 0.009766 0.804688 0.013672 0.808594 0.011719 0.810547 0.007812 0.810547 0.003906 0.806641 0.003906 0.810547 0.005859 0.808594 0.007812 0.810547 0.011719 0.810547 0.013672 0.812500 0.011719 0.814453 0.011719 0.816406 0.013672 0.818359 0.013672 0.820312 0.013672 0.816406 0.011719 0.814453 0.015625 0.810547 0.017578 0.812500 0.019531 0.812500 0.023438 0.816406 0.021484 0.818359 0.021484 0.820312 0.019531 0.822266 0.017578 0.822266 0.015625 0.824219 0.015625 0.826172 0.013672 0.828125 0.009766 0.828125 0.005859 0.824219 0.003906 0.826172 0.000000 0.822266 0.000000 0.824219 0.001953 0.826172 0.000000 0.828125 0.000000 0.830078 0.001953 0.830078 0.003906 0.832031 0.005859 0.830078 0.007812 0.832031 0.009766 0.832031 0.009766 0.830078 0.011719 0.828125 0.013672 0.830078 0.015625 0.830078 0.013672 0.828125 0.015625 0.826172 0.015625 0.824219 0.017578 0.822266 0.021484 0.822266 0.023438 0.820312 0.023438 0.818359 0.027344 0.814453 0.031250 0.818359 0.031250 0.820312 0.031250 0.814453 0.029297 0.812500 0.027344 0.812500 0.025391 0.810547 0.027344 0.808594 0.027344 0.806641 0.027344 0.808594 0.025391 0.810547 0.023438 0.808594 0.023438 0.802734 0.021484 0.800781 0.025391 0.796875 0.029297 0.800781 0.029297 0.802734 0.031250 0.804688 0.035156 0.804688 0.037109 0.806641 0.037109 0.810547 0.039062 0.812500 0.041016 0.810547 0.035156 0.804688 0.037109 0.802734 0.035156 0.804688 0.033203 0.802734 0.031250 0.802734 0.027344 0.798828 0.029297 0.796875 0.027344 0.794922 0.027344 0.792969 0.031250 0.789062 0.039062 0.789062 0.041016 0.787109 0.042969 0.787109 0.044922 0.785156 0.046875 0.787109 0.046875 0.789062 0.048828 0.791016 0.046875 0.792969 0.046875 0.800781 0.044922 0.802734 0.042969 0.800781 0.042969 0.796875 0.041016 0.794922 0.042969 0.792969 0.042969 0.791016 0.041016 0.792969 0.039062 0.792969 0.039062 0.794922 0.042969 0.798828 0.042969 0.806641 0.044922 0.808594 0.044922 0.810547 0.046875 0.808594 0.048828 0.810547 0.048828 0.808594 0.050781 0.806641 0.054688 0.806641 0.054688 0.804688 0.050781 0.804688 0.046875 0.800781 0.046875 0.792969 0.048828 0.791016 0.050781 0.792969 0.050781 0.798828 0.052734 0.798828 0.054688 0.800781 0.060547 0.800781 0.062500 0.802734 0.064453 0.802734 0.066406 0.804688 0.068359 0.804688 0.070312 0.802734 0.078125 0.802734 0.080078 0.804688 0.083984 0.800781 0.085938 0.802734 0.083984 0.800781 0.087891 0.796875 0.089844 0.796875 0.091797 0.794922 0.089844 0.796875 0.087891 0.796875 0.085938 0.798828 0.083984 0.798828 0.080078 0.802734 0.078125 0.802734 0.076172 0.800781 0.074219 0.800781 0.072266 0.802734 0.068359 0.802734 0.066406 0.804688 0.064453 0.802734 0.062500 0.802734 0.060547 0.800781 0.064453 0.796875 0.062500 0.796875 0.060547 0.794922 0.062500 0.792969 0.060547 0.792969 0.058594 0.791016 0.054688 0.791016 0.052734 0.789062 0.054688 0.787109 0.058594 0.787109 0.056641 0.787109 0.054688 0.785156 0.052734 0.785156 0.050781 0.783203 0.052734 0.781250 0.058594 0.781250 0.060547 0.783203 0.062500 0.783203 0.066406 0.787109 0.066406 0.792969 0.068359 0.794922 0.068359 0.796875 0.070312 0.794922 0.072266 0.796875 0.074219 0.794922 0.072266 0.792969 0.074219 0.791016 0.076172 0.791016 0.078125 0.792969 0.078125 0.789062 0.080078 0.787109 0.082031 0.789062 0.083984 0.787109 0.080078 0.787109 0.078125 0.785156 0.080078 0.783203 0.083984 0.783203 0.083984 0.777344 0.080078 0.773438 0.078125 0.773438 0.074219 0.769531 0.076172 0.767578 0.076172 0.763672 0.074219 0.763672 0.072266 0.761719 0.072266 0.759766 0.074219 0.757812 0.072266 0.755859 0.072266 0.757812 0.070312 0.759766 0.068359 0.757812 0.066406 0.757812 0.066406 0.759766 0.064453 0.761719 0.062500 0.761719 0.060547 0.759766 0.062500 0.757812 0.062500 0.755859 0.066406 0.751953 0.068359 0.753906 0.068359 0.751953 0.066406 0.750000 0.068359 0.748047 0.072266 0.748047 0.072266 0.746094 0.074219 0.744141 0.074219 0.742188 0.074219 0.744141 0.072266 0.746094 0.070312 0.744141 0.070312 0.740234 0.068359 0.742188 0.066406 0.740234 0.066406 0.738281 0.070312 0.734375 0.070312 0.732422 0.072266 0.730469 0.074219 0.730469 0.076172 0.732422 0.076172 0.736328 0.078125 0.738281 0.080078 0.736328 0.083984 0.736328 0.085938 0.738281 0.083984 0.736328 0.082031 0.736328 0.080078 0.734375 0.082031 0.732422 0.078125 0.736328 0.076172 0.734375 0.076172 0.732422 0.074219 0.730469 0.072266 0.730469 0.070312 0.728516 0.072266 0.730469 0.070312 0.732422 0.068359 0.732422 0.068359 0.734375 0.066406 0.736328 0.064453 0.736328 0.066406 0.738281 0.066406 0.742188 0.068359 0.744141 0.068359 0.748047 0.066406 0.750000 0.064453 0.750000 0.062500 0.748047 0.062500 0.746094 0.062500 0.748047 0.060547 0.750000 0.060547 0.751953 0.058594 0.753906 0.058594 0.755859 0.056641 0.757812 0.054688 0.757812 0.052734 0.755859 0.052734 0.753906 0.054688 0.751953 0.048828 0.757812 0.044922 0.753906 0.046875 0.751953 0.048828 0.751953 0.050781 0.750000 0.048828 0.748047 0.048828 0.744141 0.046875 0.742188 0.048828 0.740234 0.052734 0.740234 0.054688 0.742188 0.056641 0.740234 0.058594 0.742188 0.060547 0.742188 0.060547 0.732422 0.062500 0.730469 0.064453 0.732422 0.064453 0.730469 0.066406 0.728516 0.064453 0.726562 0.062500 0.726562 0.064453 0.726562 0.066406 0.728516 0.064453 0.730469 0.062500 0.730469 0.060547 0.732422 0.058594 0.732422 0.060547 0.734375 0.056641 0.738281 0.054688 0.738281 0.052734 0.740234 0.050781 0.738281 0.050781 0.734375 0.048828 0.734375 0.048828 0.736328 0.044922 0.740234 0.041016 0.736328 0.039062 0.736328 0.037109 0.734375 0.037109 0.732422 0.035156 0.730469 0.035156 0.728516 0.037109 0.726562 0.039062 0.726562 0.041016 0.724609 0.041016 0.718750 0.042969 0.716797 0.046875 0.720703 0.044922 0.722656 0.046875 0.724609 0.044922 0.726562 0.046875 0.728516 0.044922 0.730469 0.042969 0.730469 0.044922 0.730469 0.046875 0.728516 0.046875 0.726562 0.048828 0.724609 0.052734 0.728516 0.050781 0.730469 0.052734 0.728516 0.054688 0.730469 0.054688 0.728516 0.052734 0.728516 0.050781 0.726562 0.052734 0.724609 0.054688 0.724609 0.056641 0.722656 0.050781 0.722656 0.048828 0.720703 0.052734 0.716797 0.054688 0.718750 0.058594 0.718750 0.062500 0.722656 0.066406 0.722656 0.068359 0.724609 0.068359 0.722656 0.066406 0.722656 0.064453 0.720703 0.066406 0.718750 0.068359 0.718750 0.068359 0.716797 0.070312 0.714844 0.070312 0.712891 0.072266 0.710938 0.074219 0.710938 0.076172 0.712891 0.074219 0.710938 0.072266 0.710938 0.066406 0.716797 0.066406 0.718750 0.064453 0.720703 0.062500 0.718750 0.062500 0.716797 0.060547 0.714844 0.060547 0.710938 0.058594 0.708984 0.058594 0.707031 0.056641 0.705078 0.058594 0.703125 0.060547 0.703125 0.062500 0.705078 0.062500 0.707031 0.064453 0.707031 0.066406 0.708984 0.064453 0.710938 0.066406 0.710938 0.068359 0.708984 0.068359 0.707031 0.066406 0.707031 0.064453 0.705078 0.064453 0.703125 0.066406 0.701172 0.068359 0.703125 0.068359 0.695312 0.066406 0.695312 0.064453 0.697266 0.060547 0.697266 0.058594 0.695312 0.058594 0.693359 0.060547 0.691406 0.062500 0.691406 0.064453 0.689453 0.062500 0.691406 0.060547 0.689453 0.060547 0.687500 0.064453 0.683594 0.066406 0.683594 0.070312 0.679688 0.068359 0.679688 0.066406 0.681641 0.064453 0.679688 0.062500 0.679688 0.060547 0.677734 0.060547 0.675781 0.060547 0.679688 0.056641 0.683594 0.054688 0.683594 0.052734 0.681641 0.054688 0.679688 0.054688 0.675781 0.054688 0.679688 0.052734 0.681641 0.054688 0.683594 0.054688 0.685547 0.052734 0.687500 0.050781 0.687500 0.048828 0.685547 0.048828 0.679688 0.048828 0.681641 0.046875 0.683594 0.042969 0.683594 0.042969 0.689453 0.041016 0.691406 0.037109 0.687500 0.037109 0.683594 0.041016 0.679688 0.044922 0.679688 0.044922 0.675781 0.046875 0.673828 0.044922 0.671875 0.041016 0.671875 0.039062 0.669922 0.035156 0.669922 0.033203 0.667969 0.033203 0.666016 0.031250 0.667969 0.027344 0.664062 0.025391 0.666016 0.025391 0.667969 0.027344 0.669922 0.023438 0.673828 0.023438 0.677734 0.021484 0.679688 0.019531 0.677734 0.019531 0.667969 0.017578 0.667969 0.015625 0.666016 0.017578 0.664062 0.019531 0.664062
2 0.951172 0.640625 0.951172 0.642578 0.953125 0.644531 0.951172 0.646484 0.951172 0.650391 0.947266 0.654297 0.945312 0.654297 0.945312 0.658203 0.943359 0.660156 0.941406 0.660156 0.943359 0.662109 0.947266 0.662109 0.949219 0.664062 0.949219 0.666016 0.951172 0.664062 0.957031 0.664062 0.958984 0.666016 0.957031 0.667969 0.955078 0.667969 0.953125 0.669922 0.955078 0.671875 0.957031 0.669922 0.958984 0.669922 0.960938 0.667969 0.964844 0.671875 0.960938 0.675781 0.958984 0.675781 0.958984 0.677734 0.960938 0.677734 0.962891 0.679688 0.962891 0.681641 0.958984 0.685547 0.958984 0.689453 0.960938 0.689453 0.962891 0.691406 0.960938 0.693359 0.962891 0.695312 0.962891 0.697266 0.960938 0.699219 0.958984 0.699219 0.958984 0.703125 0.960938 0.703125 0.960938 0.701172 0.962891 0.699219 0.964844 0.701172 0.968750 0.701172 0.970703 0.703125 0.972656 0.703125 0.972656 0.697266 0.974609 0.695312 0.976562 0.695312 0.978516 0.693359 0.980469 0.693359 0.982422 0.691406 0.984375 0.691406 0.986328 0.689453 0.992188 0.689453 0.994141 0.687500 0.996094 0.689453 0.996094 0.691406 0.998047 0.693359 0.998047 0.689453 0.996094 0.689453 0.994141 0.687500 0.994141 0.683594 0.992188 0.681641 0.994141 0.679688 0.992188 0.677734 0.992188 0.673828 0.992188 0.679688 0.990234 0.681641 0.986328 0.681641 0.984375 0.683594 0.982422 0.681641 0.982422 0.679688 0.984375 0.677734 0.984375 0.675781 0.984375 0.677734 0.982422 0.679688 0.980469 0.679688 0.978516 0.677734 0.978516 0.671875 0.980469 0.669922 0.982422 0.669922 0.984375 0.667969 0.984375 0.666016 0.980469 0.662109 0.980469 0.664062 0.976562 0.667969 0.972656 0.664062 0.972656 0.658203 0.974609 0.656250 0.972656 0.658203 0.966797 0.658203 0.966797 0.660156 0.964844 0.662109 0.962891 0.660156 0.962891 0.658203 0.960938 0.656250 0.960938 0.654297 0.958984 0.652344 0.958984 0.658203 0.960938 0.660156 0.958984 0.662109 0.957031 0.662109 0.953125 0.658203 0.953125 0.656250 0.953125 0.658203 0.955078 0.660156 0.955078 0.662109 0.953125 0.664062 0.949219 0.664062 0.947266 0.662109 0.949219 0.660156 0.949219 0.656250 0.947266 0.654297 0.949219 0.652344 0.953125 0.652344 0.953125 0.650391 0.957031 0.646484 0.958984 0.648438 0.957031 0.646484 0.955078 0.648438 0.953125 0.648438 0.951172 0.646484 0.953125 0.644531 0.953125 0.642578
2 0.626953 0.634766 0.626953 0.636719 0.625000 0.638672 0.623047 0.638672 0.621094 0.640625 0.615234 0.640625 0.609375 0.646484 0.609375 0.650391 0.611328 0.652344 0.611328 0.656250 0.613281 0.654297 0.613281 0.652344 0.609375 0.648438 0.609375 0.646484 0.611328 0.644531 0.613281 0.646484 0.619141 0.646484 0.621094 0.648438 0.619141 0.650391 0.617188 0.650391 0.621094 0.650391 0.623047 0.652344 0.623047 0.656250 0.625000 0.656250 0.625000 0.654297 0.626953 0.652344 0.628906 0.652344 0.632812 0.656250 0.634766 0.656250 0.636719 0.658203 0.640625 0.658203 0.642578 0.660156 0.642578 0.662109 0.644531 0.662109 0.646484 0.664062 0.642578 0.667969 0.640625 0.666016 0.638672 0.666016 0.636719 0.664062 0.638672 0.662109 0.636719 0.662109 0.636719 0.664062 0.634766 0.666016 0.632812 0.666016 0.630859 0.667969 0.626953 0.664062 0.623047 0.664062 0.623047 0.666016 0.626953 0.669922 0.626953 0.671875 0.628906 0.673828 0.626953 0.675781 0.626953 0.679688 0.625000 0.681641 0.617188 0.681641 0.615234 0.683594 0.611328 0.683594 0.609375 0.681641 0.611328 0.679688 0.613281 0.679688 0.609375 0.679688 0.607422 0.681641 0.605469 0.681641 0.607422 0.681641 0.609375 0.683594 0.611328 0.683594 0.613281 0.685547 0.615234 0.685547 0.617188 0.687500 0.617188 0.689453 0.615234 0.691406 0.617188 0.691406 0.621094 0.695312 0.621094 0.697266 0.619141 0.699219 0.621094 0.701172 0.619141 0.703125 0.615234 0.703125 0.615234 0.705078 0.617188 0.707031 0.615234 0.708984 0.617188 0.707031 0.619141 0.707031 0.621094 0.705078 0.623047 0.705078 0.626953 0.708984 0.625000 0.710938 0.621094 0.710938 0.621094 0.712891 0.623047 0.712891 0.625000 0.714844 0.625000 0.716797 0.626953 0.718750 0.625000 0.720703 0.623047 0.720703 0.625000 0.720703 0.626953 0.722656 0.621094 0.728516 0.623047 0.728516 0.625000 0.730469 0.626953 0.730469 0.628906 0.732422 0.626953 0.734375 0.619141 0.734375 0.617188 0.732422 0.617188 0.736328 0.611328 0.742188 0.609375 0.740234 0.607422 0.742188 0.605469 0.742188 0.605469 0.748047 0.603516 0.750000 0.601562 0.748047 0.601562 0.740234 0.599609 0.742188 0.599609 0.744141 0.597656 0.746094 0.597656 0.750000 0.593750 0.753906 0.591797 0.753906 0.589844 0.751953 0.591797 0.750000 0.587891 0.750000 0.585938 0.748047 0.585938 0.744141 0.583984 0.746094 0.582031 0.744141 0.582031 0.740234 0.580078 0.738281 0.580078 0.740234 0.578125 0.742188 0.578125 0.744141 0.576172 0.746094 0.576172 0.751953 0.578125 0.750000 0.582031 0.753906 0.580078 0.755859 0.578125 0.755859 0.576172 0.757812 0.578125 0.755859 0.580078 0.755859 0.582031 0.753906 0.582031 0.751953 0.580078 0.751953 0.578125 0.750000 0.580078 0.748047 0.580078 0.746094 0.582031 0.744141 0.583984 0.746094 0.583984 0.748047 0.585938 0.748047 0.587891 0.750000 0.587891 0.751953 0.589844 0.751953 0.595703 0.757812 0.595703 0.755859 0.593750 0.753906 0.597656 0.750000 0.599609 0.751953 0.599609 0.755859 0.599609 0.751953 0.597656 0.750000 0.599609 0.748047 0.601562 0.748047 0.603516 0.750000 0.603516 0.753906 0.603516 0.751953 0.605469 0.750000 0.607422 0.750000 0.611328 0.753906 0.613281 0.753906 0.615234 0.755859 0.611328 0.759766 0.607422 0.755859 0.605469 0.757812 0.605469 0.759766 0.605469 0.757812 0.607422 0.755859 0.611328 0.759766 0.611328 0.763672 0.613281 0.765625 0.615234 0.765625 0.613281 0.763672 0.615234 0.761719 0.615234 0.753906 0.617188 0.751953 0.619141 0.751953 0.621094 0.753906 0.619141 0.755859 0.621094 0.757812 0.621094 0.759766 0.623047 0.757812 0.621094 0.755859 0.623047 0.753906 0.621094 0.751953 0.623047 0.750000 0.625000 0.750000 0.623047 0.748047 0.623047 0.746094 0.625000 0.744141 0.626953 0.744141 0.626953 0.742188 0.628906 0.740234 0.626953 0.738281 0.628906 0.736328 0.628906 0.734375 0.632812 0.730469 0.634766 0.732422 0.634766 0.734375 0.634766 0.730469 0.632812 0.730469 0.630859 0.732422 0.626953 0.728516 0.628906 0.726562 0.626953 0.724609 0.626953 0.718750 0.630859 0.714844 0.632812 0.716797 0.634766 0.716797 0.636719 0.718750 0.634766 0.720703 0.634766 0.722656 0.632812 0.724609 0.632812 0.726562 0.634766 0.724609 0.638672 0.728516 0.642578 0.724609 0.646484 0.728516 0.646484 0.730469 0.642578 0.734375 0.640625 0.732422 0.640625 0.734375 0.644531 0.734375 0.646484 0.736328 0.648438 0.736328 0.650391 0.738281 0.648438 0.740234 0.646484 0.740234 0.648438 0.742188 0.650391 0.740234 0.652344 0.742188 0.652344 0.744141 0.650391 0.746094 0.650391 0.748047 0.652344 0.748047 0.654297 0.750000 0.654297 0.751953 0.656250 0.751953 0.660156 0.755859 0.662109 0.755859 0.664062 0.753906 0.666016 0.753906 0.667969 0.755859 0.666016 0.757812 0.669922 0.757812 0.671875 0.759766 0.671875 0.761719 0.673828 0.763672 0.671875 0.761719 0.673828 0.759766 0.677734 0.759766 0.681641 0.763672 0.683594 0.763672 0.681641 0.763672 0.679688 0.761719 0.683594 0.757812 0.685547 0.759766 0.689453 0.759766 0.691406 0.757812 0.693359 0.759766 0.693359 0.761719 0.691406 0.763672 0.693359 0.765625 0.695312 0.763672 0.697266 0.763672 0.699219 0.765625 0.699219 0.767578 0.697266 0.769531 0.695312 0.769531 0.697266 0.769531 0.699219 0.767578 0.699219 0.765625 0.697266 0.763672 0.699219 0.761719 0.703125 0.761719 0.707031 0.765625 0.703125 0.769531 0.705078 0.767578 0.707031 0.767578 0.708984 0.765625 0.710938 0.765625 0.714844 0.769531 0.712891 0.771484 0.714844 0.771484 0.714844 0.769531 0.716797 0.767578 0.716797 0.765625 0.714844 0.763672 0.710938 0.763672 0.708984 0.761719 0.710938 0.759766 0.710938 0.757812 0.708984 0.757812 0.707031 0.755859 0.707031 0.751953 0.708984 0.750000 0.712891 0.750000 0.712891 0.742188 0.714844 0.740234 0.716797 0.740234 0.718750 0.742188 0.716797 0.744141 0.718750 0.744141 0.720703 0.746094 0.720703 0.748047 0.718750 0.750000 0.724609 0.750000 0.724609 0.742188 0.722656 0.740234 0.724609 0.738281 0.722656 0.736328 0.722656 0.734375 0.720703 0.736328 0.716797 0.732422 0.720703 0.728516 0.718750 0.728516 0.718750 0.730469 0.716797 0.732422 0.718750 0.734375 0.716797 0.736328 0.714844 0.736328 0.710938 0.732422 0.714844 0.728516 0.712891 0.726562 0.712891 0.722656 0.714844 0.720703 0.716797 0.722656 0.716797 0.724609 0.718750 0.722656 0.720703 0.724609 0.722656 0.724609 0.724609 0.722656 0.722656 0.720703 0.724609 0.718750 0.724609 0.716797 0.726562 0.714844 0.728516 0.714844 0.728516 0.710938 0.726562 0.708984 0.728516 0.707031 0.726562 0.705078 0.728516 0.707031 0.726562 0.708984 0.728516 0.710938 0.724609 0.714844 0.722656 0.712891 0.722656 0.710938 0.708984 0.710938 0.707031 0.708984 0.708984 0.707031 0.710938 0.707031 0.708984 0.707031 0.705078 0.710938 0.703125 0.708984 0.703125 0.707031 0.705078 0.705078 0.705078 0.703125 0.703125 0.705078 0.703125 0.712891 0.705078 0.714844 0.703125 0.716797 0.701172 0.716797 0.697266 0.712891 0.699219 0.710938 0.697266 0.708984 0.699219 0.707031 0.699219 0.705078 0.699219 0.707031 0.697266 0.708984 0.691406 0.708984 0.689453 0.707031 0.693359 0.703125 0.695312 0.703125 0.693359 0.703125 0.691406 0.701172 0.687500 0.701172 0.683594 0.705078 0.681641 0.705078 0.681641 0.708984 0.683594 0.707031 0.683594 0.705078 0.685547 0.703125 0.687500 0.703125 0.689453 0.705078 0.687500 0.707031 0.687500 0.710938 0.685547 0.712891 0.687500 0.714844 0.689453 0.712891 0.691406 0.714844 0.691406 0.716797 0.695312 0.716797 0.697266 0.718750 0.695312 0.720703 0.687500 0.720703 0.685547 0.718750 0.685547 0.720703 0.683594 0.722656 0.683594 0.724609 0.681641 0.726562 0.679688 0.724609 0.679688 0.722656 0.677734 0.720703 0.679688 0.718750 0.681641 0.718750 0.679688 0.716797 0.677734 0.718750 0.675781 0.718750 0.671875 0.714844 0.671875 0.712891 0.673828 0.710938 0.667969 0.716797 0.666016 0.716797 0.667969 0.718750 0.664062 0.722656 0.662109 0.720703 0.660156 0.720703 0.658203 0.722656 0.658203 0.724609 0.656250 0.726562 0.654297 0.724609 0.654297 0.720703 0.658203 0.716797 0.662109 0.716797 0.662109 0.712891 0.666016 0.708984 0.664062 0.710938 0.662109 0.708984 0.662109 0.707031 0.660156 0.707031 0.658203 0.705078 0.656250 0.705078 0.654297 0.703125 0.656250 0.701172 0.652344 0.701172 0.650391 0.699219 0.650391 0.695312 0.652344 0.693359 0.656250 0.693359 0.660156 0.697266 0.662109 0.697266 0.664062 0.695312 0.666016 0.695312 0.667969 0.697266 0.671875 0.693359 0.675781 0.697266 0.675781 0.703125 0.675781 0.699219 0.677734 0.697266 0.677734 0.693359 0.675781 0.695312 0.673828 0.695312 0.669922 0.691406 0.669922 0.689453 0.667969 0.687500 0.669922 0.685547 0.673828 0.685547 0.675781 0.687500 0.673828 0.685547 0.673828 0.683594 0.675781 0.681641 0.673828 0.679688 0.675781 0.677734 0.675781 0.671875 0.673828 0.671875 0.671875 0.669922 0.671875 0.666016 0.673828 0.664062 0.671875 0.662109 0.671875 0.660156 0.673828 0.658203 0.675781 0.660156 0.673828 0.658203 0.671875 0.658203 0.669922 0.660156 0.669922 0.664062 0.671875 0.666016 0.669922 0.667969 0.667969 0.667969 0.667969 0.669922 0.669922 0.667969 0.671875 0.669922 0.671875 0.671875 0.673828 0.673828 0.673828 0.677734 0.671875 0.679688 0.671875 0.681641 0.669922 0.683594 0.667969 0.683594 0.666016 0.681641 0.666016 0.679688 0.664062 0.679688 0.662109 0.681641 0.660156 0.681641 0.658203 0.679688 0.658203 0.681641 0.656250 0.683594 0.654297 0.683594 0.652344 0.681641 0.652344 0.675781 0.650391 0.673828 0.654297 0.669922 0.656250 0.671875 0.658203 0.671875 0.660156 0.673828 0.664062 0.673828 0.662109 0.671875 0.664062 0.669922 0.658203 0.669922 0.654297 0.666016 0.652344 0.666016 0.650391 0.667969 0.648438 0.666016 0.648438 0.664062 0.652344 0.660156 0.654297 0.662109 0.654297 0.658203 0.652344 0.656250 0.652344 0.654297 0.656250 0.650391 0.658203 0.650391 0.658203 0.646484 0.656250 0.648438 0.652344 0.644531 0.650391 0.646484 0.648438 0.644531 0.644531 0.644531 0.646484 0.646484 0.648438 0.646484 0.650391 0.648438 0.650391 0.650391 0.648438 0.652344 0.646484 0.652344 0.648438 0.652344 0.650391 0.654297 0.648438 0.656250 0.648438 0.658203 0.646484 0.660156 0.644531 0.660156 0.642578 0.658203 0.642578 0.654297 0.640625 0.652344 0.640625 0.650391 0.638672 0.652344 0.636719 0.650391 0.636719 0.648438 0.640625 0.644531 0.640625 0.642578 0.642578 0.640625 0.640625 0.642578 0.638672 0.642578 0.636719 0.644531 0.636719 0.646484 0.632812 0.650391 0.625000 0.650391 0.623047 0.648438 0.625000 0.646484 0.628906 0.646484 0.626953 0.646484 0.625000 0.644531 0.625000 0.642578 0.626953 0.640625
2 0.853516 0.626953 0.849609 0.630859 0.847656 0.630859 0.849609 0.630859 0.851562 0.628906 0.855469 0.632812 0.855469 0.634766 0.857422 0.636719 0.857422 0.638672 0.855469 0.640625 0.853516 0.640625 0.861328 0.640625 0.863281 0.642578 0.859375 0.646484 0.857422 0.646484 0.861328 0.646484 0.863281 0.648438 0.863281 0.650391 0.861328 0.652344 0.859375 0.650391 0.861328 0.652344 0.859375 0.654297 0.857422 0.654297 0.853516 0.650391 0.853516 0.646484 0.851562 0.648438 0.857422 0.654297 0.855469 0.656250 0.849609 0.656250 0.851562 0.658203 0.849609 0.660156 0.849609 0.662109 0.847656 0.664062 0.845703 0.662109 0.845703 0.664062 0.843750 0.666016 0.843750 0.667969 0.841797 0.669922 0.839844 0.667969 0.839844 0.664062 0.833984 0.664062 0.832031 0.662109 0.832031 0.660156 0.826172 0.660156 0.830078 0.664062 0.832031 0.662109 0.833984 0.664062 0.835938 0.664062 0.837891 0.666016 0.835938 0.667969 0.835938 0.669922 0.839844 0.669922 0.841797 0.671875 0.845703 0.671875 0.845703 0.669922 0.847656 0.667969 0.849609 0.667969 0.851562 0.669922 0.849609 0.671875 0.853516 0.671875 0.855469 0.673828 0.855469 0.677734 0.853516 0.679688 0.851562 0.677734 0.851562 0.675781 0.849609 0.675781 0.849609 0.677734 0.851562 0.679688 0.855469 0.679688 0.857422 0.677734 0.859375 0.677734 0.861328 0.679688 0.863281 0.679688 0.865234 0.677734 0.867188 0.677734 0.869141 0.679688 0.867188 0.681641 0.867188 0.685547 0.869141 0.685547 0.867188 0.683594 0.867188 0.681641 0.869141 0.679688 0.869141 0.675781 0.867188 0.675781 0.865234 0.673828 0.867188 0.671875 0.871094 0.671875 0.873047 0.673828 0.873047 0.681641 0.875000 0.683594 0.876953 0.683594 0.876953 0.679688 0.878906 0.677734 0.878906 0.675781 0.880859 0.673828 0.882812 0.675781 0.882812 0.677734 0.886719 0.681641 0.884766 0.683594 0.882812 0.683594 0.876953 0.689453 0.875000 0.689453 0.876953 0.689453 0.878906 0.691406 0.876953 0.693359 0.873047 0.693359 0.871094 0.691406 0.871094 0.689453 0.871094 0.691406 0.873047 0.693359 0.873047 0.695312 0.871094 0.697266 0.867188 0.697266 0.863281 0.693359 0.863281 0.691406 0.859375 0.687500 0.859375 0.693359 0.857422 0.695312 0.855469 0.693359 0.855469 0.691406 0.853516 0.689453 0.853516 0.691406 0.855469 0.693359 0.853516 0.695312 0.853516 0.697266 0.855469 0.699219 0.855469 0.705078 0.859375 0.708984 0.859375 0.710938 0.857422 0.712891 0.855469 0.710938 0.853516 0.710938 0.853516 0.720703 0.855469 0.720703 0.857422 0.718750 0.859375 0.720703 0.863281 0.720703 0.865234 0.722656 0.865234 0.724609 0.863281 0.726562 0.865234 0.728516 0.867188 0.728516 0.869141 0.730469 0.867188 0.732422 0.869141 0.734375 0.867188 0.736328 0.859375 0.736328 0.857422 0.734375 0.857422 0.732422 0.857422 0.734375 0.855469 0.736328 0.853516 0.736328 0.855469 0.738281 0.857422 0.738281 0.859375 0.736328 0.861328 0.738281 0.865234 0.738281 0.867188 0.740234 0.867188 0.742188 0.869141 0.744141 0.871094 0.744141 0.869141 0.742188 0.869141 0.738281 0.867188 0.736328 0.869141 0.734375 0.869141 0.732422 0.871094 0.730469 0.873047 0.732422 0.873047 0.736328 0.876953 0.736328 0.876953 0.734375 0.878906 0.732422 0.882812 0.736328 0.882812 0.738281 0.884766 0.738281 0.884766 0.736328 0.882812 0.736328 0.880859 0.734375 0.882812 0.732422 0.884766 0.732422 0.880859 0.728516 0.880859 0.730469 0.878906 0.732422 0.876953 0.730469 0.871094 0.730469 0.869141 0.728516 0.867188 0.728516 0.865234 0.726562 0.867188 0.724609 0.867188 0.722656 0.865234 0.722656 0.863281 0.720703 0.865234 0.718750 0.863281 0.716797 0.867188 0.712891 0.869141 0.714844 0.869141 0.716797 0.876953 0.716797 0.878906 0.718750 0.878906 0.716797 0.880859 0.714844 0.878906 0.712891 0.875000 0.712891 0.873047 0.714844 0.869141 0.714844 0.865234 0.710938 0.865234 0.703125 0.867188 0.701172 0.869141 0.703125 0.869141 0.708984 0.869141 0.707031 0.871094 0.705078 0.869141 0.703125 0.869141 0.701172 0.863281 0.701172 0.861328 0.703125 0.859375 0.703125 0.857422 0.705078 0.855469 0.703125 0.855469 0.699219 0.857422 0.697266 0.857422 0.695312 0.859375 0.693359 0.861328 0.695312 0.865234 0.695312 0.867188 0.697266 0.871094 0.697266 0.873047 0.699219 0.873047 0.701172 0.878906 0.701172 0.880859 0.699219 0.875000 0.699219 0.873047 0.697266 0.875000 0.695312 0.878906 0.695312 0.880859 0.693359 0.892578 0.693359 0.892578 0.689453 0.890625 0.687500 0.890625 0.685547 0.888672 0.683594 0.888672 0.675781 0.888672 0.677734 0.886719 0.679688 0.884766 0.677734 0.884766 0.673828 0.886719 0.671875 0.888672 0.671875 0.886719 0.669922 0.886719 0.671875 0.884766 0.673828 0.882812 0.671875 0.882812 0.667969 0.884766 0.666016 0.884766 0.664062 0.888672 0.660156 0.892578 0.664062 0.892578 0.669922 0.894531 0.671875 0.898438 0.671875 0.900391 0.669922 0.902344 0.669922 0.902344 0.666016 0.904297 0.664062 0.906250 0.666016 0.906250 0.664062 0.904297 0.662109 0.906250 0.660156 0.904297 0.658203 0.904297 0.656250 0.902344 0.658203 0.900391 0.658203 0.900391 0.660156 0.898438 0.662109 0.896484 0.662109 0.896484 0.664062 0.894531 0.666016 0.892578 0.664062 0.892578 0.658203 0.892578 0.660156 0.890625 0.662109 0.888672 0.660156 0.888672 0.658203 0.886719 0.656250 0.886719 0.652344 0.884766 0.652344 0.882812 0.650391 0.880859 0.652344 0.878906 0.652344 0.876953 0.650391 0.878906 0.648438 0.875000 0.648438 0.873047 0.650391 0.873047 0.654297 0.871094 0.656250 0.869141 0.656250 0.867188 0.658203 0.865234 0.656250 0.865234 0.652344 0.863281 0.650391 0.863281 0.648438 0.861328 0.646484 0.861328 0.644531 0.863281 0.642578 0.865234 0.642578 0.867188 0.640625 0.867188 0.636719 0.865234 0.634766 0.863281 0.636719 0.857422 0.636719 0.855469 0.634766 0.855469 0.632812 0.851562 0.628906 0.853516 0.626953 0.855469 0.626953
2 0.511719 0.619141 0.511719 0.621094 0.509766 0.623047 0.507812 0.623047 0.507812 0.628906 0.505859 0.630859 0.505859 0.632812 0.505859 0.630859 0.507812 0.628906 0.509766 0.628906 0.511719 0.630859 0.511719 0.634766 0.507812 0.638672 0.505859 0.636719 0.503906 0.636719 0.505859 0.638672 0.505859 0.642578 0.503906 0.644531 0.500000 0.644531 0.501953 0.644531 0.503906 0.646484 0.505859 0.644531 0.507812 0.646484 0.509766 0.646484 0.509766 0.640625 0.511719 0.638672 0.509766 0.636719 0.511719 0.634766 0.513672 0.634766 0.515625 0.636719 0.519531 0.636719 0.521484 0.638672 0.521484 0.644531 0.521484 0.642578 0.523438 0.640625 0.527344 0.644531 0.525391 0.646484 0.525391 0.648438 0.523438 0.650391 0.521484 0.650391 0.519531 0.648438 0.515625 0.648438 0.513672 0.646484 0.513672 0.644531 0.515625 0.642578 0.513672 0.644531 0.513672 0.648438 0.511719 0.650391 0.513672 0.650391 0.515625 0.652344 0.515625 0.654297 0.517578 0.656250 0.523438 0.656250 0.525391 0.654297 0.527344 0.656250 0.527344 0.658203 0.525391 0.660156 0.525391 0.662109 0.523438 0.664062 0.523438 0.666016 0.521484 0.667969 0.517578 0.667969 0.515625 0.666016 0.517578 0.664062 0.519531 0.664062 0.519531 0.662109 0.515625 0.662109 0.515625 0.666016 0.513672 0.667969 0.511719 0.667969 0.509766 0.666016 0.509766 0.667969 0.507812 0.669922 0.507812 0.671875 0.505859 0.673828 0.501953 0.673828 0.500000 0.671875 0.498047 0.671875 0.496094 0.669922 0.498047 0.667969 0.500000 0.667969 0.500000 0.662109 0.498047 0.660156 0.500000 0.658203 0.501953 0.658203 0.501953 0.656250 0.500000 0.654297 0.498047 0.654297 0.496094 0.656250 0.498047 0.654297 0.500000 0.654297 0.501953 0.656250 0.498047 0.660156 0.500000 0.662109 0.500000 0.666016 0.498047 0.667969 0.494141 0.667969 0.492188 0.669922 0.490234 0.669922 0.488281 0.667969 0.490234 0.669922 0.488281 0.671875 0.480469 0.671875 0.478516 0.673828 0.478516 0.677734 0.476562 0.679688 0.474609 0.677734 0.474609 0.675781 0.472656 0.673828 0.478516 0.667969 0.476562 0.666016 0.476562 0.664062 0.474609 0.664062 0.472656 0.666016 0.474609 0.667969 0.472656 0.669922 0.470703 0.669922 0.468750 0.667969 0.468750 0.660156 0.470703 0.658203 0.472656 0.658203 0.470703 0.658203 0.468750 0.656250 0.470703 0.654297 0.476562 0.654297 0.478516 0.656250 0.480469 0.656250 0.480469 0.654297 0.478516 0.656250 0.476562 0.654297 0.472656 0.654297 0.470703 0.652344 0.470703 0.654297 0.468750 0.656250 0.466797 0.654297 0.466797 0.650391 0.464844 0.650391 0.462891 0.648438 0.460938 0.648438 0.458984 0.646484 0.458984 0.644531 0.455078 0.644531 0.457031 0.646484 0.457031 0.650391 0.455078 0.652344 0.453125 0.650391 0.453125 0.648438 0.451172 0.646484 0.451172 0.642578 0.455078 0.638672 0.455078 0.636719 0.453125 0.636719 0.455078 0.638672 0.453125 0.640625 0.451172 0.640625 0.451172 0.642578 0.449219 0.644531 0.447266 0.642578 0.447266 0.640625 0.445312 0.640625 0.443359 0.642578 0.443359 0.644531 0.445312 0.642578 0.447266 0.642578 0.449219 0.644531 0.449219 0.646484 0.451172 0.646484 0.453125 0.648438 0.451172 0.650391 0.451172 0.654297 0.453125 0.656250 0.451172 0.658203 0.443359 0.658203 0.441406 0.656250 0.441406 0.654297 0.439453 0.652344 0.437500 0.654297 0.435547 0.652344 0.433594 0.652344 0.435547 0.654297 0.435547 0.656250 0.439453 0.660156 0.441406 0.660156 0.445312 0.664062 0.443359 0.666016 0.441406 0.666016 0.443359 0.666016 0.445312 0.664062 0.447266 0.664062 0.447266 0.662109 0.451172 0.658203 0.453125 0.658203 0.453125 0.656250 0.455078 0.654297 0.455078 0.652344 0.457031 0.650391 0.458984 0.650391 0.460938 0.648438 0.462891 0.648438 0.464844 0.650391 0.462891 0.652344 0.466797 0.656250 0.466797 0.660156 0.464844 0.662109 0.464844 0.664062 0.460938 0.667969 0.458984 0.667969 0.457031 0.666016 0.458984 0.667969 0.458984 0.669922 0.460938 0.667969 0.462891 0.669922 0.464844 0.669922 0.466797 0.671875 0.466797 0.673828 0.464844 0.675781 0.464844 0.677734 0.466797 0.679688 0.470703 0.679688 0.472656 0.681641 0.472656 0.679688 0.474609 0.677734 0.482422 0.685547 0.480469 0.687500 0.482422 0.685547 0.484375 0.685547 0.486328 0.687500 0.490234 0.683594 0.492188 0.685547 0.496094 0.685547 0.496094 0.681641 0.494141 0.683594 0.492188 0.683594 0.488281 0.679688 0.488281 0.675781 0.490234 0.673828 0.490234 0.671875 0.492188 0.669922 0.496094 0.669922 0.498047 0.671875 0.498047 0.673828 0.515625 0.673828 0.517578 0.675781 0.517578 0.677734 0.519531 0.677734 0.519531 0.675781 0.521484 0.673828 0.523438 0.675781 0.523438 0.677734 0.541016 0.677734 0.542969 0.679688 0.544922 0.679688 0.546875 0.681641 0.544922 0.683594 0.544922 0.695312 0.546875 0.693359 0.548828 0.693359 0.550781 0.695312 0.550781 0.705078 0.548828 0.707031 0.546875 0.707031 0.544922 0.705078 0.544922 0.701172 0.541016 0.701172 0.544922 0.705078 0.544922 0.707031 0.541016 0.710938 0.539062 0.710938 0.537109 0.712891 0.535156 0.712891 0.533203 0.710938 0.535156 0.708984 0.535156 0.707031 0.537109 0.705078 0.539062 0.707031 0.537109 0.705078 0.535156 0.705078 0.533203 0.703125 0.535156 0.701172 0.533203 0.703125 0.531250 0.701172 0.531250 0.699219 0.531250 0.701172 0.529297 0.703125 0.527344 0.703125 0.529297 0.705078 0.527344 0.707031 0.527344 0.708984 0.529297 0.710938 0.529297 0.712891 0.527344 0.714844 0.531250 0.710938 0.533203 0.710938 0.535156 0.712891 0.533203 0.714844 0.533203 0.716797 0.531250 0.718750 0.533203 0.720703 0.531250 0.722656 0.527344 0.722656 0.521484 0.716797 0.521484 0.714844 0.523438 0.712891 0.521484 0.714844 0.519531 0.712891 0.517578 0.712891 0.515625 0.710938 0.517578 0.708984 0.519531 0.708984 0.521484 0.707031 0.519531 0.705078 0.519531 0.703125 0.517578 0.703125 0.515625 0.705078 0.513672 0.703125 0.511719 0.705078 0.511719 0.707031 0.509766 0.708984 0.511719 0.708984 0.515625 0.712891 0.515625 0.714844 0.519531 0.714844 0.521484 0.716797 0.519531 0.718750 0.517578 0.718750 0.513672 0.722656 0.515625 0.724609 0.515625 0.720703 0.517578 0.718750 0.521484 0.718750 0.523438 0.720703 0.525391 0.720703 0.529297 0.724609 0.529297 0.726562 0.527344 0.728516 0.529297 0.730469 0.531250 0.730469 0.533203 0.732422 0.531250 0.734375 0.531250 0.736328 0.533203 0.734375 0.535156 0.736328 0.535156 0.738281 0.535156 0.734375 0.537109 0.732422 0.539062 0.734375 0.539062 0.740234 0.542969 0.740234 0.542969 0.732422 0.544922 0.730469 0.546875 0.730469 0.546875 0.728516 0.544922 0.730469 0.542969 0.730469 0.541016 0.728516 0.542969 0.730469 0.542969 0.732422 0.541016 0.734375 0.537109 0.730469 0.535156 0.732422 0.533203 0.732422 0.531250 0.730469 0.531250 0.728516 0.533203 0.726562 0.531250 0.726562 0.529297 0.724609 0.533203 0.720703 0.537109 0.720703 0.539062 0.718750 0.539062 0.716797 0.541016 0.714844 0.539062 0.712891 0.544922 0.707031 0.546875 0.707031 0.550781 0.710938 0.550781 0.712891 0.552734 0.714844 0.552734 0.716797 0.552734 0.714844 0.554688 0.712891 0.552734 0.710938 0.554688 0.708984 0.554688 0.707031 0.552734 0.705078 0.554688 0.703125 0.560547 0.703125 0.562500 0.705078 0.562500 0.703125 0.558594 0.703125 0.556641 0.701172 0.558594 0.699219 0.560547 0.699219 0.560547 0.697266 0.558594 0.699219 0.554688 0.699219 0.552734 0.697266 0.552734 0.695312 0.554688 0.693359 0.556641 0.693359 0.552734 0.693359 0.550781 0.691406 0.552734 0.689453 0.550781 0.687500 0.552734 0.685547 0.554688 0.685547 0.554688 0.683594 0.556641 0.681641 0.560547 0.681641 0.562500 0.683594 0.564453 0.681641 0.564453 0.679688 0.562500 0.679688 0.560547 0.677734 0.560547 0.671875 0.562500 0.669922 0.560547 0.667969 0.562500 0.666016 0.564453 0.666016 0.566406 0.664062 0.568359 0.666016 0.568359 0.667969 0.566406 0.669922 0.566406 0.671875 0.568359 0.673828 0.570312 0.671875 0.574219 0.675781 0.574219 0.677734 0.572266 0.679688 0.568359 0.679688 0.570312 0.679688 0.572266 0.681641 0.572266 0.683594 0.574219 0.683594 0.580078 0.677734 0.580078 0.675781 0.582031 0.673828 0.583984 0.675781 0.583984 0.679688 0.582031 0.681641 0.582031 0.683594 0.583984 0.685547 0.582031 0.687500 0.580078 0.687500 0.578125 0.685547 0.574219 0.689453 0.574219 0.691406 0.572266 0.693359 0.568359 0.693359 0.568359 0.695312 0.570312 0.697266 0.568359 0.699219 0.566406 0.699219 0.568359 0.701172 0.568359 0.705078 0.566406 0.707031 0.568359 0.705078 0.574219 0.710938 0.574219 0.708984 0.576172 0.707031 0.578125 0.707031 0.580078 0.708984 0.582031 0.708984 0.583984 0.710938 0.583984 0.714844 0.585938 0.712891 0.582031 0.708984 0.580078 0.708984 0.578125 0.707031 0.582031 0.703125 0.583984 0.703125 0.585938 0.705078 0.585938 0.703125 0.587891 0.701172 0.589844 0.701172 0.591797 0.703125 0.591797 0.705078 0.593750 0.707031 0.593750 0.708984 0.595703 0.710938 0.597656 0.710938 0.595703 0.710938 0.593750 0.708984 0.597656 0.705078 0.599609 0.705078 0.599609 0.703125 0.595703 0.707031 0.593750 0.705078 0.593750 0.703125 0.601562 0.695312 0.601562 0.691406 0.603516 0.689453 0.605469 0.689453 0.607422 0.687500 0.609375 0.689453 0.611328 0.689453 0.609375 0.687500 0.607422 0.687500 0.605469 0.689453 0.603516 0.689453 0.601562 0.691406 0.599609 0.689453 0.599609 0.687500 0.601562 0.685547 0.599609 0.687500 0.595703 0.683594 0.595703 0.681641 0.593750 0.683594 0.591797 0.681641 0.591797 0.679688 0.589844 0.677734 0.589844 0.673828 0.587891 0.673828 0.583984 0.669922 0.585938 0.667969 0.583984 0.666016 0.583984 0.669922 0.585938 0.671875 0.583984 0.673828 0.582031 0.673828 0.580078 0.675781 0.578125 0.675781 0.576172 0.673828 0.580078 0.669922 0.580078 0.667969 0.576172 0.664062 0.578125 0.662109 0.576172 0.660156 0.574219 0.660156 0.570312 0.656250 0.572266 0.654297 0.572266 0.650391 0.574219 0.648438 0.572266 0.650391 0.570312 0.650391 0.566406 0.646484 0.568359 0.644531 0.570312 0.644531 0.572266 0.642578 0.574219 0.642578 0.576172 0.640625 0.576172 0.634766 0.570312 0.628906 0.564453 0.628906 0.562500 0.626953 0.562500 0.628906 0.560547 0.630859 0.558594 0.630859 0.556641 0.628906 0.558594 0.626953 0.558594 0.623047 0.556641 0.623047 0.554688 0.621094 0.552734 0.621094 0.550781 0.623047 0.548828 0.621094 0.550781 0.623047 0.550781 0.625000 0.552734 0.625000 0.556641 0.628906 0.554688 0.630859 0.554688 0.632812 0.550781 0.636719 0.548828 0.634766 0.548828 0.632812 0.546875 0.634766 0.544922 0.632812 0.548828 0.636719 0.546875 0.638672 0.541016 0.638672 0.539062 0.636719 0.541016 0.638672 0.541016 0.642578 0.542969 0.642578 0.544922 0.644531 0.542969 0.646484 0.539062 0.646484 0.533203 0.652344 0.531250 0.652344 0.529297 0.654297 0.525391 0.650391 0.527344 0.648438 0.527344 0.644531 0.529297 0.642578 0.531250 0.642578 0.533203 0.640625 0.533203 0.638672 0.533203 0.640625 0.531250 0.642578 0.529297 0.642578 0.527344 0.644531 0.525391 0.642578 0.525391 0.640625 0.523438 0.638672 0.525391 0.636719 0.527344 0.636719 0.525391 0.634766 0.527344 0.632812 0.525391 0.632812 0.521484 0.628906 0.523438 0.626953 0.525391 0.626953 0.523438 0.625000 0.525391 0.623047 0.527344 0.623047 0.529297 0.625000 0.529297 0.628906 0.531250 0.630859 0.531250 0.634766 0.531250 0.632812 0.533203 0.630859 0.535156 0.632812 0.535156 0.628906 0.533203 0.630859 0.531250 0.630859 0.529297 0.628906 0.531250 0.626953 0.527344 0.623047 0.525391 0.623047 0.523438 0.621094 0.523438 0.619141 0.523438 0.621094 0.521484 0.623047 0.515625 0.623047 0.513672 0.625000 0.511719 0.623047
2 0.771484 0.582031 0.769531 0.583984 0.769531 0.593750 0.771484 0.593750 0.773438 0.595703 0.769531 0.599609 0.767578 0.599609 0.765625 0.601562 0.759766 0.601562 0.763672 0.601562 0.765625 0.603516 0.765625 0.607422 0.763672 0.609375 0.761719 0.607422 0.759766 0.607422 0.757812 0.609375 0.755859 0.609375 0.753906 0.607422 0.755859 0.609375 0.750000 0.615234 0.751953 0.617188 0.753906 0.617188 0.755859 0.619141 0.755859 0.621094 0.759766 0.621094 0.761719 0.623047 0.767578 0.617188 0.769531 0.619141 0.769531 0.621094 0.761719 0.628906 0.761719 0.632812 0.759766 0.634766 0.757812 0.632812 0.757812 0.634766 0.759766 0.634766 0.761719 0.632812 0.763672 0.634766 0.763672 0.636719 0.765625 0.638672 0.763672 0.640625 0.765625 0.638672 0.769531 0.638672 0.771484 0.640625 0.771484 0.646484 0.773438 0.648438 0.767578 0.654297 0.765625 0.654297 0.763672 0.652344 0.761719 0.652344 0.757812 0.648438 0.755859 0.650391 0.753906 0.650391 0.751953 0.648438 0.750000 0.650391 0.748047 0.650391 0.746094 0.648438 0.744141 0.648438 0.748047 0.652344 0.746094 0.654297 0.744141 0.654297 0.740234 0.650391 0.740234 0.648438 0.738281 0.646484 0.738281 0.640625 0.736328 0.638672 0.736328 0.636719 0.734375 0.634766 0.730469 0.634766 0.730469 0.636719 0.732422 0.638672 0.732422 0.642578 0.728516 0.646484 0.724609 0.646484 0.724609 0.648438 0.726562 0.650391 0.728516 0.648438 0.730469 0.650391 0.728516 0.648438 0.730469 0.646484 0.734375 0.646484 0.738281 0.650391 0.734375 0.654297 0.730469 0.654297 0.734375 0.654297 0.736328 0.652344 0.738281 0.652344 0.740234 0.654297 0.738281 0.656250 0.740234 0.656250 0.742188 0.658203 0.742188 0.664062 0.742188 0.658203 0.744141 0.656250 0.746094 0.656250 0.746094 0.654297 0.750000 0.650391 0.753906 0.650391 0.755859 0.652344 0.755859 0.656250 0.753906 0.658203 0.751953 0.658203 0.748047 0.662109 0.748047 0.664062 0.744141 0.667969 0.742188 0.667969 0.744141 0.669922 0.744141 0.671875 0.746094 0.671875 0.748047 0.673828 0.748047 0.677734 0.746094 0.679688 0.746094 0.683594 0.746094 0.679688 0.748047 0.677734 0.748047 0.673828 0.744141 0.669922 0.746094 0.667969 0.746094 0.666016 0.748047 0.664062 0.751953 0.667969 0.750000 0.669922 0.753906 0.673828 0.755859 0.673828 0.755859 0.671875 0.753906 0.673828 0.751953 0.671875 0.751953 0.669922 0.753906 0.667969 0.759766 0.667969 0.761719 0.669922 0.759766 0.671875 0.759766 0.677734 0.761719 0.677734 0.761719 0.675781 0.759766 0.673828 0.759766 0.671875 0.763672 0.667969 0.767578 0.671875 0.767578 0.673828 0.767578 0.671875 0.769531 0.669922 0.771484 0.671875 0.771484 0.673828 0.773438 0.675781 0.773438 0.677734 0.771484 0.679688 0.771484 0.681641 0.773438 0.681641 0.775391 0.679688 0.773438 0.677734 0.773438 0.673828 0.775391 0.671875 0.777344 0.673828 0.777344 0.671875 0.779297 0.669922 0.781250 0.669922 0.783203 0.671875 0.783203 0.673828 0.785156 0.673828 0.785156 0.671875 0.787109 0.669922 0.789062 0.671875 0.789062 0.677734 0.791016 0.679688 0.792969 0.679688 0.794922 0.677734 0.796875 0.679688 0.798828 0.679688 0.800781 0.677734 0.800781 0.675781 0.798828 0.673828 0.798828 0.671875 0.796875 0.671875 0.794922 0.669922 0.794922 0.666016 0.794922 0.669922 0.796875 0.671875 0.794922 0.673828 0.792969 0.673828 0.789062 0.669922 0.791016 0.667969 0.791016 0.664062 0.794922 0.660156 0.798828 0.664062 0.804688 0.664062 0.804688 0.660156 0.802734 0.660156 0.800781 0.658203 0.800781 0.656250 0.800781 0.658203 0.798828 0.660156 0.796875 0.660156 0.794922 0.658203 0.792969 0.658203 0.791016 0.660156 0.789062 0.658203 0.787109 0.658203 0.787109 0.660156 0.789062 0.660156 0.791016 0.662109 0.789062 0.664062 0.785156 0.664062 0.783203 0.662109 0.783203 0.654297 0.781250 0.654297 0.777344 0.650391 0.777344 0.648438 0.777344 0.650391 0.781250 0.654297 0.781250 0.656250 0.783203 0.658203 0.783203 0.660156 0.781250 0.662109 0.779297 0.662109 0.775391 0.658203 0.775391 0.662109 0.773438 0.664062 0.769531 0.664062 0.767578 0.662109 0.767578 0.660156 0.765625 0.658203 0.765625 0.656250 0.767578 0.654297 0.769531 0.656250 0.771484 0.656250 0.773438 0.654297 0.773438 0.652344 0.771484 0.650391 0.773438 0.648438 0.771484 0.646484 0.773438 0.644531 0.777344 0.644531 0.779297 0.642578 0.783203 0.646484 0.781250 0.648438 0.785156 0.648438 0.781250 0.644531 0.785156 0.640625 0.787109 0.642578 0.789062 0.642578 0.791016 0.644531 0.791016 0.646484 0.792969 0.648438 0.791016 0.650391 0.796875 0.644531 0.798828 0.644531 0.798828 0.642578 0.800781 0.640625 0.800781 0.636719 0.796875 0.636719 0.798828 0.636719 0.800781 0.638672 0.794922 0.644531 0.792969 0.644531 0.785156 0.636719 0.785156 0.634766 0.787109 0.632812 0.785156 0.634766 0.783203 0.632812 0.783203 0.630859 0.789062 0.625000 0.792969 0.628906 0.792969 0.625000 0.791016 0.623047 0.792969 0.621094 0.794922 0.621094 0.794922 0.619141 0.796875 0.617188 0.798828 0.619141 0.798828 0.621094 0.800781 0.619141 0.802734 0.621094 0.802734 0.623047 0.800781 0.625000 0.798828 0.625000 0.798828 0.626953 0.800781 0.628906 0.798828 0.626953 0.800781 0.625000 0.810547 0.625000 0.812500 0.626953 0.810547 0.628906 0.808594 0.628906 0.810547 0.628906 0.812500 0.630859 0.814453 0.630859 0.818359 0.634766 0.818359 0.638672 0.820312 0.640625 0.820312 0.646484 0.822266 0.646484 0.824219 0.648438 0.824219 0.650391 0.828125 0.654297 0.828125 0.656250 0.830078 0.656250 0.832031 0.654297 0.833984 0.656250 0.835938 0.656250 0.837891 0.658203 0.841797 0.658203 0.841797 0.654297 0.847656 0.648438 0.847656 0.638672 0.845703 0.636719 0.845703 0.634766 0.843750 0.634766 0.839844 0.630859 0.841797 0.628906 0.843750 0.628906 0.843750 0.626953 0.841797 0.628906 0.839844 0.626953 0.841797 0.628906 0.839844 0.630859 0.837891 0.630859 0.837891 0.632812 0.835938 0.634766 0.837891 0.636719 0.839844 0.636719 0.839844 0.634766 0.841797 0.632812 0.847656 0.638672 0.847656 0.642578 0.845703 0.644531 0.847656 0.646484 0.843750 0.650391 0.841797 0.648438 0.841797 0.646484 0.839844 0.644531 0.843750 0.640625 0.841797 0.640625 0.841797 0.642578 0.835938 0.648438 0.835938 0.650391 0.833984 0.652344 0.830078 0.652344 0.828125 0.650391 0.830078 0.648438 0.832031 0.648438 0.832031 0.646484 0.828125 0.642578 0.830078 0.640625 0.826172 0.636719 0.830078 0.632812 0.830078 0.628906 0.832031 0.626953 0.833984 0.626953 0.833984 0.625000 0.830078 0.625000 0.830078 0.630859 0.828125 0.632812 0.828125 0.634766 0.826172 0.636719 0.822266 0.632812 0.822266 0.634766 0.820312 0.636719 0.816406 0.632812 0.820312 0.628906 0.822266 0.628906 0.824219 0.626953 0.826172 0.626953 0.826172 0.625000 0.824219 0.623047 0.826172 0.621094 0.826172 0.619141 0.828125 0.617188 0.830078 0.619141 0.828125 0.617188 0.830078 0.615234 0.830078 0.613281 0.832031 0.611328 0.833984 0.613281 0.833984 0.615234 0.835938 0.615234 0.835938 0.613281 0.839844 0.609375 0.837891 0.609375 0.835938 0.611328 0.833984 0.609375 0.832031 0.609375 0.830078 0.607422 0.830078 0.611328 0.828125 0.613281 0.826172 0.611328 0.826172 0.609375 0.826172 0.611328 0.824219 0.613281 0.820312 0.609375 0.816406 0.609375 0.814453 0.611328 0.814453 0.613281 0.812500 0.615234 0.810547 0.613281 0.810547 0.611328 0.810547 0.613281 0.808594 0.615234 0.806641 0.613281 0.806641 0.609375 0.804688 0.607422 0.802734 0.607422 0.800781 0.605469 0.800781 0.603516 0.802734 0.601562 0.804688 0.601562 0.804688 0.599609 0.802734 0.599609 0.796875 0.593750 0.798828 0.591797 0.800781 0.591797 0.802734 0.593750 0.806641 0.593750 0.808594 0.591797 0.812500 0.591797 0.810547 0.589844 0.810547 0.585938 0.812500 0.583984 0.810547 0.582031 0.810547 0.583984 0.806641 0.587891 0.806641 0.589844 0.804688 0.591797 0.800781 0.591797 0.796875 0.587891 0.798828 0.585938 0.798828 0.583984 0.794922 0.587891 0.792969 0.587891 0.789062 0.591797 0.787109 0.591797 0.789062 0.593750 0.789062 0.595703 0.787109 0.597656 0.789062 0.599609 0.789062 0.601562 0.787109 0.603516 0.787109 0.605469 0.789062 0.605469 0.792969 0.609375 0.794922 0.609375 0.796875 0.611328 0.794922 0.613281 0.796875 0.611328 0.798828 0.611328 0.802734 0.615234 0.804688 0.615234 0.808594 0.619141 0.806641 0.621094 0.802734 0.621094 0.800781 0.619141 0.798828 0.619141 0.796875 0.617188 0.794922 0.619141 0.791016 0.615234 0.792969 0.617188 0.789062 0.621094 0.783203 0.615234 0.783203 0.613281 0.785156 0.611328 0.787109 0.613281 0.785156 0.611328 0.785156 0.609375 0.783203 0.607422 0.783203 0.601562 0.781250 0.603516 0.779297 0.603516 0.779297 0.605469 0.777344 0.607422 0.775391 0.607422 0.773438 0.609375 0.771484 0.607422 0.771484 0.603516 0.771484 0.605469 0.769531 0.607422 0.767578 0.607422 0.765625 0.605469 0.765625 0.601562 0.767578 0.599609 0.773438 0.599609 0.775391 0.601562 0.779297 0.597656 0.775391 0.601562 0.771484 0.597656 0.773438 0.595703 0.771484 0.593750 0.771484 0.587891 0.773438 0.585938 0.771484 0.583984
2 0.699219 0.539062 0.701172 0.541016 0.701172 0.542969 0.703125 0.544922 0.701172 0.546875 0.699219 0.546875 0.697266 0.544922 0.697266 0.542969 0.695312 0.541016 0.693359 0.541016 0.695312 0.542969 0.693359 0.544922 0.691406 0.544922 0.689453 0.546875 0.687500 0.546875 0.685547 0.544922 0.685547 0.542969 0.683594 0.541016 0.681641 0.541016 0.681641 0.544922 0.685547 0.544922 0.687500 0.546875 0.687500 0.548828 0.689453 0.550781 0.691406 0.550781 0.691406 0.548828 0.689453 0.546875 0.691406 0.544922 0.693359 0.544922 0.695312 0.546875 0.695312 0.552734 0.691406 0.556641 0.689453 0.556641 0.689453 0.558594 0.691406 0.558594 0.693359 0.560547 0.693359 0.564453 0.691406 0.566406 0.689453 0.564453 0.687500 0.564453 0.685547 0.562500 0.679688 0.562500 0.679688 0.564453 0.681641 0.562500 0.685547 0.562500 0.687500 0.564453 0.685547 0.566406 0.687500 0.566406 0.689453 0.568359 0.687500 0.570312 0.687500 0.574219 0.689453 0.576172 0.687500 0.578125 0.685547 0.578125 0.683594 0.576172 0.681641 0.576172 0.681641 0.580078 0.683594 0.582031 0.683594 0.580078 0.685547 0.578125 0.691406 0.578125 0.695312 0.582031 0.697266 0.582031 0.699219 0.583984 0.697266 0.585938 0.697266 0.591797 0.695312 0.593750 0.691406 0.593750 0.689453 0.591797 0.691406 0.589844 0.689453 0.587891 0.691406 0.585938 0.691406 0.583984 0.689453 0.583984 0.689453 0.585938 0.687500 0.587891 0.683594 0.587891 0.681641 0.585938 0.681641 0.587891 0.677734 0.591797 0.675781 0.591797 0.671875 0.587891 0.671875 0.585938 0.673828 0.583984 0.675781 0.585938 0.673828 0.583984 0.673828 0.580078 0.671875 0.582031 0.671875 0.585938 0.667969 0.589844 0.667969 0.593750 0.669922 0.595703 0.669922 0.601562 0.667969 0.603516 0.667969 0.619141 0.666016 0.621094 0.664062 0.621094 0.662109 0.623047 0.660156 0.623047 0.658203 0.621094 0.658203 0.619141 0.660156 0.617188 0.664062 0.617188 0.660156 0.617188 0.658203 0.615234 0.658203 0.623047 0.660156 0.625000 0.664062 0.625000 0.667969 0.621094 0.669922 0.623047 0.669922 0.625000 0.671875 0.626953 0.669922 0.628906 0.671875 0.626953 0.673828 0.628906 0.673828 0.632812 0.673828 0.626953 0.675781 0.625000 0.679688 0.625000 0.681641 0.626953 0.683594 0.626953 0.685547 0.628906 0.685547 0.632812 0.687500 0.634766 0.687500 0.638672 0.687500 0.636719 0.691406 0.632812 0.693359 0.632812 0.693359 0.630859 0.691406 0.628906 0.693359 0.626953 0.691406 0.628906 0.689453 0.626953 0.685547 0.626953 0.683594 0.625000 0.683594 0.623047 0.681641 0.621094 0.683594 0.623047 0.681641 0.625000 0.677734 0.625000 0.673828 0.621094 0.673828 0.619141 0.675781 0.617188 0.677734 0.617188 0.679688 0.615234 0.681641 0.617188 0.679688 0.615234 0.681641 0.613281 0.683594 0.613281 0.689453 0.619141 0.687500 0.617188 0.687500 0.613281 0.685547 0.613281 0.683594 0.611328 0.685547 0.609375 0.687500 0.609375 0.685547 0.607422 0.685547 0.601562 0.687500 0.599609 0.687500 0.597656 0.685547 0.599609 0.683594 0.597656 0.681641 0.597656 0.679688 0.595703 0.685547 0.589844 0.687500 0.589844 0.689453 0.591797 0.687500 0.593750 0.689453 0.591797 0.691406 0.593750 0.697266 0.593750 0.699219 0.591797 0.701172 0.593750 0.701172 0.589844 0.699219 0.589844 0.697266 0.587891 0.697266 0.585938 0.699219 0.583984 0.701172 0.583984 0.701172 0.582031 0.699219 0.583984 0.697266 0.582031 0.697266 0.580078 0.695312 0.578125 0.695312 0.574219 0.697266 0.572266 0.697266 0.568359 0.699219 0.566406 0.697266 0.566406 0.695312 0.564453 0.697266 0.562500 0.701172 0.562500 0.703125 0.560547 0.703125 0.558594 0.701172 0.556641 0.703125 0.554688 0.707031 0.554688 0.707031 0.552734 0.708984 0.550781 0.705078 0.546875 0.707031 0.544922 0.710938 0.544922 0.707031 0.544922 0.703125 0.541016 0.701172 0.541016
2 0.570312 0.517578 0.568359 0.519531 0.568359 0.521484 0.564453 0.525391 0.562500 0.525391 0.560547 0.527344 0.564453 0.531250 0.562500 0.533203 0.558594 0.533203 0.558594 0.535156 0.556641 0.537109 0.550781 0.537109 0.552734 0.537109 0.554688 0.539062 0.552734 0.541016 0.550781 0.541016 0.548828 0.542969 0.546875 0.542969 0.546875 0.544922 0.544922 0.546875 0.542969 0.544922 0.541016 0.544922 0.539062 0.546875 0.537109 0.544922 0.537109 0.546875 0.535156 0.548828 0.533203 0.548828 0.531250 0.550781 0.529297 0.548828 0.529297 0.546875 0.533203 0.542969 0.531250 0.541016 0.529297 0.542969 0.527344 0.541016 0.527344 0.542969 0.525391 0.544922 0.525391 0.546875 0.527344 0.546875 0.529297 0.548828 0.529297 0.554688 0.531250 0.556641 0.527344 0.560547 0.525391 0.560547 0.523438 0.558594 0.523438 0.556641 0.523438 0.558594 0.525391 0.560547 0.525391 0.562500 0.529297 0.566406 0.529297 0.568359 0.527344 0.570312 0.531250 0.570312 0.533203 0.572266 0.529297 0.576172 0.527344 0.574219 0.525391 0.574219 0.525391 0.578125 0.527344 0.578125 0.535156 0.570312 0.537109 0.570312 0.539062 0.572266 0.537109 0.574219 0.537109 0.576172 0.539062 0.578125 0.537109 0.580078 0.535156 0.580078 0.533203 0.578125 0.539062 0.583984 0.541016 0.583984 0.542969 0.585938 0.541016 0.583984 0.544922 0.580078 0.546875 0.580078 0.546875 0.578125 0.544922 0.580078 0.542969 0.580078 0.539062 0.576172 0.542969 0.572266 0.544922 0.572266 0.542969 0.572266 0.541016 0.570312 0.542969 0.568359 0.542969 0.566406 0.541016 0.564453 0.546875 0.558594 0.552734 0.558594 0.554688 0.560547 0.552734 0.562500 0.554688 0.564453 0.550781 0.568359 0.548828 0.568359 0.548828 0.570312 0.550781 0.568359 0.552734 0.570312 0.552734 0.572266 0.556641 0.572266 0.560547 0.576172 0.564453 0.576172 0.564453 0.574219 0.566406 0.572266 0.566406 0.564453 0.564453 0.564453 0.562500 0.562500 0.562500 0.564453 0.564453 0.566406 0.564453 0.568359 0.560547 0.572266 0.554688 0.572266 0.552734 0.570312 0.552734 0.568359 0.554688 0.566406 0.556641 0.566406 0.558594 0.568359 0.558594 0.564453 0.556641 0.562500 0.556641 0.560547 0.558594 0.558594 0.560547 0.558594 0.558594 0.556641 0.562500 0.552734 0.564453 0.552734 0.566406 0.554688 0.564453 0.556641 0.564453 0.558594 0.566406 0.560547 0.570312 0.556641 0.570312 0.554688 0.572266 0.552734 0.572266 0.550781 0.568359 0.546875 0.570312 0.544922 0.572266 0.544922 0.574219 0.546875 0.578125 0.546875 0.580078 0.544922 0.580078 0.542969 0.582031 0.541016 0.580078 0.542969 0.578125 0.542969 0.576172 0.544922 0.574219 0.544922 0.568359 0.539062 0.570312 0.537109 0.572266 0.537109 0.570312 0.535156 0.570312 0.531250 0.570312 0.537109 0.568359 0.539062 0.566406 0.537109 0.570312 0.541016 0.566406 0.544922 0.560547 0.544922 0.562500 0.546875 0.560547 0.548828 0.562500 0.546875 0.564453 0.548828 0.566406 0.546875 0.568359 0.546875 0.570312 0.548828 0.568359 0.550781 0.570312 0.552734 0.570312 0.554688 0.568359 0.556641 0.564453 0.552734 0.562500 0.552734 0.560547 0.554688 0.558594 0.554688 0.558594 0.556641 0.556641 0.558594 0.552734 0.554688 0.550781 0.556641 0.548828 0.554688 0.546875 0.554688 0.544922 0.552734 0.544922 0.550781 0.542969 0.552734 0.541016 0.552734 0.537109 0.548828 0.541016 0.544922 0.542969 0.544922 0.544922 0.546875 0.546875 0.546875 0.548828 0.548828 0.548828 0.550781 0.554688 0.550781 0.554688 0.548828 0.552734 0.550781 0.550781 0.550781 0.548828 0.548828 0.548828 0.546875 0.550781 0.544922 0.552734 0.544922 0.554688 0.542969 0.556641 0.544922 0.556641 0.542969 0.554688 0.542969 0.552734 0.541016 0.554688 0.539062 0.558594 0.539062 0.560547 0.541016 0.560547 0.537109 0.562500 0.535156 0.562500 0.533203 0.564453 0.531250 0.566406 0.531250 0.566406 0.529297 0.564453 0.527344 0.566406 0.525391 0.566406 0.523438 0.572266 0.517578
2 0.906250 0.501953 0.906250 0.503906 0.908203 0.501953 0.912109 0.505859 0.910156 0.507812 0.904297 0.507812 0.906250 0.509766 0.906250 0.511719 0.904297 0.513672 0.906250 0.515625 0.904297 0.517578 0.902344 0.517578 0.904297 0.517578 0.906250 0.515625 0.908203 0.515625 0.910156 0.517578 0.904297 0.523438 0.902344 0.521484 0.900391 0.521484 0.900391 0.525391 0.898438 0.527344 0.902344 0.527344 0.904297 0.529297 0.904297 0.531250 0.902344 0.533203 0.900391 0.531250 0.902344 0.533203 0.902344 0.535156 0.898438 0.539062 0.896484 0.537109 0.894531 0.539062 0.896484 0.537109 0.898438 0.539062 0.898438 0.546875 0.896484 0.548828 0.894531 0.546875 0.892578 0.548828 0.890625 0.548828 0.890625 0.552734 0.892578 0.550781 0.894531 0.550781 0.896484 0.548828 0.898438 0.548828 0.900391 0.550781 0.900391 0.548828 0.902344 0.546875 0.902344 0.544922 0.904297 0.542969 0.906250 0.542969 0.908203 0.541016 0.904297 0.537109 0.906250 0.535156 0.912109 0.535156 0.912109 0.531250 0.914062 0.529297 0.917969 0.533203 0.917969 0.535156 0.916016 0.537109 0.917969 0.535156 0.919922 0.537109 0.919922 0.539062 0.921875 0.539062 0.925781 0.542969 0.923828 0.544922 0.916016 0.544922 0.916016 0.546875 0.917969 0.544922 0.919922 0.546875 0.921875 0.546875 0.923828 0.544922 0.925781 0.546875 0.929688 0.546875 0.927734 0.544922 0.927734 0.542969 0.931641 0.539062 0.937500 0.539062 0.931641 0.539062 0.929688 0.541016 0.927734 0.541016 0.925781 0.539062 0.925781 0.531250 0.927734 0.529297 0.923828 0.525391 0.921875 0.525391 0.919922 0.523438 0.921875 0.521484 0.923828 0.521484 0.921875 0.521484 0.919922 0.519531 0.921875 0.517578 0.919922 0.515625 0.919922 0.513672 0.917969 0.511719 0.916016 0.511719 0.914062 0.509766 0.914062 0.507812 0.912109 0.505859 0.912109 0.503906 0.910156 0.501953
2 0.027344 0.482422 0.027344 0.488281 0.025391 0.490234 0.025391 0.494141 0.023438 0.496094 0.021484 0.494141 0.021484 0.488281 0.017578 0.488281 0.015625 0.490234 0.013672 0.490234 0.009766 0.494141 0.011719 0.492188 0.013672 0.494141 0.013672 0.496094 0.015625 0.498047 0.015625 0.500000 0.013672 0.501953 0.011719 0.500000 0.013672 0.501953 0.013672 0.505859 0.011719 0.507812 0.013672 0.507812 0.015625 0.509766 0.015625 0.511719 0.013672 0.513672 0.011719 0.511719 0.009766 0.511719 0.007812 0.509766 0.005859 0.509766 0.003906 0.507812 0.007812 0.503906 0.009766 0.503906 0.001953 0.503906 0.000000 0.505859 0.000000 0.511719 0.003906 0.511719 0.005859 0.509766 0.007812 0.509766 0.009766 0.511719 0.007812 0.513672 0.007812 0.515625 0.003906 0.519531 0.005859 0.519531 0.007812 0.521484 0.007812 0.523438 0.005859 0.525391 0.003906 0.525391 0.001953 0.523438 0.000000 0.523438 0.003906 0.527344 0.001953 0.529297 0.000000 0.529297 0.000000 0.535156 0.001953 0.535156 0.001953 0.533203 0.003906 0.531250 0.005859 0.533203 0.005859 0.535156 0.009766 0.539062 0.011719 0.539062 0.013672 0.541016 0.011719 0.542969 0.011719 0.544922 0.013672 0.542969 0.013672 0.541016 0.015625 0.539062 0.019531 0.539062 0.021484 0.541016 0.021484 0.546875 0.023438 0.546875 0.025391 0.548828 0.023438 0.550781 0.017578 0.550781 0.015625 0.548828 0.015625 0.546875 0.015625 0.550781 0.011719 0.554688 0.009766 0.552734 0.009766 0.550781 0.009766 0.556641 0.007812 0.558594 0.005859 0.556641 0.005859 0.548828 0.007812 0.546875 0.007812 0.544922 0.005859 0.542969 0.005859 0.541016 0.003906 0.539062 0.003906 0.541016 0.001953 0.542969 0.000000 0.542969 0.000000 0.544922 0.001953 0.542969 0.003906 0.544922 0.003906 0.546875 0.001953 0.548828 0.005859 0.552734 0.003906 0.554688 0.005859 0.556641 0.003906 0.558594 0.001953 0.558594 0.000000 0.556641 0.000000 0.552734 0.000000 0.560547 0.001953 0.560547 0.003906 0.562500 0.003906 0.564453 0.001953 0.566406 0.000000 0.566406 0.003906 0.570312 0.003906 0.572266 0.001953 0.574219 0.001953 0.576172 0.005859 0.576172 0.007812 0.578125 0.007812 0.580078 0.009766 0.582031 0.009766 0.583984 0.007812 0.585938 0.003906 0.582031 0.003906 0.580078 0.001953 0.580078 0.000000 0.582031 0.001953 0.582031 0.003906 0.583984 0.000000 0.587891 0.001953 0.587891 0.003906 0.589844 0.001953 0.591797 0.005859 0.591797 0.007812 0.593750 0.007812 0.595703 0.005859 0.597656 0.003906 0.595703 0.001953 0.597656 0.000000 0.597656 0.003906 0.597656 0.005859 0.599609 0.001953 0.603516 0.000000 0.601562 0.001953 0.603516 0.001953 0.605469 0.000000 0.607422 0.001953 0.607422 0.003906 0.609375 0.001953 0.611328 0.000000 0.611328 0.001953 0.611328 0.003906 0.609375 0.001953 0.607422 0.003906 0.605469 0.003906 0.603516 0.005859 0.601562 0.007812 0.603516 0.007812 0.605469 0.007812 0.603516 0.005859 0.601562 0.005859 0.599609 0.007812 0.597656 0.009766 0.599609 0.011719 0.599609 0.013672 0.601562 0.025391 0.601562 0.027344 0.603516 0.027344 0.607422 0.025391 0.609375 0.023438 0.609375 0.021484 0.611328 0.019531 0.609375 0.017578 0.609375 0.017578 0.611328 0.023438 0.611328 0.025391 0.609375 0.027344 0.611328 0.027344 0.615234 0.021484 0.621094 0.019531 0.619141 0.017578 0.619141 0.013672 0.615234 0.009766 0.615234 0.011719 0.617188 0.009766 0.619141 0.011719 0.621094 0.009766 0.623047 0.005859 0.623047 0.003906 0.621094 0.000000 0.625000 0.000000 0.650391 0.001953 0.652344 0.005859 0.652344 0.007812 0.650391 0.009766 0.652344 0.009766 0.654297 0.011719 0.652344 0.011719 0.650391 0.009766 0.652344 0.005859 0.648438 0.005859 0.646484 0.003906 0.644531 0.005859 0.642578 0.003906 0.640625 0.001953 0.640625 0.000000 0.638672 0.000000 0.632812 0.001953 0.630859 0.003906 0.632812 0.000000 0.628906 0.001953 0.626953 0.003906 0.626953 0.007812 0.630859 0.007812 0.632812 0.009766 0.632812 0.013672 0.636719 0.015625 0.634766 0.017578 0.636719 0.019531 0.636719 0.019531 0.632812 0.021484 0.630859 0.019531 0.632812 0.017578 0.632812 0.015625 0.630859 0.017578 0.632812 0.015625 0.634766 0.013672 0.634766 0.011719 0.632812 0.011719 0.630859 0.009766 0.628906 0.011719 0.626953 0.009766 0.628906 0.007812 0.626953 0.007812 0.625000 0.009766 0.623047 0.011719 0.623047 0.015625 0.619141 0.017578 0.621094 0.019531 0.621094 0.021484 0.623047 0.019531 0.625000 0.017578 0.625000 0.019531 0.625000 0.021484 0.623047 0.023438 0.625000 0.021484 0.623047 0.023438 0.621094 0.023438 0.619141 0.025391 0.617188 0.027344 0.617188 0.029297 0.615234 0.031250 0.617188 0.029297 0.615234 0.029297 0.609375 0.031250 0.607422 0.029297 0.605469 0.029297 0.603516 0.027344 0.603516 0.025391 0.601562 0.027344 0.599609 0.029297 0.599609 0.025391 0.595703 0.027344 0.593750 0.023438 0.593750 0.021484 0.591797 0.023438 0.589844 0.021484 0.589844 0.019531 0.591797 0.015625 0.591797 0.013672 0.589844 0.015625 0.587891 0.013672 0.587891 0.011719 0.589844 0.007812 0.589844 0.005859 0.587891 0.007812 0.585938 0.009766 0.585938 0.009766 0.582031 0.007812 0.580078 0.009766 0.578125 0.013672 0.578125 0.015625 0.580078 0.013672 0.582031 0.019531 0.582031 0.021484 0.583984 0.023438 0.583984 0.025391 0.585938 0.027344 0.585938 0.029297 0.583984 0.031250 0.583984 0.033203 0.585938 0.033203 0.587891 0.037109 0.583984 0.035156 0.582031 0.035156 0.578125 0.037109 0.576172 0.039062 0.576172 0.039062 0.570312 0.041016 0.568359 0.041016 0.566406 0.041016 0.568359 0.037109 0.572266 0.035156 0.572266 0.033203 0.570312 0.035156 0.568359 0.031250 0.568359 0.029297 0.566406 0.029297 0.564453 0.027344 0.564453 0.025391 0.562500 0.027344 0.564453 0.027344 0.568359 0.025391 0.570312 0.029297 0.570312 0.031250 0.572266 0.029297 0.574219 0.027344 0.574219 0.029297 0.576172 0.029297 0.580078 0.027344 0.582031 0.023438 0.582031 0.021484 0.580078 0.021484 0.576172 0.021484 0.578125 0.019531 0.580078 0.017578 0.580078 0.015625 0.578125 0.009766 0.578125 0.007812 0.576172 0.009766 0.574219 0.015625 0.574219 0.017578 0.572266 0.021484 0.572266 0.017578 0.572266 0.015625 0.570312 0.015625 0.566406 0.017578 0.564453 0.021484 0.564453 0.021484 0.560547 0.017578 0.560547 0.015625 0.562500 0.013672 0.562500 0.009766 0.558594 0.011719 0.556641 0.015625 0.556641 0.017578 0.554688 0.019531 0.554688 0.021484 0.552734 0.023438 0.552734 0.029297 0.558594 0.029297 0.560547 0.029297 0.556641 0.031250 0.554688 0.033203 0.556641 0.029297 0.552734 0.031250 0.550781 0.037109 0.550781 0.037109 0.548828 0.035156 0.546875 0.037109 0.544922 0.037109 0.542969 0.035156 0.542969 0.033203 0.544922 0.031250 0.544922 0.029297 0.542969 0.033203 0.539062 0.033203 0.531250 0.031250 0.529297 0.033203 0.527344 0.035156 0.527344 0.037109 0.529297 0.039062 0.529297 0.041016 0.527344 0.042969 0.529297 0.046875 0.529297 0.050781 0.533203 0.050781 0.535156 0.052734 0.537109 0.052734 0.539062 0.054688 0.541016 0.054688 0.542969 0.054688 0.539062 0.056641 0.537109 0.058594 0.537109 0.060547 0.539062 0.058594 0.541016 0.062500 0.541016 0.062500 0.537109 0.064453 0.535156 0.064453 0.533203 0.064453 0.535156 0.060547 0.539062 0.058594 0.537109 0.058594 0.533203 0.056641 0.531250 0.054688 0.533203 0.052734 0.531250 0.050781 0.531250 0.046875 0.527344 0.048828 0.525391 0.046875 0.523438 0.050781 0.519531 0.054688 0.519531 0.056641 0.517578 0.060547 0.521484 0.058594 0.523438 0.060547 0.521484 0.064453 0.521484 0.066406 0.523438 0.064453 0.525391 0.062500 0.525391 0.062500 0.529297 0.066406 0.529297 0.064453 0.527344 0.064453 0.525391 0.066406 0.523438 0.068359 0.525391 0.070312 0.523438 0.070312 0.521484 0.072266 0.519531 0.074219 0.521484 0.074219 0.525391 0.076172 0.527344 0.076172 0.531250 0.080078 0.531250 0.082031 0.533203 0.082031 0.535156 0.080078 0.537109 0.080078 0.539062 0.078125 0.541016 0.076172 0.539062 0.074219 0.541016 0.072266 0.539062 0.072266 0.537109 0.070312 0.535156 0.070312 0.531250 0.070312 0.537109 0.072266 0.539062 0.070312 0.541016 0.066406 0.541016 0.070312 0.541016 0.072266 0.542969 0.070312 0.544922 0.070312 0.548828 0.068359 0.550781 0.066406 0.548828 0.066406 0.546875 0.064453 0.546875 0.066406 0.548828 0.066406 0.550781 0.064453 0.552734 0.062500 0.552734 0.064453 0.554688 0.064453 0.556641 0.066406 0.558594 0.064453 0.560547 0.062500 0.560547 0.060547 0.558594 0.058594 0.558594 0.058594 0.560547 0.056641 0.562500 0.050781 0.556641 0.050781 0.552734 0.048828 0.552734 0.046875 0.550781 0.046875 0.552734 0.048828 0.552734 0.050781 0.554688 0.048828 0.556641 0.048828 0.562500 0.048828 0.560547 0.050781 0.558594 0.052734 0.560547 0.052734 0.568359 0.054688 0.568359 0.058594 0.564453 0.060547 0.564453 0.062500 0.566406 0.064453 0.566406 0.066406 0.568359 0.064453 0.566406 0.064453 0.560547 0.068359 0.556641 0.070312 0.558594 0.070312 0.560547 0.068359 0.562500 0.068359 0.564453 0.072266 0.564453 0.070312 0.562500 0.070312 0.556641 0.074219 0.552734 0.076172 0.554688 0.082031 0.554688 0.083984 0.556641 0.083984 0.558594 0.083984 0.556641 0.085938 0.554688 0.083984 0.556641 0.080078 0.552734 0.085938 0.546875 0.091797 0.546875 0.093750 0.548828 0.093750 0.550781 0.095703 0.550781 0.097656 0.552734 0.095703 0.554688 0.093750 0.554688 0.095703 0.554688 0.097656 0.556641 0.099609 0.554688 0.101562 0.554688 0.103516 0.556641 0.109375 0.556641 0.105469 0.552734 0.107422 0.550781 0.103516 0.550781 0.101562 0.548828 0.103516 0.546875 0.103516 0.544922 0.105469 0.542969 0.107422 0.544922 0.109375 0.542969 0.111328 0.544922 0.115234 0.544922 0.111328 0.544922 0.109375 0.542969 0.103516 0.542969 0.101562 0.544922 0.095703 0.539062 0.091797 0.539062 0.091797 0.541016 0.093750 0.542969 0.093750 0.544922 0.091797 0.546875 0.085938 0.546875 0.083984 0.544922 0.083984 0.542969 0.082031 0.541016 0.082031 0.533203 0.083984 0.531250 0.082031 0.533203 0.078125 0.529297 0.082031 0.525391 0.085938 0.525391 0.087891 0.527344 0.089844 0.527344 0.091797 0.525391 0.095703 0.525391 0.097656 0.527344 0.099609 0.527344 0.101562 0.529297 0.099609 0.531250 0.099609 0.537109 0.099609 0.531250 0.101562 0.529297 0.103516 0.529297 0.101562 0.527344 0.101562 0.523438 0.103516 0.521484 0.099609 0.525391 0.093750 0.525391 0.091797 0.523438 0.091797 0.525391 0.089844 0.527344 0.087891 0.527344 0.085938 0.525391 0.085938 0.521484 0.083984 0.519531 0.083984 0.515625 0.085938 0.513672 0.085938 0.511719 0.083984 0.513672 0.083984 0.519531 0.082031 0.521484 0.083984 0.519531 0.085938 0.521484 0.085938 0.523438 0.083984 0.525391 0.082031 0.525391 0.080078 0.527344 0.078125 0.525391 0.078125 0.523438 0.076172 0.521484 0.080078 0.517578 0.078125 0.515625 0.078125 0.513672 0.080078 0.511719 0.080078 0.507812 0.078125 0.507812 0.080078 0.509766 0.078125 0.511719 0.076172 0.511719 0.074219 0.513672 0.072266 0.511719 0.070312 0.511719 0.068359 0.513672 0.066406 0.513672 0.064453 0.511719 0.064453 0.509766 0.064453 0.511719 0.066406 0.513672 0.068359 0.513672 0.070312 0.515625 0.070312 0.517578 0.068359 0.519531 0.066406 0.517578 0.068359 0.519531 0.066406 0.521484 0.064453 0.521484 0.062500 0.519531 0.060547 0.519531 0.058594 0.517578 0.060547 0.515625 0.062500 0.515625 0.060547 0.513672 0.058594 0.515625 0.056641 0.515625 0.054688 0.513672 0.058594 0.509766 0.060547 0.509766 0.060547 0.505859 0.056641 0.509766 0.054688 0.509766 0.052734 0.507812 0.054688 0.505859 0.054688 0.503906 0.052734 0.501953 0.052734 0.500000 0.052734 0.503906 0.050781 0.505859 0.048828 0.503906 0.044922 0.503906 0.046875 0.505859 0.042969 0.509766 0.044922 0.511719 0.042969 0.513672 0.041016 0.513672 0.039062 0.511719 0.037109 0.511719 0.039062 0.511719 0.041016 0.513672 0.039062 0.515625 0.042969 0.515625 0.044922 0.517578 0.044922 0.519531 0.042969 0.521484 0.041016 0.521484 0.039062 0.523438 0.037109 0.521484 0.037109 0.519531 0.033203 0.515625 0.033203 0.511719 0.031250 0.509766 0.033203 0.507812 0.039062 0.507812 0.041016 0.505859 0.037109 0.505859 0.035156 0.507812 0.033203 0.505859 0.033203 0.498047 0.031250 0.498047 0.033203 0.500000 0.033203 0.505859 0.031250 0.507812 0.029297 0.505859 0.029297 0.507812 0.027344 0.509766 0.027344 0.511719 0.027344 0.509766 0.029297 0.507812 0.031250 0.509766 0.031250 0.511719 0.033203 0.513672 0.029297 0.517578 0.027344 0.515625 0.025391 0.515625 0.023438 0.513672 0.023438 0.517578 0.025391 0.517578 0.027344 0.519531 0.031250 0.519531 0.029297 0.517578 0.031250 0.515625 0.033203 0.515625 0.037109 0.519531 0.035156 0.521484 0.037109 0.521484 0.039062 0.523438 0.042969 0.523438 0.042969 0.521484 0.044922 0.519531 0.046875 0.521484 0.046875 0.523438 0.048828 0.525391 0.046875 0.527344 0.037109 0.527344 0.035156 0.525391 0.033203 0.527344 0.031250 0.527344 0.027344 0.531250 0.027344 0.535156 0.029297 0.537109 0.029297 0.539062 0.027344 0.541016 0.023438 0.537109 0.023438 0.531250 0.021484 0.533203 0.019531 0.531250 0.017578 0.531250 0.015625 0.533203 0.013672 0.531250 0.013672 0.527344 0.011719 0.525391 0.009766 0.525391 0.007812 0.523438 0.007812 0.521484 0.005859 0.519531 0.007812 0.517578 0.009766 0.517578 0.011719 0.515625 0.013672 0.515625 0.015625 0.517578 0.015625 0.515625 0.017578 0.513672 0.019531 0.513672 0.017578 0.513672 0.015625 0.511719 0.015625 0.505859 0.017578 0.503906 0.019531 0.503906 0.021484 0.505859 0.023438 0.505859 0.027344 0.501953 0.025391 0.503906 0.023438 0.503906 0.021484 0.505859 0.019531 0.503906 0.019531 0.501953 0.023438 0.498047 0.025391 0.498047 0.025391 0.490234 0.029297 0.486328 0.031250 0.488281 0.029297 0.486328 0.029297 0.482422
2 0.998047 0.472656 0.996094 0.474609 0.994141 0.474609 0.992188 0.476562 0.990234 0.474609 0.988281 0.476562 0.986328 0.474609 0.984375 0.474609 0.984375 0.476562 0.988281 0.476562 0.990234 0.478516 0.990234 0.486328 0.988281 0.488281 0.986328 0.486328 0.982422 0.486328 0.980469 0.488281 0.978516 0.488281 0.976562 0.490234 0.974609 0.488281 0.972656 0.488281 0.966797 0.494141 0.964844 0.492188 0.962891 0.494141 0.962891 0.496094 0.960938 0.498047 0.958984 0.496094 0.958984 0.498047 0.962891 0.498047 0.964844 0.500000 0.966797 0.500000 0.968750 0.501953 0.968750 0.503906 0.970703 0.505859 0.968750 0.507812 0.966797 0.507812 0.964844 0.505859 0.964844 0.503906 0.964844 0.511719 0.962891 0.513672 0.960938 0.513672 0.958984 0.511719 0.958984 0.509766 0.960938 0.507812 0.960938 0.503906 0.958984 0.501953 0.955078 0.501953 0.953125 0.500000 0.955078 0.501953 0.953125 0.503906 0.957031 0.503906 0.960938 0.507812 0.958984 0.509766 0.958984 0.511719 0.960938 0.513672 0.960938 0.515625 0.955078 0.521484 0.953125 0.521484 0.957031 0.525391 0.955078 0.527344 0.953125 0.527344 0.951172 0.525391 0.949219 0.525391 0.947266 0.527344 0.943359 0.527344 0.941406 0.525391 0.937500 0.525391 0.935547 0.523438 0.939453 0.527344 0.947266 0.527344 0.949219 0.529297 0.947266 0.531250 0.945312 0.531250 0.947266 0.531250 0.949219 0.533203 0.949219 0.535156 0.951172 0.535156 0.951172 0.533203 0.953125 0.531250 0.953125 0.529297 0.955078 0.527344 0.957031 0.527344 0.958984 0.529297 0.957031 0.531250 0.958984 0.533203 0.958984 0.535156 0.955078 0.539062 0.957031 0.541016 0.955078 0.542969 0.951172 0.542969 0.957031 0.542969 0.957031 0.539062 0.958984 0.537109 0.958984 0.531250 0.960938 0.529297 0.962891 0.531250 0.962891 0.537109 0.964844 0.539062 0.964844 0.544922 0.962891 0.546875 0.960938 0.544922 0.960938 0.548828 0.958984 0.550781 0.957031 0.550781 0.957031 0.554688 0.955078 0.556641 0.957031 0.558594 0.957031 0.560547 0.957031 0.558594 0.958984 0.556641 0.960938 0.558594 0.960938 0.560547 0.962891 0.562500 0.966797 0.562500 0.968750 0.564453 0.966797 0.566406 0.964844 0.566406 0.962891 0.568359 0.960938 0.568359 0.958984 0.570312 0.960938 0.570312 0.962891 0.568359 0.966797 0.568359 0.968750 0.566406 0.972656 0.570312 0.970703 0.572266 0.966797 0.572266 0.966797 0.574219 0.970703 0.578125 0.970703 0.580078 0.972656 0.578125 0.974609 0.578125 0.976562 0.580078 0.978516 0.580078 0.980469 0.582031 0.980469 0.583984 0.978516 0.585938 0.978516 0.587891 0.980469 0.587891 0.986328 0.582031 0.984375 0.580078 0.984375 0.582031 0.982422 0.583984 0.980469 0.582031 0.980469 0.578125 0.976562 0.574219 0.974609 0.574219 0.972656 0.572266 0.974609 0.570312 0.972656 0.568359 0.970703 0.568359 0.968750 0.566406 0.972656 0.562500 0.968750 0.562500 0.964844 0.558594 0.962891 0.560547 0.958984 0.556641 0.958984 0.552734 0.960938 0.550781 0.960938 0.548828 0.964844 0.544922 0.968750 0.544922 0.970703 0.546875 0.970703 0.550781 0.968750 0.552734 0.970703 0.550781 0.972656 0.552734 0.972656 0.558594 0.974609 0.558594 0.976562 0.560547 0.978516 0.558594 0.980469 0.558594 0.982422 0.556641 0.980469 0.554688 0.980469 0.556641 0.978516 0.558594 0.974609 0.558594 0.972656 0.556641 0.974609 0.554688 0.974609 0.552734 0.978516 0.548828 0.980469 0.550781 0.982422 0.550781 0.984375 0.548828 0.988281 0.548828 0.990234 0.550781 0.990234 0.552734 0.988281 0.554688 0.986328 0.554688 0.986328 0.556641 0.988281 0.558594 0.984375 0.562500 0.982422 0.562500 0.980469 0.564453 0.980469 0.566406 0.984375 0.562500 0.986328 0.562500 0.986328 0.560547 0.988281 0.558594 0.990234 0.560547 0.990234 0.562500 0.994141 0.566406 0.994141 0.568359 0.996094 0.570312 0.996094 0.572266 0.998047 0.574219 0.998047 0.562500 0.996094 0.562500 0.994141 0.560547 0.994141 0.558594 0.996094 0.556641 0.996094 0.552734 0.998047 0.550781 0.996094 0.548828 0.998047 0.546875 0.998047 0.542969 0.996094 0.542969 0.990234 0.537109 0.992188 0.535156 0.994141 0.535156 0.996094 0.537109 0.998047 0.537109 0.998047 0.527344 0.998047 0.535156 0.996094 0.537109 0.994141 0.535156 0.994141 0.531250 0.990234 0.531250 0.988281 0.529297 0.990234 0.527344 0.992188 0.527344 0.990234 0.525391 0.992188 0.523438 0.994141 0.523438 0.994141 0.521484 0.992188 0.519531 0.990234 0.521484 0.988281 0.519531 0.988281 0.515625 0.990234 0.513672 0.992188 0.515625 0.994141 0.513672 0.996094 0.515625 0.996094 0.517578 0.998047 0.519531 0.998047 0.521484 0.998047 0.519531 0.996094 0.517578 0.996094 0.515625 0.998047 0.513672 0.998047 0.509766 0.996094 0.507812 0.998047 0.505859 0.998047 0.498047 0.996094 0.498047 0.994141 0.500000 0.992188 0.498047 0.992188 0.496094 0.994141 0.494141 0.990234 0.494141 0.988281 0.492188 0.988281 0.490234 0.990234 0.488281 0.992188 0.490234 0.994141 0.490234 0.996094 0.488281 0.998047 0.488281 0.996094 0.488281 0.994141 0.486328 0.996094 0.484375 0.998047 0.484375 0.996094 0.482422 0.992188 0.486328 0.990234 0.484375 0.990234 0.482422 0.994141 0.478516 0.996094 0.478516 0.996094 0.476562 0.998047 0.474609
2 0.054688 0.447266 0.054688 0.451172 0.052734 0.453125 0.050781 0.453125 0.060547 0.453125 0.062500 0.455078 0.058594 0.458984 0.058594 0.462891 0.056641 0.464844 0.058594 0.466797 0.058594 0.468750 0.062500 0.468750 0.062500 0.464844 0.060547 0.466797 0.058594 0.464844 0.058594 0.458984 0.060547 0.457031 0.062500 0.458984 0.060547 0.457031 0.064453 0.453125 0.066406 0.453125 0.068359 0.455078 0.066406 0.457031 0.066406 0.458984 0.068359 0.457031 0.070312 0.458984 0.072266 0.458984 0.074219 0.460938 0.074219 0.462891 0.072266 0.464844 0.070312 0.464844 0.068359 0.466797 0.066406 0.464844 0.066406 0.466797 0.070312 0.470703 0.070312 0.472656 0.072266 0.470703 0.074219 0.472656 0.078125 0.472656 0.076172 0.470703 0.076172 0.468750 0.078125 0.466797 0.080078 0.468750 0.082031 0.466797 0.085938 0.470703 0.085938 0.472656 0.089844 0.472656 0.093750 0.476562 0.093750 0.478516 0.095703 0.480469 0.095703 0.482422 0.093750 0.484375 0.091797 0.484375 0.089844 0.482422 0.087891 0.482422 0.087891 0.486328 0.095703 0.486328 0.097656 0.488281 0.093750 0.492188 0.091797 0.490234 0.087891 0.490234 0.087891 0.492188 0.085938 0.494141 0.083984 0.492188 0.082031 0.492188 0.080078 0.490234 0.080078 0.484375 0.082031 0.482422 0.083984 0.484375 0.082031 0.482422 0.082031 0.480469 0.080078 0.482422 0.078125 0.480469 0.078125 0.476562 0.076172 0.476562 0.078125 0.478516 0.074219 0.482422 0.072266 0.482422 0.070312 0.484375 0.068359 0.484375 0.066406 0.482422 0.066406 0.480469 0.062500 0.480469 0.060547 0.478516 0.062500 0.476562 0.060547 0.476562 0.058594 0.478516 0.056641 0.478516 0.054688 0.476562 0.054688 0.472656 0.052734 0.472656 0.050781 0.470703 0.050781 0.472656 0.052734 0.472656 0.054688 0.474609 0.054688 0.476562 0.056641 0.478516 0.058594 0.478516 0.060547 0.480469 0.058594 0.482422 0.052734 0.482422 0.050781 0.480469 0.046875 0.480469 0.042969 0.484375 0.042969 0.486328 0.041016 0.488281 0.042969 0.486328 0.044922 0.488281 0.044922 0.490234 0.042969 0.492188 0.039062 0.492188 0.039062 0.498047 0.041016 0.498047 0.041016 0.496094 0.044922 0.492188 0.044922 0.490234 0.046875 0.488281 0.048828 0.488281 0.050781 0.490234 0.052734 0.490234 0.054688 0.492188 0.054688 0.494141 0.056641 0.492188 0.058594 0.494141 0.058594 0.496094 0.058594 0.492188 0.062500 0.488281 0.060547 0.490234 0.058594 0.490234 0.056641 0.488281 0.056641 0.490234 0.054688 0.492188 0.052734 0.490234 0.050781 0.490234 0.046875 0.486328 0.048828 0.484375 0.046875 0.482422 0.048828 0.480469 0.050781 0.480469 0.052734 0.482422 0.054688 0.482422 0.056641 0.484375 0.058594 0.482422 0.060547 0.484375 0.064453 0.480469 0.066406 0.482422 0.066406 0.490234 0.068359 0.492188 0.066406 0.494141 0.066406 0.496094 0.064453 0.498047 0.064453 0.500000 0.066406 0.501953 0.068359 0.501953 0.070312 0.500000 0.074219 0.500000 0.076172 0.501953 0.070312 0.496094 0.070312 0.492188 0.068359 0.490234 0.068359 0.488281 0.070312 0.486328 0.070312 0.484375 0.072266 0.482422 0.076172 0.482422 0.078125 0.484375 0.074219 0.488281 0.074219 0.490234 0.076172 0.492188 0.074219 0.494141 0.076172 0.496094 0.078125 0.494141 0.085938 0.494141 0.087891 0.492188 0.093750 0.492188 0.095703 0.494141 0.095703 0.496094 0.097656 0.498047 0.095703 0.500000 0.093750 0.500000 0.091797 0.498047 0.093750 0.500000 0.089844 0.503906 0.087891 0.503906 0.085938 0.505859 0.085938 0.507812 0.085938 0.505859 0.087891 0.503906 0.089844 0.503906 0.091797 0.505859 0.091797 0.507812 0.091797 0.505859 0.089844 0.503906 0.093750 0.500000 0.095703 0.501953 0.097656 0.500000 0.099609 0.501953 0.101562 0.500000 0.103516 0.501953 0.103516 0.503906 0.105469 0.505859 0.105469 0.507812 0.103516 0.509766 0.101562 0.509766 0.101562 0.511719 0.099609 0.513672 0.101562 0.515625 0.105469 0.515625 0.105469 0.513672 0.103516 0.511719 0.103516 0.509766 0.105469 0.507812 0.107422 0.507812 0.111328 0.511719 0.111328 0.513672 0.109375 0.515625 0.109375 0.517578 0.111328 0.519531 0.111328 0.521484 0.113281 0.521484 0.115234 0.523438 0.117188 0.521484 0.115234 0.519531 0.113281 0.519531 0.109375 0.515625 0.111328 0.513672 0.113281 0.513672 0.115234 0.515625 0.117188 0.513672 0.119141 0.515625 0.119141 0.517578 0.121094 0.519531 0.121094 0.521484 0.121094 0.517578 0.123047 0.515625 0.125000 0.517578 0.126953 0.515625 0.128906 0.515625 0.130859 0.517578 0.128906 0.519531 0.128906 0.523438 0.132812 0.523438 0.134766 0.521484 0.136719 0.523438 0.136719 0.525391 0.136719 0.523438 0.138672 0.521484 0.140625 0.521484 0.138672 0.519531 0.140625 0.517578 0.142578 0.517578 0.138672 0.513672 0.132812 0.513672 0.130859 0.511719 0.130859 0.507812 0.130859 0.509766 0.128906 0.511719 0.126953 0.509766 0.125000 0.511719 0.123047 0.509766 0.121094 0.511719 0.119141 0.509766 0.117188 0.511719 0.115234 0.511719 0.113281 0.509766 0.113281 0.505859 0.109375 0.505859 0.107422 0.503906 0.109375 0.501953 0.111328 0.501953 0.111328 0.500000 0.115234 0.496094 0.117188 0.498047 0.117188 0.500000 0.119141 0.498047 0.121094 0.500000 0.123047 0.500000 0.121094 0.500000 0.119141 0.498047 0.117188 0.498047 0.115234 0.496094 0.121094 0.490234 0.125000 0.490234 0.126953 0.492188 0.126953 0.494141 0.128906 0.492188 0.130859 0.494141 0.130859 0.496094 0.132812 0.496094 0.132812 0.494141 0.130859 0.492188 0.130859 0.490234 0.132812 0.488281 0.130859 0.488281 0.126953 0.492188 0.125000 0.490234 0.123047 0.490234 0.119141 0.486328 0.119141 0.484375 0.117188 0.484375 0.115234 0.482422 0.115234 0.480469 0.111328 0.480469 0.109375 0.478516 0.113281 0.474609 0.113281 0.470703 0.117188 0.466797 0.121094 0.470703 0.121094 0.472656 0.123047 0.474609 0.119141 0.478516 0.117188 0.476562 0.117188 0.474609 0.117188 0.476562 0.119141 0.478516 0.121094 0.478516 0.123047 0.476562 0.123047 0.474609 0.121094 0.472656 0.121094 0.470703 0.123047 0.468750 0.125000 0.468750 0.126953 0.470703 0.128906 0.470703 0.128906 0.466797 0.126953 0.468750 0.125000 0.468750 0.123047 0.466797 0.126953 0.462891 0.126953 0.460938 0.128906 0.458984 0.130859 0.458984 0.130859 0.457031 0.128906 0.458984 0.126953 0.457031 0.126953 0.453125 0.125000 0.451172 0.125000 0.449219 0.121094 0.449219 0.123047 0.451172 0.121094 0.453125 0.123047 0.455078 0.123047 0.457031 0.119141 0.460938 0.119141 0.462891 0.117188 0.464844 0.115234 0.462891 0.115234 0.460938 0.115234 0.462891 0.117188 0.464844 0.117188 0.466797 0.115234 0.468750 0.113281 0.466797 0.115234 0.468750 0.113281 0.470703 0.113281 0.474609 0.111328 0.476562 0.107422 0.472656 0.109375 0.470703 0.107422 0.470703 0.107422 0.472656 0.105469 0.474609 0.101562 0.470703 0.101562 0.468750 0.103516 0.466797 0.101562 0.466797 0.099609 0.464844 0.099609 0.460938 0.097656 0.458984 0.097656 0.457031 0.095703 0.458984 0.091797 0.455078 0.085938 0.455078 0.083984 0.453125 0.083984 0.449219 0.082031 0.451172 0.078125 0.451172 0.080078 0.451172 0.082031 0.453125 0.080078 0.455078 0.080078 0.457031 0.076172 0.460938 0.074219 0.460938 0.068359 0.455078 0.068359 0.453125 0.064453 0.453125 0.062500 0.455078 0.060547 0.453125 0.058594 0.453125 0.056641 0.451172 0.056641 0.449219 0.058594 0.447266 0.060547 0.449219 0.062500 0.447266 0.060547 0.449219 0.058594 0.447266 0.056641 0.449219
2 0.890625 0.429688 0.890625 0.431641 0.888672 0.433594 0.886719 0.431641 0.884766 0.431641 0.884766 0.435547 0.886719 0.435547 0.888672 0.437500 0.884766 0.441406 0.882812 0.441406 0.880859 0.443359 0.880859 0.445312 0.884766 0.449219 0.882812 0.451172 0.880859 0.451172 0.876953 0.447266 0.875000 0.447266 0.871094 0.451172 0.871094 0.457031 0.873047 0.458984 0.871094 0.460938 0.871094 0.462891 0.873047 0.464844 0.871094 0.466797 0.873047 0.464844 0.875000 0.466797 0.878906 0.466797 0.882812 0.470703 0.880859 0.468750 0.880859 0.466797 0.884766 0.462891 0.886719 0.462891 0.886719 0.460938 0.884766 0.458984 0.884766 0.455078 0.882812 0.453125 0.884766 0.451172 0.886719 0.451172 0.886719 0.447266 0.884766 0.449219 0.880859 0.445312 0.880859 0.443359 0.882812 0.441406 0.884766 0.443359 0.886719 0.441406 0.888672 0.441406 0.890625 0.443359 0.890625 0.449219 0.892578 0.451172 0.892578 0.453125 0.894531 0.455078 0.900391 0.455078 0.900391 0.453125 0.904297 0.449219 0.906250 0.449219 0.904297 0.447266 0.906250 0.445312 0.904297 0.445312 0.902344 0.443359 0.900391 0.443359 0.892578 0.435547 0.892578 0.433594 0.894531 0.431641 0.896484 0.433594 0.896484 0.431641 0.898438 0.429688 0.896484 0.431641 0.892578 0.431641
2 0.003906 0.410156 0.001953 0.412109 0.003906 0.414062 0.001953 0.416016 0.001953 0.417969 0.003906 0.417969 0.005859 0.419922 0.005859 0.421875 0.003906 0.423828 0.003906 0.425781 0.001953 0.427734 0.001953 0.431641 0.000000 0.433594 0.000000 0.435547 0.001953 0.437500 0.000000 0.439453 0.000000 0.447266 0.001953 0.445312 0.007812 0.445312 0.009766 0.447266 0.007812 0.449219 0.003906 0.449219 0.005859 0.449219 0.007812 0.451172 0.005859 0.453125 0.001953 0.453125 0.001953 0.455078 0.003906 0.457031 0.005859 0.457031 0.003906 0.455078 0.007812 0.451172 0.009766 0.451172 0.011719 0.453125 0.013672 0.453125 0.015625 0.455078 0.013672 0.457031 0.013672 0.458984 0.011719 0.460938 0.009766 0.460938 0.009766 0.462891 0.011719 0.464844 0.011719 0.468750 0.013672 0.470703 0.009766 0.474609 0.007812 0.472656 0.007812 0.476562 0.017578 0.466797 0.019531 0.466797 0.023438 0.462891 0.025391 0.464844 0.025391 0.466797 0.029297 0.462891 0.029297 0.458984 0.027344 0.457031 0.027344 0.455078 0.029297 0.453125 0.031250 0.455078 0.029297 0.453125 0.029297 0.451172 0.023438 0.451172 0.021484 0.449219 0.021484 0.447266 0.019531 0.445312 0.017578 0.445312 0.013672 0.449219 0.011719 0.449219 0.007812 0.445312 0.007812 0.443359 0.009766 0.441406 0.007812 0.443359 0.001953 0.443359 0.000000 0.441406 0.000000 0.439453 0.001953 0.437500 0.000000 0.435547 0.001953 0.433594 0.007812 0.433594 0.005859 0.433594 0.003906 0.431641 0.005859 0.429688 0.007812 0.429688 0.003906 0.429688 0.001953 0.427734 0.005859 0.423828 0.007812 0.425781 0.011719 0.425781 0.013672 0.427734 0.011719 0.429688 0.011719 0.431641 0.013672 0.431641 0.013672 0.429688 0.015625 0.427734 0.017578 0.429688 0.017578 0.431641 0.019531 0.431641 0.023438 0.427734 0.025391 0.429688 0.025391 0.431641 0.021484 0.435547 0.023438 0.437500 0.023438 0.439453 0.025391 0.441406 0.025391 0.445312 0.027344 0.445312 0.027344 0.443359 0.029297 0.441406 0.029297 0.439453 0.031250 0.437500 0.029297 0.435547 0.029297 0.431641 0.031250 0.429688 0.029297 0.431641 0.027344 0.429688 0.027344 0.427734 0.031250 0.423828 0.031250 0.421875 0.029297 0.421875 0.027344 0.419922 0.027344 0.417969 0.027344 0.419922 0.025391 0.421875 0.023438 0.419922 0.025391 0.421875 0.021484 0.425781 0.023438 0.427734 0.021484 0.429688 0.017578 0.429688 0.015625 0.427734 0.015625 0.419922 0.017578 0.417969 0.019531 0.417969 0.017578 0.417969 0.015625 0.416016 0.015625 0.421875 0.013672 0.423828 0.011719 0.421875 0.009766 0.421875 0.007812 0.423828 0.005859 0.421875 0.005859 0.419922 0.007812 0.417969 0.009766 0.417969 0.007812 0.417969 0.005859 0.419922 0.001953 0.416016 0.003906 0.414062 0.003906 0.412109 0.005859 0.410156
2 0.716797 0.384766 0.718750 0.386719 0.718750 0.390625 0.716797 0.392578 0.716797 0.394531 0.714844 0.396484 0.712891 0.394531 0.710938 0.396484 0.708984 0.396484 0.705078 0.400391 0.703125 0.400391 0.705078 0.400391 0.707031 0.398438 0.708984 0.400391 0.708984 0.404297 0.710938 0.404297 0.712891 0.406250 0.712891 0.410156 0.710938 0.412109 0.712891 0.414062 0.712891 0.416016 0.710938 0.417969 0.708984 0.417969 0.707031 0.416016 0.707031 0.410156 0.708984 0.408203 0.703125 0.408203 0.701172 0.410156 0.701172 0.414062 0.699219 0.416016 0.699219 0.417969 0.701172 0.419922 0.701172 0.421875 0.697266 0.425781 0.697266 0.435547 0.695312 0.437500 0.695312 0.441406 0.693359 0.443359 0.689453 0.443359 0.691406 0.443359 0.693359 0.445312 0.693359 0.447266 0.687500 0.453125 0.685547 0.451172 0.685547 0.453125 0.683594 0.455078 0.685547 0.457031 0.687500 0.457031 0.689453 0.458984 0.689453 0.462891 0.687500 0.464844 0.689453 0.464844 0.691406 0.466797 0.693359 0.466797 0.695312 0.468750 0.697266 0.466797 0.695312 0.468750 0.693359 0.466797 0.693359 0.464844 0.695312 0.462891 0.695312 0.458984 0.693359 0.458984 0.691406 0.457031 0.693359 0.455078 0.689453 0.455078 0.687500 0.453125 0.689453 0.451172 0.691406 0.451172 0.691406 0.449219 0.693359 0.447266 0.695312 0.449219 0.695312 0.447266 0.697266 0.445312 0.699219 0.445312 0.703125 0.441406 0.707031 0.441406 0.708984 0.443359 0.708984 0.441406 0.710938 0.439453 0.712891 0.441406 0.712891 0.447266 0.714844 0.447266 0.716797 0.445312 0.718750 0.445312 0.720703 0.443359 0.724609 0.447266 0.724609 0.449219 0.722656 0.451172 0.724609 0.451172 0.724609 0.447266 0.722656 0.445312 0.722656 0.443359 0.724609 0.441406 0.728516 0.441406 0.732422 0.445312 0.730469 0.447266 0.732422 0.445312 0.734375 0.445312 0.738281 0.449219 0.736328 0.451172 0.738281 0.449219 0.736328 0.447266 0.738281 0.445312 0.738281 0.443359 0.740234 0.441406 0.742188 0.443359 0.742188 0.439453 0.746094 0.435547 0.746094 0.433594 0.748047 0.431641 0.750000 0.433594 0.750000 0.435547 0.751953 0.435547 0.753906 0.433594 0.755859 0.435547 0.755859 0.439453 0.755859 0.437500 0.757812 0.435547 0.755859 0.435547 0.753906 0.433594 0.755859 0.431641 0.757812 0.431641 0.757812 0.429688 0.759766 0.427734 0.757812 0.427734 0.757812 0.429688 0.755859 0.431641 0.753906 0.431641 0.750000 0.427734 0.750000 0.425781 0.751953 0.423828 0.750000 0.421875 0.750000 0.419922 0.751953 0.417969 0.755859 0.421875 0.755859 0.423828 0.757812 0.423828 0.757812 0.421875 0.755859 0.421875 0.753906 0.419922 0.753906 0.416016 0.751953 0.414062 0.748047 0.414062 0.746094 0.412109 0.746094 0.406250 0.751953 0.400391 0.750000 0.398438 0.750000 0.394531 0.748047 0.394531 0.748047 0.396484 0.746094 0.398438 0.744141 0.396484 0.742188 0.396484 0.742188 0.398438 0.740234 0.400391 0.738281 0.398438 0.736328 0.400391 0.734375 0.398438 0.732422 0.398438 0.730469 0.396484 0.732422 0.394531 0.736328 0.394531 0.736328 0.392578 0.734375 0.390625 0.734375 0.388672 0.732422 0.388672 0.732422 0.392578 0.730469 0.394531 0.726562 0.390625 0.726562 0.388672 0.726562 0.390625 0.724609 0.392578 0.722656 0.390625 0.722656 0.388672 0.722656 0.390625 0.720703 0.392578 0.718750 0.390625 0.718750 0.386719 0.720703 0.384766 0.722656 0.384766
2 0.500000 0.365234 0.500000 0.367188 0.498047 0.369141 0.498047 0.371094 0.490234 0.378906 0.488281 0.376953 0.486328 0.378906 0.484375 0.376953 0.484375 0.375000 0.484375 0.376953 0.482422 0.378906 0.480469 0.378906 0.480469 0.380859 0.478516 0.382812 0.476562 0.382812 0.478516 0.382812 0.480469 0.380859 0.482422 0.380859 0.484375 0.378906 0.486328 0.380859 0.488281 0.378906 0.490234 0.380859 0.490234 0.382812 0.488281 0.384766 0.488281 0.386719 0.486328 0.388672 0.484375 0.386719 0.484375 0.384766 0.484375 0.386719 0.486328 0.388672 0.486328 0.390625 0.484375 0.392578 0.484375 0.394531 0.482422 0.396484 0.480469 0.394531 0.480469 0.392578 0.478516 0.392578 0.478516 0.396484 0.474609 0.400391 0.472656 0.400391 0.470703 0.398438 0.472656 0.396484 0.472656 0.392578 0.474609 0.390625 0.474609 0.388672 0.472656 0.386719 0.474609 0.388672 0.474609 0.390625 0.472656 0.392578 0.472656 0.394531 0.470703 0.396484 0.468750 0.396484 0.466797 0.394531 0.466797 0.392578 0.464844 0.390625 0.464844 0.384766 0.462891 0.384766 0.460938 0.382812 0.460938 0.380859 0.462891 0.378906 0.460938 0.380859 0.458984 0.378906 0.457031 0.378906 0.457031 0.380859 0.458984 0.382812 0.457031 0.384766 0.455078 0.384766 0.453125 0.386719 0.455078 0.388672 0.455078 0.390625 0.453125 0.392578 0.451172 0.392578 0.449219 0.394531 0.443359 0.394531 0.443359 0.396484 0.441406 0.398438 0.443359 0.398438 0.445312 0.400391 0.449219 0.400391 0.449219 0.398438 0.451172 0.396484 0.451172 0.394531 0.453125 0.392578 0.455078 0.394531 0.455078 0.396484 0.457031 0.396484 0.458984 0.394531 0.460938 0.396484 0.460938 0.398438 0.462891 0.400391 0.460938 0.402344 0.462891 0.400391 0.464844 0.402344 0.464844 0.406250 0.466797 0.408203 0.462891 0.412109 0.462891 0.414062 0.460938 0.416016 0.458984 0.414062 0.458984 0.410156 0.457031 0.410156 0.457031 0.414062 0.458984 0.414062 0.460938 0.416016 0.460938 0.419922 0.462891 0.421875 0.464844 0.419922 0.462891 0.417969 0.464844 0.416016 0.466797 0.416016 0.466797 0.414062 0.468750 0.412109 0.474609 0.412109 0.474609 0.410156 0.478516 0.406250 0.480469 0.408203 0.480469 0.410156 0.482422 0.410156 0.484375 0.412109 0.476562 0.419922 0.472656 0.419922 0.470703 0.417969 0.472656 0.419922 0.470703 0.421875 0.472656 0.419922 0.474609 0.419922 0.476562 0.421875 0.474609 0.423828 0.476562 0.423828 0.476562 0.419922 0.480469 0.416016 0.482422 0.417969 0.484375 0.417969 0.488281 0.421875 0.488281 0.419922 0.486328 0.419922 0.482422 0.416016 0.482422 0.414062 0.484375 0.412109 0.478516 0.406250 0.478516 0.404297 0.482422 0.400391 0.482422 0.398438 0.486328 0.394531 0.486328 0.392578 0.488281 0.390625 0.488281 0.388672 0.490234 0.386719 0.490234 0.382812 0.494141 0.378906 0.496094 0.378906 0.498047 0.380859 0.498047 0.376953 0.496094 0.375000 0.496094 0.373047 0.498047 0.371094 0.498047 0.369141 0.500000 0.367188
2 0.638672 0.330078 0.640625 0.332031 0.638672 0.333984 0.636719 0.333984 0.632812 0.337891 0.630859 0.337891 0.626953 0.333984 0.628906 0.332031 0.630859 0.332031 0.628906 0.332031 0.626953 0.333984 0.625000 0.332031 0.621094 0.332031 0.617188 0.335938 0.613281 0.332031 0.611328 0.333984 0.609375 0.332031 0.609375 0.335938 0.607422 0.337891 0.603516 0.337891 0.603516 0.339844 0.607422 0.339844 0.609375 0.341797 0.609375 0.345703 0.607422 0.347656 0.607422 0.351562 0.601562 0.357422 0.599609 0.355469 0.597656 0.355469 0.595703 0.353516 0.597656 0.355469 0.597656 0.357422 0.595703 0.359375 0.593750 0.357422 0.595703 0.359375 0.597656 0.357422 0.599609 0.359375 0.599609 0.361328 0.601562 0.363281 0.603516 0.361328 0.607422 0.361328 0.609375 0.363281 0.607422 0.365234 0.611328 0.365234 0.615234 0.369141 0.613281 0.371094 0.611328 0.371094 0.613281 0.371094 0.621094 0.363281 0.623047 0.365234 0.623047 0.363281 0.625000 0.361328 0.626953 0.363281 0.628906 0.363281 0.630859 0.365234 0.628906 0.367188 0.626953 0.367188 0.628906 0.369141 0.628906 0.371094 0.625000 0.375000 0.623047 0.373047 0.621094 0.373047 0.623047 0.375000 0.623047 0.376953 0.621094 0.378906 0.623047 0.378906 0.625000 0.376953 0.626953 0.376953 0.625000 0.375000 0.626953 0.373047 0.632812 0.373047 0.634766 0.375000 0.634766 0.376953 0.636719 0.376953 0.636719 0.375000 0.638672 0.373047 0.636719 0.373047 0.634766 0.375000 0.632812 0.373047 0.632812 0.371094 0.630859 0.369141 0.630859 0.367188 0.632812 0.365234 0.634766 0.367188 0.638672 0.367188 0.640625 0.369141 0.642578 0.369141 0.644531 0.371094 0.646484 0.371094 0.648438 0.369141 0.650391 0.369141 0.652344 0.371094 0.654297 0.371094 0.654297 0.363281 0.652344 0.363281 0.650391 0.361328 0.646484 0.361328 0.648438 0.363281 0.648438 0.365234 0.644531 0.369141 0.640625 0.369141 0.636719 0.365234 0.632812 0.365234 0.630859 0.363281 0.626953 0.363281 0.623047 0.359375 0.621094 0.361328 0.619141 0.361328 0.615234 0.357422 0.617188 0.355469 0.615234 0.357422 0.611328 0.353516 0.613281 0.351562 0.617188 0.351562 0.617188 0.347656 0.613281 0.347656 0.611328 0.349609 0.609375 0.347656 0.609375 0.343750 0.611328 0.341797 0.611328 0.339844 0.613281 0.337891 0.617188 0.341797 0.617188 0.343750 0.619141 0.343750 0.621094 0.345703 0.621094 0.347656 0.623047 0.347656 0.626953 0.351562 0.628906 0.351562 0.630859 0.353516 0.630859 0.355469 0.632812 0.357422 0.632812 0.355469 0.630859 0.353516 0.632812 0.351562 0.632812 0.349609 0.630859 0.349609 0.628906 0.347656 0.630859 0.345703 0.632812 0.345703 0.634766 0.343750 0.638672 0.347656 0.644531 0.347656 0.642578 0.345703 0.644531 0.343750 0.646484 0.343750 0.648438 0.345703 0.648438 0.347656 0.650391 0.345703 0.652344 0.347656 0.656250 0.343750 0.658203 0.345703 0.656250 0.343750 0.658203 0.341797 0.656250 0.343750 0.654297 0.343750 0.652344 0.345703 0.650391 0.345703 0.648438 0.343750 0.648438 0.339844 0.646484 0.341797 0.644531 0.341797 0.642578 0.339844 0.644531 0.337891 0.642578 0.339844 0.640625 0.337891 0.640625 0.335938 0.642578 0.333984 0.640625 0.332031 0.642578 0.330078
2 0.892578 0.326172 0.890625 0.328125 0.888672 0.328125 0.888672 0.333984 0.886719 0.335938 0.884766 0.335938 0.882812 0.333984 0.884766 0.335938 0.880859 0.339844 0.875000 0.339844 0.875000 0.341797 0.878906 0.341797 0.880859 0.343750 0.882812 0.343750 0.884766 0.345703 0.882812 0.347656 0.875000 0.347656 0.873047 0.345703 0.871094 0.345703 0.867188 0.341797 0.869141 0.339844 0.871094 0.339844 0.869141 0.337891 0.869141 0.335938 0.871094 0.333984 0.873047 0.333984 0.873047 0.332031 0.871094 0.333984 0.869141 0.332031 0.869141 0.330078 0.869141 0.332031 0.865234 0.335938 0.863281 0.335938 0.861328 0.333984 0.859375 0.335938 0.859375 0.337891 0.861328 0.337891 0.863281 0.339844 0.865234 0.339844 0.867188 0.341797 0.863281 0.345703 0.861328 0.345703 0.861328 0.347656 0.859375 0.349609 0.861328 0.351562 0.861328 0.353516 0.859375 0.355469 0.857422 0.353516 0.861328 0.357422 0.859375 0.359375 0.859375 0.361328 0.857422 0.363281 0.855469 0.363281 0.855469 0.369141 0.857422 0.369141 0.859375 0.371094 0.859375 0.375000 0.861328 0.376953 0.861328 0.380859 0.859375 0.382812 0.855469 0.378906 0.857422 0.380859 0.857422 0.384766 0.859375 0.382812 0.863281 0.386719 0.863281 0.392578 0.867188 0.396484 0.865234 0.398438 0.867188 0.398438 0.867188 0.392578 0.865234 0.392578 0.863281 0.390625 0.863281 0.386719 0.861328 0.384766 0.863281 0.382812 0.867188 0.382812 0.867188 0.380859 0.865234 0.382812 0.863281 0.380859 0.863281 0.378906 0.861328 0.376953 0.863281 0.375000 0.857422 0.369141 0.859375 0.367188 0.859375 0.365234 0.863281 0.361328 0.867188 0.365234 0.871094 0.365234 0.869141 0.365234 0.867188 0.363281 0.867188 0.361328 0.865234 0.359375 0.863281 0.359375 0.859375 0.355469 0.863281 0.351562 0.865234 0.353516 0.869141 0.353516 0.873047 0.357422 0.871094 0.359375 0.873047 0.359375 0.875000 0.361328 0.876953 0.361328 0.878906 0.363281 0.876953 0.365234 0.875000 0.365234 0.876953 0.365234 0.880859 0.361328 0.882812 0.363281 0.882812 0.365234 0.880859 0.367188 0.882812 0.367188 0.884766 0.365234 0.886719 0.367188 0.888672 0.367188 0.890625 0.369141 0.890625 0.371094 0.892578 0.371094 0.892578 0.369141 0.890625 0.369141 0.888672 0.367188 0.886719 0.367188 0.884766 0.365234 0.888672 0.361328 0.888672 0.359375 0.890625 0.357422 0.890625 0.355469 0.888672 0.353516 0.890625 0.351562 0.892578 0.351562 0.890625 0.349609 0.892578 0.347656 0.894531 0.347656 0.894531 0.345703 0.892578 0.343750 0.892578 0.339844 0.892578 0.341797 0.890625 0.343750 0.888672 0.343750 0.886719 0.345703 0.884766 0.345703 0.882812 0.343750 0.882812 0.341797 0.886719 0.337891 0.888672 0.337891 0.890625 0.335938 0.896484 0.335938 0.898438 0.337891 0.898438 0.339844 0.896484 0.341797 0.898438 0.341797 0.900391 0.343750 0.902344 0.341797 0.900391 0.339844 0.900391 0.337891 0.902344 0.335938 0.904297 0.335938 0.906250 0.333984 0.906250 0.332031 0.908203 0.330078 0.908203 0.328125 0.906250 0.328125 0.906250 0.330078 0.904297 0.332031 0.902344 0.330078 0.902344 0.326172 0.900391 0.328125 0.896484 0.328125 0.894531 0.326172
2 0.351562 0.199219 0.353516 0.199219 0.355469 0.201172 0.353516 0.203125 0.351562 0.203125 0.351562 0.205078 0.353516 0.207031 0.353516 0.208984 0.351562 0.210938 0.351562 0.212891 0.349609 0.214844 0.347656 0.214844 0.343750 0.218750 0.341797 0.218750 0.339844 0.216797 0.341797 0.218750 0.339844 0.220703 0.341797 0.222656 0.335938 0.228516 0.335938 0.230469 0.337891 0.230469 0.337891 0.228516 0.343750 0.222656 0.345703 0.224609 0.345703 0.226562 0.349609 0.230469 0.347656 0.232422 0.343750 0.232422 0.343750 0.234375 0.341797 0.236328 0.339844 0.234375 0.341797 0.236328 0.339844 0.238281 0.337891 0.238281 0.341797 0.242188 0.341797 0.244141 0.339844 0.246094 0.337891 0.244141 0.337891 0.248047 0.339844 0.248047 0.339844 0.246094 0.341797 0.244141 0.343750 0.246094 0.343750 0.250000 0.345703 0.250000 0.347656 0.251953 0.349609 0.251953 0.349609 0.250000 0.351562 0.248047 0.351562 0.246094 0.349609 0.246094 0.347656 0.244141 0.347656 0.240234 0.349609 0.238281 0.351562 0.238281 0.353516 0.240234 0.351562 0.242188 0.355469 0.242188 0.353516 0.240234 0.355469 0.238281 0.353516 0.236328 0.353516 0.234375 0.353516 0.236328 0.351562 0.238281 0.349609 0.236328 0.349609 0.234375 0.347656 0.232422 0.351562 0.228516 0.353516 0.228516 0.355469 0.230469 0.357422 0.230469 0.359375 0.228516 0.359375 0.224609 0.357422 0.224609 0.355469 0.222656 0.357422 0.220703 0.359375 0.220703 0.359375 0.216797 0.361328 0.214844 0.359375 0.214844 0.357422 0.212891 0.359375 0.210938 0.357422 0.208984 0.361328 0.205078 0.363281 0.207031 0.363281 0.208984 0.363281 0.205078 0.365234 0.203125 0.367188 0.205078 0.369141 0.205078 0.371094 0.207031 0.373047 0.205078 0.375000 0.207031 0.375000 0.208984 0.376953 0.208984 0.378906 0.210938 0.378906 0.212891 0.380859 0.212891 0.382812 0.210938 0.384766 0.212891 0.384766 0.210938 0.382812 0.208984 0.378906 0.208984 0.376953 0.207031 0.376953 0.205078 0.373047 0.205078 0.371094 0.203125 0.373047 0.201172 0.371094 0.201172 0.371094 0.203125 0.369141 0.205078 0.367188 0.203125 0.367188 0.201172 0.365234 0.203125 0.363281 0.203125 0.361328 0.205078 0.359375 0.205078 0.357422 0.207031 0.353516 0.203125 0.355469 0.201172 0.357422 0.201172 0.355469 0.199219
2 0.382812 0.173828 0.382812 0.179688 0.384766 0.179688 0.386719 0.181641 0.386719 0.183594 0.388672 0.185547 0.384766 0.189453 0.382812 0.189453 0.380859 0.187500 0.380859 0.185547 0.378906 0.187500 0.380859 0.187500 0.382812 0.189453 0.380859 0.191406 0.380859 0.193359 0.382812 0.195312 0.384766 0.195312 0.386719 0.193359 0.388672 0.195312 0.392578 0.195312 0.394531 0.197266 0.392578 0.199219 0.392578 0.201172 0.390625 0.203125 0.392578 0.205078 0.394531 0.203125 0.396484 0.203125 0.398438 0.201172 0.398438 0.199219 0.396484 0.199219 0.392578 0.195312 0.394531 0.193359 0.396484 0.193359 0.398438 0.195312 0.400391 0.195312 0.402344 0.197266 0.402344 0.199219 0.404297 0.201172 0.402344 0.203125 0.402344 0.205078 0.404297 0.207031 0.402344 0.208984 0.404297 0.207031 0.406250 0.208984 0.406250 0.210938 0.404297 0.212891 0.404297 0.214844 0.406250 0.216797 0.406250 0.212891 0.408203 0.210938 0.410156 0.212891 0.410156 0.214844 0.414062 0.218750 0.412109 0.220703 0.414062 0.222656 0.412109 0.224609 0.414062 0.226562 0.416016 0.224609 0.417969 0.224609 0.419922 0.226562 0.419922 0.228516 0.416016 0.232422 0.412109 0.232422 0.414062 0.232422 0.416016 0.234375 0.417969 0.234375 0.419922 0.236328 0.414062 0.242188 0.416016 0.242188 0.417969 0.244141 0.416016 0.246094 0.412109 0.246094 0.410156 0.244141 0.410156 0.240234 0.412109 0.238281 0.412109 0.236328 0.412109 0.238281 0.410156 0.240234 0.408203 0.238281 0.408203 0.236328 0.404297 0.232422 0.402344 0.232422 0.402344 0.238281 0.404297 0.240234 0.402344 0.242188 0.404297 0.244141 0.406250 0.244141 0.408203 0.246094 0.408203 0.248047 0.410156 0.248047 0.414062 0.251953 0.416016 0.251953 0.416016 0.250000 0.417969 0.248047 0.417969 0.244141 0.419922 0.242188 0.423828 0.246094 0.423828 0.251953 0.425781 0.253906 0.423828 0.255859 0.425781 0.257812 0.425781 0.259766 0.423828 0.261719 0.419922 0.257812 0.419922 0.253906 0.417969 0.255859 0.416016 0.255859 0.414062 0.257812 0.416016 0.255859 0.417969 0.257812 0.419922 0.257812 0.425781 0.263672 0.429688 0.263672 0.431641 0.265625 0.431641 0.269531 0.429688 0.271484 0.431641 0.273438 0.427734 0.277344 0.425781 0.275391 0.425781 0.273438 0.423828 0.273438 0.421875 0.275391 0.419922 0.275391 0.421875 0.277344 0.423828 0.277344 0.425781 0.279297 0.425781 0.281250 0.423828 0.283203 0.421875 0.281250 0.419922 0.283203 0.414062 0.277344 0.416016 0.279297 0.416016 0.281250 0.417969 0.281250 0.419922 0.283203 0.421875 0.281250 0.425781 0.285156 0.423828 0.287109 0.423828 0.289062 0.421875 0.291016 0.419922 0.291016 0.417969 0.289062 0.419922 0.287109 0.417969 0.287109 0.416016 0.285156 0.417969 0.287109 0.416016 0.289062 0.414062 0.289062 0.412109 0.287109 0.412109 0.289062 0.410156 0.291016 0.408203 0.291016 0.406250 0.292969 0.406250 0.294922 0.408203 0.296875 0.408203 0.298828 0.410156 0.298828 0.412109 0.300781 0.410156 0.302734 0.408203 0.302734 0.406250 0.304688 0.404297 0.304688 0.406250 0.304688 0.408203 0.306641 0.406250 0.308594 0.404297 0.308594 0.402344 0.310547 0.400391 0.310547 0.398438 0.308594 0.400391 0.306641 0.400391 0.302734 0.396484 0.298828 0.398438 0.296875 0.400391 0.296875 0.400391 0.294922 0.398438 0.294922 0.396484 0.292969 0.396484 0.291016 0.398438 0.289062 0.400391 0.291016 0.396484 0.287109 0.398438 0.285156 0.398438 0.283203 0.400391 0.281250 0.396484 0.277344 0.396484 0.273438 0.398438 0.271484 0.400391 0.273438 0.400391 0.271484 0.394531 0.265625 0.396484 0.263672 0.396484 0.261719 0.400391 0.257812 0.402344 0.257812 0.404297 0.255859 0.402344 0.255859 0.400391 0.257812 0.398438 0.255859 0.398438 0.251953 0.396484 0.253906 0.394531 0.251953 0.394531 0.246094 0.390625 0.242188 0.394531 0.238281 0.396484 0.238281 0.394531 0.238281 0.392578 0.236328 0.392578 0.234375 0.394531 0.232422 0.394531 0.228516 0.392578 0.226562 0.394531 0.224609 0.394531 0.220703 0.394531 0.222656 0.392578 0.224609 0.392578 0.228516 0.390625 0.230469 0.390625 0.232422 0.392578 0.234375 0.390625 0.236328 0.390625 0.242188 0.392578 0.244141 0.392578 0.248047 0.394531 0.250000 0.394531 0.253906 0.396484 0.255859 0.396484 0.259766 0.394531 0.261719 0.392578 0.259766 0.388672 0.259766 0.390625 0.261719 0.390625 0.263672 0.384766 0.269531 0.382812 0.269531 0.382812 0.273438 0.386719 0.277344 0.384766 0.275391 0.388672 0.271484 0.388672 0.269531 0.386719 0.267578 0.388672 0.265625 0.390625 0.265625 0.390625 0.261719 0.392578 0.259766 0.394531 0.261719 0.394531 0.265625 0.396484 0.267578 0.394531 0.269531 0.394531 0.273438 0.396484 0.275391 0.396484 0.277344 0.392578 0.281250 0.388672 0.281250 0.390625 0.283203 0.390625 0.285156 0.394531 0.285156 0.398438 0.289062 0.396484 0.291016 0.396484 0.294922 0.398438 0.296875 0.396484 0.298828 0.394531 0.298828 0.392578 0.296875 0.388672 0.296875 0.386719 0.294922 0.386719 0.292969 0.384766 0.291016 0.382812 0.291016 0.380859 0.292969 0.380859 0.294922 0.378906 0.296875 0.376953 0.294922 0.375000 0.294922 0.373047 0.292969 0.371094 0.294922 0.369141 0.292969 0.369141 0.289062 0.367188 0.291016 0.363281 0.287109 0.363281 0.285156 0.365234 0.283203 0.367188 0.285156 0.367188 0.283203 0.369141 0.281250 0.373047 0.281250 0.375000 0.279297 0.376953 0.279297 0.378906 0.281250 0.380859 0.281250 0.382812 0.283203 0.382812 0.281250 0.378906 0.281250 0.376953 0.279297 0.375000 0.279297 0.373047 0.281250 0.371094 0.281250 0.369141 0.279297 0.369141 0.281250 0.367188 0.283203 0.365234 0.281250 0.365234 0.279297 0.363281 0.277344 0.365234 0.275391 0.365234 0.273438 0.365234 0.275391 0.361328 0.279297 0.363281 0.281250 0.359375 0.285156 0.357422 0.285156 0.359375 0.285156 0.361328 0.283203 0.363281 0.285156 0.363281 0.287109 0.361328 0.289062 0.361328 0.291016 0.363281 0.292969 0.363281 0.294922 0.365234 0.294922 0.367188 0.292969 0.371094 0.296875 0.373047 0.294922 0.375000 0.296875 0.378906 0.296875 0.380859 0.294922 0.380859 0.292969 0.382812 0.291016 0.384766 0.291016 0.386719 0.292969 0.386719 0.294922 0.384766 0.296875 0.384766 0.298828 0.386719 0.300781 0.390625 0.300781 0.392578 0.298828 0.394531 0.300781 0.394531 0.304688 0.392578 0.306641 0.392578 0.308594 0.394531 0.310547 0.392578 0.312500 0.384766 0.312500 0.382812 0.310547 0.384766 0.308594 0.386719 0.308594 0.388672 0.306641 0.386719 0.304688 0.384766 0.304688 0.382812 0.306641 0.380859 0.306641 0.380859 0.308594 0.378906 0.310547 0.380859 0.308594 0.382812 0.310547 0.382812 0.312500 0.384766 0.314453 0.386719 0.312500 0.388672 0.312500 0.390625 0.314453 0.388672 0.316406 0.388672 0.322266 0.388672 0.316406 0.390625 0.314453 0.392578 0.316406 0.392578 0.322266 0.394531 0.322266 0.396484 0.324219 0.392578 0.328125 0.390625 0.328125 0.392578 0.328125 0.394531 0.330078 0.394531 0.332031 0.392578 0.333984 0.390625 0.333984 0.392578 0.333984 0.394531 0.332031 0.394531 0.330078 0.392578 0.328125 0.396484 0.324219 0.398438 0.324219 0.396484 0.324219 0.394531 0.322266 0.394531 0.318359 0.396484 0.316406 0.398438 0.318359 0.398438 0.320312 0.400391 0.320312 0.400391 0.316406 0.398438 0.314453 0.400391 0.312500 0.402344 0.312500 0.404297 0.314453 0.404297 0.322266 0.406250 0.324219 0.406250 0.322266 0.408203 0.320312 0.410156 0.320312 0.410156 0.318359 0.416016 0.312500 0.417969 0.312500 0.419922 0.314453 0.417969 0.316406 0.421875 0.316406 0.423828 0.318359 0.423828 0.326172 0.421875 0.328125 0.419922 0.326172 0.419922 0.324219 0.417969 0.324219 0.416016 0.322266 0.414062 0.322266 0.414062 0.326172 0.412109 0.328125 0.412109 0.330078 0.410156 0.332031 0.408203 0.330078 0.408203 0.328125 0.406250 0.328125 0.408203 0.330078 0.408203 0.333984 0.410156 0.333984 0.412109 0.335938 0.408203 0.339844 0.406250 0.337891 0.406250 0.343750 0.408203 0.341797 0.410156 0.343750 0.410156 0.347656 0.412109 0.347656 0.412109 0.343750 0.410156 0.341797 0.412109 0.339844 0.416016 0.339844 0.417969 0.337891 0.421875 0.341797 0.419922 0.343750 0.416016 0.343750 0.416016 0.347656 0.417969 0.347656 0.421875 0.351562 0.423828 0.351562 0.427734 0.347656 0.429688 0.349609 0.429688 0.345703 0.427734 0.343750 0.427734 0.341797 0.423828 0.341797 0.421875 0.339844 0.423828 0.337891 0.425781 0.337891 0.423828 0.335938 0.423828 0.333984 0.429688 0.328125 0.433594 0.332031 0.433594 0.335938 0.437500 0.335938 0.435547 0.333984 0.435547 0.332031 0.439453 0.328125 0.443359 0.332031 0.445312 0.330078 0.447266 0.330078 0.451172 0.333984 0.447266 0.337891 0.445312 0.337891 0.443359 0.335938 0.441406 0.337891 0.441406 0.339844 0.437500 0.343750 0.441406 0.339844 0.447266 0.339844 0.451172 0.343750 0.451172 0.345703 0.449219 0.347656 0.441406 0.347656 0.441406 0.351562 0.439453 0.353516 0.439453 0.357422 0.437500 0.359375 0.439453 0.359375 0.441406 0.361328 0.441406 0.363281 0.443359 0.365234 0.441406 0.363281 0.441406 0.359375 0.443359 0.357422 0.443359 0.351562 0.445312 0.349609 0.447266 0.349609 0.453125 0.343750 0.455078 0.345703 0.455078 0.347656 0.451172 0.351562 0.451172 0.353516 0.449219 0.355469 0.451172 0.357422 0.449219 0.359375 0.451172 0.361328 0.451172 0.357422 0.453125 0.355469 0.455078 0.357422 0.455078 0.359375 0.457031 0.361328 0.457031 0.363281 0.458984 0.363281 0.455078 0.359375 0.455078 0.357422 0.451172 0.353516 0.453125 0.351562 0.457031 0.351562 0.457031 0.349609 0.458984 0.347656 0.464844 0.353516 0.466797 0.353516 0.468750 0.355469 0.466797 0.357422 0.466797 0.359375 0.464844 0.361328 0.462891 0.359375 0.460938 0.359375 0.462891 0.359375 0.464844 0.361328 0.464844 0.363281 0.462891 0.365234 0.468750 0.365234 0.470703 0.363281 0.472656 0.363281 0.474609 0.361328 0.474609 0.359375 0.478516 0.355469 0.482422 0.355469 0.484375 0.357422 0.484375 0.361328 0.482422 0.363281 0.482422 0.371094 0.486328 0.371094 0.488281 0.373047 0.488281 0.371094 0.492188 0.367188 0.490234 0.367188 0.486328 0.363281 0.486328 0.361328 0.488281 0.359375 0.490234 0.361328 0.488281 0.359375 0.492188 0.355469 0.496094 0.355469 0.501953 0.361328 0.503906 0.359375 0.503906 0.357422 0.501953 0.355469 0.501953 0.353516 0.503906 0.351562 0.503906 0.349609 0.507812 0.345703 0.505859 0.343750 0.507812 0.341797 0.509766 0.341797 0.513672 0.337891 0.511719 0.335938 0.513672 0.333984 0.511719 0.332031 0.513672 0.330078 0.511719 0.328125 0.515625 0.324219 0.517578 0.326172 0.519531 0.326172 0.521484 0.328125 0.521484 0.330078 0.523438 0.332031 0.521484 0.333984 0.521484 0.335938 0.519531 0.337891 0.517578 0.337891 0.517578 0.339844 0.519531 0.339844 0.519531 0.337891 0.523438 0.333984 0.523438 0.332031 0.521484 0.330078 0.521484 0.328125 0.523438 0.326172 0.525391 0.326172 0.525391 0.324219 0.523438 0.322266 0.523438 0.318359 0.525391 0.316406 0.527344 0.316406 0.529297 0.318359 0.529297 0.320312 0.531250 0.322266 0.531250 0.318359 0.533203 0.316406 0.531250 0.318359 0.527344 0.314453 0.529297 0.312500 0.531250 0.312500 0.533203 0.310547 0.537109 0.310547 0.531250 0.310547 0.529297 0.312500 0.523438 0.306641 0.523438 0.304688 0.525391 0.302734 0.527344 0.302734 0.529297 0.304688 0.529297 0.306641 0.533203 0.306641 0.531250 0.304688 0.531250 0.298828 0.529297 0.300781 0.525391 0.300781 0.523438 0.302734 0.521484 0.300781 0.521484 0.298828 0.523438 0.296875 0.525391 0.296875 0.527344 0.294922 0.529297 0.294922 0.529297 0.292969 0.531250 0.291016 0.533203 0.292969 0.533203 0.294922 0.535156 0.292969 0.537109 0.294922 0.539062 0.292969 0.541016 0.294922 0.541016 0.291016 0.542969 0.289062 0.539062 0.289062 0.539062 0.291016 0.537109 0.292969 0.533203 0.289062 0.533203 0.285156 0.531250 0.285156 0.531250 0.289062 0.529297 0.291016 0.527344 0.289062 0.527344 0.287109 0.527344 0.289062 0.521484 0.294922 0.519531 0.292969 0.517578 0.292969 0.517578 0.294922 0.515625 0.296875 0.507812 0.296875 0.505859 0.298828 0.503906 0.298828 0.501953 0.296875 0.501953 0.294922 0.500000 0.294922 0.498047 0.296875 0.496094 0.294922 0.496094 0.292969 0.498047 0.291016 0.500000 0.291016 0.501953 0.289062 0.500000 0.291016 0.498047 0.291016 0.496094 0.292969 0.494141 0.291016 0.492188 0.291016 0.490234 0.289062 0.490234 0.287109 0.492188 0.285156 0.494141 0.285156 0.496094 0.287109 0.498047 0.287109 0.500000 0.285156 0.501953 0.285156 0.503906 0.283203 0.505859 0.285156 0.507812 0.285156 0.505859 0.285156 0.503906 0.283203 0.505859 0.281250 0.501953 0.277344 0.501953 0.275391 0.500000 0.273438 0.500000 0.271484 0.501953 0.269531 0.503906 0.271484 0.505859 0.269531 0.507812 0.271484 0.513672 0.271484 0.515625 0.269531 0.513672 0.269531 0.511719 0.271484 0.509766 0.269531 0.509766 0.267578 0.507812 0.265625 0.513672 0.259766 0.513672 0.251953 0.511719 0.250000 0.513672 0.248047 0.513672 0.244141 0.513672 0.248047 0.509766 0.251953 0.507812 0.251953 0.505859 0.250000 0.505859 0.244141 0.507812 0.242188 0.509766 0.242188 0.511719 0.240234 0.521484 0.240234 0.523438 0.242188 0.521484 0.240234 0.525391 0.236328 0.527344 0.236328 0.531250 0.240234 0.529297 0.242188 0.531250 0.244141 0.531250 0.242188 0.535156 0.238281 0.535156 0.236328 0.537109 0.234375 0.539062 0.236328 0.542969 0.232422 0.539062 0.236328 0.537109 0.234375 0.537109 0.232422 0.539062 0.230469 0.535156 0.226562 0.535156 0.222656 0.533203 0.220703 0.535156 0.218750 0.535156 0.216797 0.537109 0.214844 0.542969 0.214844 0.544922 0.216797 0.548828 0.216797 0.544922 0.216797 0.542969 0.214844 0.542969 0.212891 0.544922 0.210938 0.546875 0.212891 0.550781 0.212891 0.544922 0.207031 0.544922 0.205078 0.546875 0.203125 0.548828 0.203125 0.552734 0.207031 0.554688 0.207031 0.556641 0.208984 0.556641 0.210938 0.554688 0.212891 0.556641 0.212891 0.558594 0.210938 0.558594 0.208984 0.560547 0.207031 0.560547 0.205078 0.562500 0.203125 0.564453 0.205078 0.562500 0.203125 0.558594 0.207031 0.556641 0.205078 0.554688 0.205078 0.552734 0.203125 0.546875 0.203125 0.544922 0.205078 0.544922 0.207031 0.541016 0.210938 0.537109 0.210938 0.535156 0.208984 0.535156 0.207031 0.537109 0.205078 0.537109 0.203125 0.535156 0.203125 0.533203 0.201172 0.533203 0.199219 0.535156 0.197266 0.537109 0.197266 0.537109 0.191406 0.541016 0.187500 0.539062 0.187500 0.537109 0.189453 0.535156 0.189453 0.535156 0.193359 0.537109 0.195312 0.533203 0.199219 0.531250 0.197266 0.531250 0.195312 0.531250 0.199219 0.533203 0.201172 0.533203 0.207031 0.535156 0.208984 0.533203 0.210938 0.533203 0.212891 0.535156 0.214844 0.535156 0.218750 0.533203 0.220703 0.535156 0.222656 0.535156 0.224609 0.533203 0.226562 0.535156 0.226562 0.537109 0.228516 0.537109 0.230469 0.533203 0.234375 0.531250 0.234375 0.527344 0.230469 0.529297 0.228516 0.529297 0.222656 0.527344 0.222656 0.525391 0.220703 0.521484 0.220703 0.519531 0.218750 0.519531 0.216797 0.513672 0.216797 0.511719 0.218750 0.513672 0.220703 0.515625 0.218750 0.519531 0.218750 0.523438 0.222656 0.523438 0.226562 0.525391 0.226562 0.527344 0.224609 0.529297 0.226562 0.529297 0.228516 0.525391 0.232422 0.525391 0.236328 0.521484 0.240234 0.515625 0.240234 0.513672 0.238281 0.517578 0.234375 0.519531 0.234375 0.503906 0.234375 0.501953 0.232422 0.501953 0.230469 0.503906 0.228516 0.505859 0.230469 0.507812 0.230469 0.509766 0.228516 0.511719 0.228516 0.513672 0.230469 0.521484 0.230469 0.519531 0.228516 0.515625 0.228516 0.513672 0.226562 0.511719 0.226562 0.507812 0.230469 0.505859 0.228516 0.503906 0.228516 0.501953 0.226562 0.501953 0.224609 0.501953 0.226562 0.500000 0.228516 0.496094 0.224609 0.498047 0.226562 0.498047 0.228516 0.496094 0.230469 0.496094 0.232422 0.494141 0.234375 0.492188 0.234375 0.488281 0.230469 0.488281 0.224609 0.484375 0.224609 0.482422 0.226562 0.482422 0.230469 0.484375 0.232422 0.482422 0.230469 0.484375 0.228516 0.482422 0.226562 0.484375 0.224609 0.486328 0.224609 0.488281 0.226562 0.488281 0.234375 0.486328 0.236328 0.484375 0.236328 0.488281 0.236328 0.490234 0.238281 0.490234 0.240234 0.486328 0.244141 0.484375 0.244141 0.482422 0.246094 0.480469 0.244141 0.474609 0.244141 0.474609 0.248047 0.476562 0.248047 0.476562 0.246094 0.478516 0.244141 0.480469 0.244141 0.482422 0.246094 0.482422 0.248047 0.480469 0.250000 0.480469 0.251953 0.482422 0.253906 0.482422 0.255859 0.482422 0.251953 0.480469 0.250000 0.482422 0.248047 0.486328 0.248047 0.488281 0.250000 0.488281 0.251953 0.492188 0.255859 0.492188 0.253906 0.496094 0.250000 0.498047 0.251953 0.498047 0.250000 0.500000 0.248047 0.503906 0.251953 0.503906 0.253906 0.501953 0.255859 0.496094 0.255859 0.498047 0.257812 0.496094 0.259766 0.494141 0.259766 0.494141 0.261719 0.492188 0.263672 0.490234 0.263672 0.488281 0.261719 0.490234 0.259766 0.488281 0.261719 0.488281 0.263672 0.484375 0.267578 0.482422 0.265625 0.482422 0.263672 0.478516 0.267578 0.476562 0.267578 0.474609 0.269531 0.472656 0.267578 0.472656 0.265625 0.474609 0.263672 0.476562 0.263672 0.478516 0.261719 0.478516 0.259766 0.476562 0.259766 0.472656 0.263672 0.472656 0.269531 0.476562 0.269531 0.480469 0.265625 0.482422 0.265625 0.484375 0.267578 0.480469 0.271484 0.482422 0.273438 0.482422 0.275391 0.484375 0.277344 0.484375 0.273438 0.486328 0.271484 0.488281 0.273438 0.488281 0.275391 0.490234 0.277344 0.488281 0.279297 0.488281 0.281250 0.486328 0.283203 0.486328 0.285156 0.484375 0.287109 0.482422 0.285156 0.482422 0.283203 0.478516 0.283203 0.476562 0.285156 0.474609 0.283203 0.474609 0.281250 0.470703 0.277344 0.470703 0.273438 0.466797 0.269531 0.468750 0.271484 0.466797 0.273438 0.460938 0.273438 0.458984 0.271484 0.458984 0.269531 0.458984 0.273438 0.457031 0.275391 0.451172 0.269531 0.453125 0.267578 0.453125 0.265625 0.455078 0.263672 0.455078 0.261719 0.453125 0.263672 0.451172 0.261719 0.451172 0.259766 0.447266 0.263672 0.445312 0.263672 0.443359 0.261719 0.443359 0.257812 0.445312 0.255859 0.451172 0.255859 0.449219 0.255859 0.447266 0.253906 0.449219 0.251953 0.453125 0.251953 0.455078 0.253906 0.455078 0.257812 0.457031 0.255859 0.458984 0.255859 0.460938 0.257812 0.458984 0.259766 0.460938 0.259766 0.462891 0.261719 0.460938 0.263672 0.462891 0.265625 0.462891 0.263672 0.466797 0.259766 0.468750 0.261719 0.468750 0.259766 0.466797 0.257812 0.466797 0.255859 0.464844 0.253906 0.466797 0.251953 0.468750 0.251953 0.470703 0.253906 0.470703 0.251953 0.468750 0.250000 0.468750 0.246094 0.470703 0.244141 0.468750 0.242188 0.468750 0.238281 0.466797 0.236328 0.466797 0.234375 0.468750 0.232422 0.470703 0.232422 0.470703 0.228516 0.468750 0.226562 0.468750 0.224609 0.470703 0.222656 0.470703 0.220703 0.468750 0.220703 0.466797 0.218750 0.468750 0.216797 0.470703 0.216797 0.472656 0.214844 0.474609 0.214844 0.474609 0.212891 0.472656 0.210938 0.476562 0.207031 0.472656 0.207031 0.470703 0.205078 0.470703 0.203125 0.468750 0.203125 0.464844 0.199219 0.462891 0.199219 0.460938 0.201172 0.462891 0.199219 0.464844 0.201172 0.466797 0.201172 0.468750 0.203125 0.468750 0.205078 0.466797 0.207031 0.462891 0.207031 0.472656 0.207031 0.474609 0.208984 0.470703 0.212891 0.468750 0.210938 0.466797 0.212891 0.464844 0.212891 0.462891 0.210938 0.460938 0.212891 0.457031 0.208984 0.457031 0.210938 0.455078 0.212891 0.453125 0.210938 0.453125 0.205078 0.455078 0.203125 0.457031 0.205078 0.455078 0.203125 0.457031 0.201172 0.457031 0.199219 0.455078 0.199219 0.455078 0.203125 0.451172 0.207031 0.449219 0.207031 0.451172 0.207031 0.453125 0.208984 0.453125 0.212891 0.449219 0.216797 0.447266 0.214844 0.441406 0.214844 0.439453 0.212891 0.437500 0.212891 0.439453 0.214844 0.447266 0.214844 0.449219 0.216797 0.447266 0.218750 0.445312 0.218750 0.451172 0.218750 0.453125 0.220703 0.451172 0.222656 0.451172 0.224609 0.449219 0.226562 0.447266 0.224609 0.445312 0.224609 0.445312 0.226562 0.441406 0.230469 0.439453 0.228516 0.437500 0.228516 0.435547 0.230469 0.433594 0.228516 0.433594 0.230469 0.435547 0.232422 0.435547 0.234375 0.437500 0.236328 0.437500 0.238281 0.439453 0.240234 0.437500 0.242188 0.439453 0.244141 0.439453 0.248047 0.437500 0.250000 0.437500 0.255859 0.433594 0.259766 0.433594 0.261719 0.431641 0.263672 0.429688 0.261719 0.429688 0.255859 0.431641 0.253906 0.433594 0.253906 0.431641 0.253906 0.429688 0.251953 0.429688 0.250000 0.431641 0.248047 0.431641 0.246094 0.433594 0.244141 0.431641 0.242188 0.431641 0.240234 0.433594 0.238281 0.431641 0.236328 0.431641 0.234375 0.427734 0.230469 0.429688 0.228516 0.427734 0.226562 0.427734 0.222656 0.431641 0.218750 0.433594 0.220703 0.435547 0.218750 0.433594 0.218750 0.431641 0.216797 0.431641 0.214844 0.429688 0.212891 0.429688 0.205078 0.427734 0.207031 0.429688 0.208984 0.429688 0.212891 0.427734 0.214844 0.423828 0.214844 0.421875 0.212891 0.423828 0.210938 0.425781 0.210938 0.423828 0.208984 0.423828 0.203125 0.421875 0.203125 0.423828 0.205078 0.421875 0.207031 0.419922 0.207031 0.419922 0.208984 0.416016 0.212891 0.414062 0.212891 0.410156 0.208984 0.410156 0.205078 0.412109 0.203125 0.414062 0.203125 0.416016 0.201172 0.417969 0.203125 0.417969 0.201172 0.414062 0.197266 0.412109 0.197266 0.410156 0.195312 0.408203 0.195312 0.406250 0.193359 0.408203 0.191406 0.406250 0.189453 0.406250 0.187500 0.404297 0.189453 0.402344 0.187500 0.400391 0.187500 0.398438 0.185547 0.400391 0.187500 0.398438 0.189453 0.402344 0.189453 0.404297 0.191406 0.400391 0.195312 0.398438 0.193359 0.392578 0.193359 0.390625 0.191406 0.394531 0.187500 0.394531 0.185547 0.394531 0.187500 0.392578 0.189453 0.390625 0.187500 0.390625 0.185547 0.388672 0.183594 0.390625 0.181641 0.394531 0.181641 0.394531 0.179688 0.396484 0.177734 0.396484 0.175781 0.394531 0.173828 0.390625 0.173828 0.388672 0.175781 0.384766 0.175781
2 0.457031 0.164062 0.458984 0.166016 0.455078 0.169922 0.453125 0.167969 0.451172 0.169922 0.453125 0.169922 0.455078 0.171875 0.455078 0.173828 0.457031 0.175781 0.457031 0.177734 0.455078 0.179688 0.457031 0.181641 0.455078 0.179688 0.457031 0.177734 0.457031 0.175781 0.455078 0.173828 0.455078 0.169922 0.457031 0.167969 0.458984 0.167969 0.460938 0.169922 0.460938 0.177734 0.462891 0.179688 0.460938 0.181641 0.460938 0.183594 0.462891 0.181641 0.466797 0.185547 0.466797 0.187500 0.470703 0.187500 0.472656 0.189453 0.472656 0.191406 0.474609 0.189453 0.480469 0.195312 0.478516 0.197266 0.482422 0.193359 0.486328 0.197266 0.486328 0.199219 0.484375 0.201172 0.486328 0.203125 0.486328 0.197266 0.484375 0.195312 0.486328 0.193359 0.488281 0.193359 0.488281 0.187500 0.490234 0.185547 0.492188 0.185547 0.492188 0.183594 0.494141 0.181641 0.496094 0.181641 0.498047 0.183594 0.501953 0.183594 0.505859 0.187500 0.503906 0.189453 0.501953 0.189453 0.500000 0.191406 0.498047 0.189453 0.498047 0.187500 0.494141 0.191406 0.492188 0.191406 0.492188 0.193359 0.494141 0.195312 0.494141 0.191406 0.496094 0.189453 0.498047 0.189453 0.500000 0.191406 0.503906 0.191406 0.505859 0.189453 0.505859 0.185547 0.509766 0.181641 0.511719 0.183594 0.511719 0.185547 0.509766 0.187500 0.511719 0.189453 0.513672 0.187500 0.515625 0.187500 0.513672 0.187500 0.511719 0.185547 0.513672 0.183594 0.523438 0.183594 0.525391 0.185547 0.527344 0.183594 0.527344 0.181641 0.529297 0.179688 0.531250 0.179688 0.535156 0.183594 0.535156 0.181641 0.533203 0.181641 0.531250 0.179688 0.527344 0.179688 0.525391 0.177734 0.525391 0.171875 0.523438 0.171875 0.521484 0.169922 0.521484 0.166016 0.515625 0.166016 0.519531 0.166016 0.521484 0.167969 0.519531 0.169922 0.507812 0.169922 0.505859 0.167969 0.505859 0.164062 0.505859 0.166016 0.503906 0.167969 0.501953 0.166016 0.500000 0.166016 0.503906 0.169922 0.505859 0.169922 0.507812 0.171875 0.509766 0.171875 0.511719 0.173828 0.509766 0.175781 0.509766 0.177734 0.507812 0.179688 0.509766 0.181641 0.505859 0.185547 0.503906 0.185547 0.501953 0.183594 0.503906 0.181641 0.503906 0.179688 0.500000 0.179688 0.501953 0.181641 0.500000 0.183594 0.498047 0.183594 0.496094 0.181641 0.494141 0.181641 0.490234 0.177734 0.490234 0.175781 0.490234 0.177734 0.488281 0.179688 0.486328 0.177734 0.486328 0.175781 0.484375 0.175781 0.484375 0.177734 0.482422 0.179688 0.480469 0.177734 0.480469 0.173828 0.480469 0.179688 0.482422 0.179688 0.486328 0.183594 0.484375 0.185547 0.482422 0.185547 0.484375 0.185547 0.486328 0.183594 0.488281 0.185547 0.488281 0.187500 0.484375 0.191406 0.480469 0.191406 0.478516 0.189453 0.478516 0.183594 0.476562 0.185547 0.474609 0.185547 0.472656 0.187500 0.470703 0.185547 0.468750 0.187500 0.466797 0.185547 0.466797 0.183594 0.464844 0.181641 0.466797 0.179688 0.468750 0.179688 0.468750 0.175781 0.466797 0.175781 0.462891 0.171875 0.464844 0.169922 0.460938 0.166016 0.458984 0.166016
2 0.693359 0.144531 0.695312 0.146484 0.691406 0.150391 0.689453 0.150391 0.687500 0.148438 0.681641 0.154297 0.683594 0.156250 0.685547 0.156250 0.687500 0.154297 0.689453 0.156250 0.689453 0.160156 0.691406 0.160156 0.693359 0.158203 0.695312 0.158203 0.695312 0.156250 0.699219 0.152344 0.701172 0.154297 0.701172 0.156250 0.699219 0.158203 0.699219 0.160156 0.697266 0.162109 0.699219 0.160156 0.701172 0.162109 0.701172 0.164062 0.705078 0.164062 0.707031 0.166016 0.708984 0.166016 0.710938 0.164062 0.710938 0.160156 0.712891 0.158203 0.714844 0.158203 0.718750 0.162109 0.718750 0.164062 0.716797 0.166016 0.718750 0.164062 0.720703 0.166016 0.720703 0.167969 0.724609 0.171875 0.726562 0.171875 0.728516 0.169922 0.732422 0.173828 0.732422 0.177734 0.736328 0.177734 0.738281 0.179688 0.738281 0.183594 0.740234 0.183594 0.742188 0.185547 0.746094 0.185547 0.748047 0.187500 0.750000 0.187500 0.753906 0.191406 0.757812 0.191406 0.759766 0.193359 0.761719 0.193359 0.763672 0.195312 0.765625 0.195312 0.767578 0.197266 0.769531 0.197266 0.771484 0.199219 0.773438 0.199219 0.771484 0.197266 0.769531 0.197266 0.767578 0.195312 0.765625 0.195312 0.763672 0.193359 0.759766 0.193359 0.757812 0.191406 0.759766 0.189453 0.763672 0.189453 0.765625 0.187500 0.765625 0.181641 0.767578 0.179688 0.769531 0.179688 0.771484 0.181641 0.773438 0.181641 0.775391 0.179688 0.779297 0.179688 0.777344 0.177734 0.777344 0.175781 0.775391 0.175781 0.773438 0.173828 0.773438 0.171875 0.773438 0.177734 0.771484 0.179688 0.769531 0.179688 0.767578 0.177734 0.767578 0.175781 0.765625 0.173828 0.759766 0.173828 0.757812 0.171875 0.755859 0.171875 0.753906 0.169922 0.751953 0.169922 0.750000 0.167969 0.748047 0.167969 0.746094 0.166016 0.744141 0.166016 0.740234 0.169922 0.738281 0.167969 0.732422 0.167969 0.730469 0.166016 0.728516 0.166016 0.724609 0.162109 0.726562 0.160156 0.728516 0.160156 0.730469 0.162109 0.722656 0.154297 0.720703 0.154297 0.716797 0.150391 0.718750 0.148438 0.720703 0.148438 0.722656 0.146484 0.724609 0.148438 0.722656 0.146484 0.720703 0.148438 0.718750 0.146484 0.718750 0.144531 0.718750 0.146484 0.716797 0.148438 0.714844 0.146484 0.714844 0.144531 0.712891 0.146484 0.707031 0.146484 0.703125 0.150391 0.701172 0.150391 0.699219 0.148438 0.701172 0.146484 0.701172 0.144531 0.699219 0.144531 0.697266 0.146484 0.695312 0.144531
2 0.642578 0.128906 0.642578 0.130859 0.644531 0.130859 0.646484 0.132812 0.644531 0.134766 0.644531 0.138672 0.648438 0.142578 0.648438 0.144531 0.650391 0.146484 0.650391 0.148438 0.648438 0.150391 0.648438 0.152344 0.646484 0.154297 0.646484 0.156250 0.644531 0.158203 0.642578 0.158203 0.640625 0.156250 0.642578 0.154297 0.642578 0.152344 0.640625 0.152344 0.638672 0.150391 0.636719 0.152344 0.638672 0.154297 0.638672 0.156250 0.640625 0.158203 0.640625 0.162109 0.642578 0.160156 0.644531 0.160156 0.644531 0.158203 0.646484 0.156250 0.648438 0.158203 0.650391 0.158203 0.652344 0.160156 0.658203 0.160156 0.660156 0.162109 0.658203 0.164062 0.656250 0.164062 0.654297 0.166016 0.654297 0.167969 0.658203 0.164062 0.660156 0.166016 0.660156 0.169922 0.658203 0.171875 0.658203 0.173828 0.656250 0.175781 0.654297 0.173828 0.654297 0.171875 0.646484 0.171875 0.644531 0.173828 0.644531 0.177734 0.642578 0.179688 0.640625 0.179688 0.638672 0.177734 0.638672 0.175781 0.640625 0.173828 0.638672 0.173828 0.638672 0.179688 0.636719 0.181641 0.638672 0.179688 0.642578 0.183594 0.640625 0.185547 0.636719 0.185547 0.632812 0.189453 0.630859 0.189453 0.628906 0.191406 0.625000 0.187500 0.623047 0.187500 0.619141 0.183594 0.615234 0.183594 0.613281 0.181641 0.613281 0.175781 0.607422 0.169922 0.607422 0.167969 0.605469 0.167969 0.603516 0.166016 0.603516 0.164062 0.601562 0.164062 0.599609 0.162109 0.597656 0.164062 0.595703 0.162109 0.595703 0.154297 0.591797 0.154297 0.591797 0.156250 0.593750 0.158203 0.591797 0.160156 0.591797 0.162109 0.595703 0.162109 0.597656 0.164062 0.595703 0.166016 0.591797 0.166016 0.589844 0.167969 0.587891 0.167969 0.585938 0.166016 0.585938 0.167969 0.583984 0.169922 0.582031 0.169922 0.582031 0.177734 0.583984 0.179688 0.582031 0.181641 0.582031 0.183594 0.580078 0.185547 0.578125 0.185547 0.576172 0.183594 0.576172 0.179688 0.578125 0.177734 0.578125 0.173828 0.576172 0.171875 0.574219 0.171875 0.572266 0.173828 0.570312 0.173828 0.572266 0.173828 0.574219 0.175781 0.574219 0.177734 0.576172 0.179688 0.576172 0.183594 0.574219 0.185547 0.572266 0.185547 0.570312 0.183594 0.566406 0.183594 0.562500 0.187500 0.562500 0.189453 0.562500 0.187500 0.564453 0.185547 0.566406 0.187500 0.578125 0.187500 0.580078 0.185547 0.582031 0.185547 0.583984 0.183594 0.585938 0.183594 0.587891 0.181641 0.589844 0.181641 0.587891 0.181641 0.585938 0.179688 0.583984 0.179688 0.582031 0.177734 0.582031 0.173828 0.587891 0.167969 0.591797 0.167969 0.593750 0.166016 0.595703 0.167969 0.597656 0.167969 0.599609 0.169922 0.603516 0.166016 0.609375 0.171875 0.609375 0.173828 0.611328 0.173828 0.613281 0.175781 0.613281 0.179688 0.611328 0.181641 0.611328 0.183594 0.613281 0.181641 0.615234 0.183594 0.617188 0.183594 0.619141 0.185547 0.617188 0.187500 0.617188 0.189453 0.615234 0.191406 0.621094 0.185547 0.623047 0.187500 0.623047 0.189453 0.628906 0.195312 0.628906 0.199219 0.626953 0.201172 0.625000 0.201172 0.626953 0.201172 0.628906 0.203125 0.626953 0.201172 0.628906 0.199219 0.630859 0.199219 0.632812 0.197266 0.634766 0.197266 0.636719 0.195312 0.638672 0.197266 0.640625 0.197266 0.638672 0.195312 0.642578 0.191406 0.646484 0.191406 0.648438 0.189453 0.662109 0.189453 0.664062 0.191406 0.662109 0.193359 0.660156 0.193359 0.658203 0.195312 0.656250 0.195312 0.654297 0.193359 0.652344 0.195312 0.650391 0.195312 0.648438 0.197266 0.646484 0.195312 0.644531 0.195312 0.644531 0.197266 0.646484 0.199219 0.644531 0.201172 0.646484 0.203125 0.648438 0.203125 0.650391 0.205078 0.650391 0.207031 0.648438 0.208984 0.646484 0.208984 0.644531 0.210938 0.642578 0.210938 0.640625 0.212891 0.636719 0.208984 0.636719 0.207031 0.638672 0.205078 0.636719 0.205078 0.634766 0.203125 0.632812 0.203125 0.632812 0.205078 0.630859 0.207031 0.634766 0.207031 0.640625 0.212891 0.640625 0.216797 0.640625 0.212891 0.642578 0.210938 0.644531 0.210938 0.648438 0.214844 0.644531 0.210938 0.646484 0.208984 0.648438 0.208984 0.650391 0.210938 0.652344 0.210938 0.650391 0.208984 0.652344 0.207031 0.652344 0.203125 0.654297 0.201172 0.656250 0.203125 0.656250 0.201172 0.650391 0.201172 0.648438 0.199219 0.650391 0.197266 0.656250 0.197266 0.658203 0.195312 0.660156 0.197266 0.662109 0.197266 0.664062 0.199219 0.662109 0.201172 0.660156 0.201172 0.664062 0.201172 0.666016 0.199219 0.669922 0.203125 0.667969 0.201172 0.669922 0.199219 0.671875 0.199219 0.673828 0.201172 0.675781 0.199219 0.679688 0.203125 0.681641 0.201172 0.683594 0.201172 0.685547 0.203125 0.685547 0.205078 0.685547 0.203125 0.687500 0.201172 0.691406 0.201172 0.693359 0.203125 0.693359 0.205078 0.695312 0.205078 0.699219 0.208984 0.701172 0.208984 0.697266 0.205078 0.695312 0.205078 0.691406 0.201172 0.687500 0.201172 0.683594 0.197266 0.687500 0.193359 0.685547 0.195312 0.683594 0.193359 0.679688 0.193359 0.675781 0.189453 0.677734 0.187500 0.677734 0.185547 0.679688 0.183594 0.681641 0.185547 0.681641 0.189453 0.683594 0.187500 0.691406 0.187500 0.693359 0.189453 0.691406 0.191406 0.693359 0.193359 0.691406 0.195312 0.695312 0.195312 0.693359 0.193359 0.697266 0.189453 0.699219 0.189453 0.699219 0.185547 0.701172 0.183594 0.703125 0.183594 0.707031 0.179688 0.708984 0.181641 0.708984 0.183594 0.707031 0.185547 0.707031 0.191406 0.705078 0.193359 0.703125 0.191406 0.703125 0.189453 0.703125 0.191406 0.701172 0.193359 0.701172 0.197266 0.703125 0.199219 0.701172 0.201172 0.699219 0.201172 0.703125 0.201172 0.705078 0.199219 0.703125 0.197266 0.708984 0.191406 0.710938 0.193359 0.712891 0.193359 0.714844 0.195312 0.712891 0.197266 0.710938 0.197266 0.712891 0.197266 0.716797 0.201172 0.716797 0.203125 0.714844 0.205078 0.718750 0.205078 0.720703 0.207031 0.716797 0.210938 0.714844 0.208984 0.712891 0.208984 0.708984 0.205078 0.710938 0.203125 0.707031 0.207031 0.707031 0.208984 0.712891 0.208984 0.714844 0.210938 0.710938 0.214844 0.708984 0.212891 0.701172 0.212891 0.699219 0.214844 0.697266 0.214844 0.693359 0.210938 0.695312 0.212891 0.691406 0.216797 0.691406 0.218750 0.689453 0.220703 0.687500 0.218750 0.683594 0.222656 0.687500 0.218750 0.691406 0.222656 0.693359 0.222656 0.695312 0.220703 0.697266 0.222656 0.697266 0.224609 0.699219 0.226562 0.697266 0.228516 0.695312 0.228516 0.699219 0.228516 0.699219 0.224609 0.703125 0.220703 0.705078 0.220703 0.708984 0.216797 0.710938 0.218750 0.710938 0.222656 0.708984 0.224609 0.708984 0.226562 0.707031 0.228516 0.710938 0.224609 0.712891 0.226562 0.712891 0.234375 0.714844 0.232422 0.712891 0.230469 0.712891 0.228516 0.714844 0.226562 0.714844 0.224609 0.712891 0.222656 0.714844 0.220703 0.714844 0.218750 0.712891 0.218750 0.710938 0.216797 0.710938 0.214844 0.712891 0.212891 0.714844 0.214844 0.718750 0.210938 0.720703 0.210938 0.724609 0.214844 0.724609 0.210938 0.726562 0.208984 0.728516 0.208984 0.730469 0.210938 0.730469 0.212891 0.728516 0.214844 0.730469 0.214844 0.730469 0.207031 0.728516 0.207031 0.724609 0.203125 0.726562 0.201172 0.724609 0.199219 0.726562 0.197266 0.728516 0.197266 0.730469 0.195312 0.732422 0.197266 0.734375 0.197266 0.736328 0.195312 0.738281 0.197266 0.738281 0.199219 0.736328 0.201172 0.732422 0.201172 0.730469 0.203125 0.734375 0.203125 0.736328 0.205078 0.736328 0.212891 0.738281 0.214844 0.736328 0.216797 0.740234 0.216797 0.740234 0.214844 0.742188 0.212891 0.744141 0.214844 0.744141 0.216797 0.746094 0.218750 0.751953 0.218750 0.753906 0.220703 0.753906 0.218750 0.755859 0.216797 0.755859 0.214844 0.753906 0.212891 0.753906 0.210938 0.751953 0.208984 0.753906 0.207031 0.759766 0.207031 0.761719 0.208984 0.759766 0.210938 0.761719 0.210938 0.763672 0.208984 0.765625 0.208984 0.767578 0.207031 0.769531 0.208984 0.769531 0.214844 0.767578 0.216797 0.765625 0.214844 0.763672 0.214844 0.761719 0.216797 0.759766 0.216797 0.759766 0.222656 0.757812 0.224609 0.753906 0.224609 0.753906 0.234375 0.751953 0.236328 0.750000 0.234375 0.750000 0.232422 0.748047 0.232422 0.750000 0.234375 0.748047 0.236328 0.748047 0.238281 0.750000 0.240234 0.751953 0.238281 0.751953 0.236328 0.753906 0.234375 0.755859 0.236328 0.757812 0.236328 0.759766 0.234375 0.759766 0.232422 0.765625 0.226562 0.767578 0.228516 0.767578 0.226562 0.769531 0.224609 0.773438 0.228516 0.773438 0.230469 0.775391 0.230469 0.777344 0.228516 0.779297 0.230469 0.779297 0.232422 0.781250 0.232422 0.783203 0.234375 0.785156 0.234375 0.787109 0.232422 0.789062 0.232422 0.794922 0.238281 0.791016 0.234375 0.792969 0.232422 0.800781 0.232422 0.798828 0.230469 0.798828 0.228516 0.800781 0.226562 0.800781 0.224609 0.798828 0.222656 0.800781 0.220703 0.796875 0.220703 0.792969 0.216797 0.791016 0.216797 0.791016 0.222656 0.789062 0.224609 0.787109 0.222656 0.785156 0.224609 0.781250 0.220703 0.783203 0.218750 0.785156 0.218750 0.787109 0.216797 0.785156 0.214844 0.787109 0.212891 0.783203 0.216797 0.781250 0.216797 0.779297 0.214844 0.781250 0.212891 0.779297 0.212891 0.777344 0.210938 0.779297 0.208984 0.777344 0.210938 0.775391 0.210938 0.771484 0.207031 0.771484 0.205078 0.769531 0.205078 0.767578 0.203125 0.763672 0.203125 0.761719 0.201172 0.761719 0.203125 0.759766 0.205078 0.757812 0.203125 0.753906 0.203125 0.751953 0.201172 0.753906 0.199219 0.751953 0.201172 0.748047 0.201172 0.746094 0.199219 0.746094 0.195312 0.744141 0.197266 0.742188 0.195312 0.742188 0.193359 0.740234 0.193359 0.740234 0.195312 0.738281 0.197266 0.736328 0.195312 0.736328 0.193359 0.734375 0.191406 0.730469 0.191406 0.728516 0.193359 0.726562 0.191406 0.726562 0.189453 0.728516 0.187500 0.726562 0.187500 0.724609 0.185547 0.722656 0.187500 0.720703 0.187500 0.718750 0.185547 0.720703 0.183594 0.718750 0.181641 0.714844 0.181641 0.712891 0.179688 0.712891 0.175781 0.708984 0.175781 0.707031 0.173828 0.705078 0.175781 0.701172 0.175781 0.699219 0.173828 0.701172 0.171875 0.703125 0.171875 0.701172 0.171875 0.699219 0.173828 0.697266 0.173828 0.695312 0.171875 0.691406 0.171875 0.691406 0.173828 0.693359 0.175781 0.693359 0.177734 0.691406 0.179688 0.693359 0.179688 0.695312 0.177734 0.703125 0.177734 0.705078 0.179688 0.705078 0.181641 0.703125 0.183594 0.699219 0.183594 0.699219 0.187500 0.695312 0.191406 0.693359 0.189453 0.693359 0.187500 0.695312 0.185547 0.693359 0.187500 0.691406 0.185547 0.685547 0.185547 0.683594 0.183594 0.683594 0.181641 0.685547 0.179688 0.683594 0.179688 0.681641 0.177734 0.681641 0.171875 0.683594 0.169922 0.681641 0.169922 0.679688 0.171875 0.677734 0.171875 0.675781 0.169922 0.675781 0.167969 0.673828 0.166016 0.677734 0.162109 0.677734 0.160156 0.675781 0.158203 0.666016 0.158203 0.664062 0.156250 0.660156 0.156250 0.656250 0.160156 0.654297 0.158203 0.648438 0.158203 0.646484 0.156250 0.646484 0.154297 0.648438 0.152344 0.650391 0.154297 0.650391 0.144531 0.652344 0.142578 0.654297 0.144531 0.656250 0.142578 0.660156 0.146484 0.662109 0.146484 0.662109 0.144531 0.666016 0.140625 0.666016 0.138672 0.666016 0.140625 0.664062 0.142578 0.648438 0.142578 0.644531 0.138672 0.644531 0.134766 0.646484 0.132812 0.644531 0.130859 0.644531 0.128906
2 0.179688 0.123047 0.179688 0.126953 0.177734 0.128906 0.177734 0.130859 0.173828 0.134766 0.171875 0.132812 0.171875 0.128906 0.169922 0.130859 0.166016 0.130859 0.164062 0.132812 0.166016 0.134766 0.166016 0.136719 0.167969 0.134766 0.169922 0.136719 0.169922 0.140625 0.171875 0.138672 0.173828 0.138672 0.175781 0.136719 0.177734 0.136719 0.179688 0.138672 0.177734 0.140625 0.179688 0.142578 0.179688 0.144531 0.173828 0.150391 0.171875 0.148438 0.171875 0.146484 0.173828 0.144531 0.171875 0.144531 0.169922 0.146484 0.169922 0.148438 0.171875 0.148438 0.173828 0.150391 0.175781 0.148438 0.177734 0.150391 0.177734 0.152344 0.175781 0.154297 0.173828 0.154297 0.169922 0.158203 0.167969 0.158203 0.164062 0.162109 0.162109 0.160156 0.160156 0.160156 0.158203 0.158203 0.160156 0.160156 0.162109 0.160156 0.164062 0.162109 0.162109 0.164062 0.160156 0.164062 0.158203 0.166016 0.156250 0.164062 0.156250 0.162109 0.154297 0.164062 0.152344 0.162109 0.150391 0.162109 0.148438 0.164062 0.146484 0.164062 0.148438 0.164062 0.150391 0.166016 0.150391 0.167969 0.148438 0.169922 0.148438 0.177734 0.146484 0.179688 0.144531 0.177734 0.144531 0.175781 0.144531 0.177734 0.142578 0.179688 0.138672 0.179688 0.136719 0.177734 0.136719 0.175781 0.138672 0.173828 0.138672 0.171875 0.136719 0.169922 0.138672 0.167969 0.142578 0.167969 0.142578 0.166016 0.140625 0.164062 0.142578 0.162109 0.142578 0.152344 0.140625 0.150391 0.140625 0.148438 0.142578 0.146484 0.138672 0.146484 0.140625 0.148438 0.138672 0.150391 0.132812 0.150391 0.130859 0.148438 0.132812 0.150391 0.132812 0.152344 0.134766 0.150391 0.136719 0.150391 0.138672 0.152344 0.140625 0.152344 0.142578 0.154297 0.140625 0.156250 0.140625 0.158203 0.142578 0.160156 0.132812 0.169922 0.130859 0.167969 0.130859 0.166016 0.132812 0.164062 0.130859 0.162109 0.126953 0.166016 0.126953 0.167969 0.125000 0.169922 0.121094 0.169922 0.119141 0.167969 0.121094 0.166016 0.121094 0.162109 0.123047 0.160156 0.126953 0.160156 0.123047 0.160156 0.121094 0.162109 0.121094 0.164062 0.119141 0.166016 0.117188 0.164062 0.113281 0.167969 0.109375 0.164062 0.109375 0.162109 0.111328 0.160156 0.113281 0.162109 0.113281 0.160156 0.117188 0.156250 0.115234 0.158203 0.113281 0.156250 0.111328 0.156250 0.109375 0.154297 0.109375 0.152344 0.107422 0.152344 0.111328 0.156250 0.109375 0.158203 0.109375 0.160156 0.107422 0.162109 0.107422 0.164062 0.105469 0.166016 0.103516 0.164062 0.101562 0.164062 0.103516 0.166016 0.101562 0.167969 0.101562 0.169922 0.101562 0.167969 0.103516 0.166016 0.109375 0.166016 0.111328 0.167969 0.113281 0.167969 0.115234 0.166016 0.117188 0.167969 0.117188 0.169922 0.115234 0.171875 0.113281 0.171875 0.113281 0.173828 0.111328 0.175781 0.109375 0.173828 0.107422 0.173828 0.105469 0.171875 0.101562 0.175781 0.101562 0.179688 0.103516 0.177734 0.105469 0.179688 0.105469 0.183594 0.107422 0.181641 0.109375 0.181641 0.113281 0.177734 0.113281 0.175781 0.117188 0.171875 0.119141 0.171875 0.121094 0.173828 0.125000 0.173828 0.126953 0.175781 0.126953 0.177734 0.126953 0.175781 0.125000 0.173828 0.126953 0.171875 0.128906 0.171875 0.130859 0.173828 0.132812 0.171875 0.136719 0.175781 0.136719 0.179688 0.138672 0.181641 0.138672 0.183594 0.140625 0.185547 0.138672 0.187500 0.136719 0.187500 0.136719 0.189453 0.134766 0.191406 0.136719 0.191406 0.140625 0.187500 0.144531 0.187500 0.146484 0.189453 0.146484 0.193359 0.148438 0.195312 0.150391 0.195312 0.152344 0.197266 0.152344 0.201172 0.154297 0.203125 0.156250 0.203125 0.158203 0.201172 0.162109 0.201172 0.164062 0.203125 0.164062 0.205078 0.162109 0.207031 0.158203 0.207031 0.158203 0.208984 0.160156 0.207031 0.164062 0.207031 0.166016 0.205078 0.164062 0.203125 0.164062 0.201172 0.160156 0.201172 0.158203 0.199219 0.160156 0.197266 0.162109 0.197266 0.162109 0.195312 0.164062 0.193359 0.164062 0.187500 0.166016 0.185547 0.167969 0.187500 0.169922 0.185547 0.169922 0.183594 0.167969 0.181641 0.169922 0.179688 0.173828 0.179688 0.173828 0.175781 0.175781 0.173828 0.173828 0.175781 0.173828 0.177734 0.171875 0.179688 0.169922 0.177734 0.169922 0.171875 0.173828 0.167969 0.171875 0.166016 0.169922 0.166016 0.167969 0.164062 0.169922 0.162109 0.171875 0.162109 0.171875 0.160156 0.173828 0.158203 0.173828 0.156250 0.175781 0.154297 0.179688 0.154297 0.183594 0.150391 0.185547 0.150391 0.187500 0.152344 0.187500 0.154297 0.189453 0.154297 0.191406 0.156250 0.191406 0.160156 0.195312 0.160156 0.195312 0.158203 0.193359 0.160156 0.191406 0.158203 0.191406 0.156250 0.185547 0.150391 0.189453 0.146484 0.191406 0.146484 0.195312 0.142578 0.199219 0.142578 0.201172 0.140625 0.203125 0.142578 0.205078 0.140625 0.207031 0.140625 0.208984 0.142578 0.210938 0.142578 0.208984 0.142578 0.205078 0.138672 0.208984 0.134766 0.205078 0.138672 0.203125 0.138672 0.199219 0.134766 0.201172 0.132812 0.199219 0.132812 0.197266 0.134766 0.199219 0.134766 0.203125 0.138672 0.199219 0.142578 0.195312 0.142578 0.193359 0.140625 0.193359 0.138672 0.193359 0.144531 0.191406 0.146484 0.185547 0.140625 0.187500 0.142578 0.185547 0.144531 0.183594 0.144531 0.181641 0.142578 0.179688 0.142578 0.177734 0.140625 0.183594 0.134766 0.181641 0.132812 0.181641 0.130859 0.183594 0.128906 0.181641 0.128906 0.179688 0.126953
2 0.705078 0.041016 0.705078 0.042969 0.703125 0.044922 0.701172 0.042969 0.705078 0.046875 0.705078 0.048828 0.703125 0.050781 0.701172 0.048828 0.699219 0.050781 0.699219 0.052734 0.697266 0.054688 0.695312 0.054688 0.693359 0.052734 0.693359 0.048828 0.691406 0.048828 0.689453 0.046875 0.693359 0.050781 0.691406 0.052734 0.691406 0.054688 0.693359 0.054688 0.695312 0.056641 0.693359 0.058594 0.695312 0.060547 0.693359 0.062500 0.691406 0.062500 0.691406 0.066406 0.693359 0.068359 0.689453 0.072266 0.687500 0.072266 0.687500 0.074219 0.685547 0.076172 0.683594 0.076172 0.681641 0.074219 0.683594 0.072266 0.683594 0.070312 0.685547 0.068359 0.687500 0.068359 0.681641 0.062500 0.683594 0.060547 0.685547 0.060547 0.683594 0.060547 0.681641 0.058594 0.679688 0.060547 0.677734 0.058594 0.679688 0.060547 0.675781 0.064453 0.675781 0.072266 0.673828 0.074219 0.675781 0.072266 0.681641 0.078125 0.675781 0.083984 0.675781 0.085938 0.677734 0.087891 0.675781 0.089844 0.673828 0.089844 0.669922 0.085938 0.671875 0.083984 0.671875 0.080078 0.673828 0.078125 0.675781 0.078125 0.673828 0.078125 0.667969 0.083984 0.664062 0.080078 0.664062 0.078125 0.666016 0.076172 0.667969 0.078125 0.666016 0.076172 0.671875 0.070312 0.669922 0.068359 0.669922 0.066406 0.671875 0.064453 0.669922 0.064453 0.667969 0.066406 0.666016 0.066406 0.664062 0.064453 0.666016 0.062500 0.664062 0.060547 0.666016 0.058594 0.666016 0.056641 0.664062 0.056641 0.662109 0.054688 0.660156 0.054688 0.662109 0.054688 0.664062 0.056641 0.662109 0.058594 0.660156 0.058594 0.662109 0.058594 0.664062 0.060547 0.662109 0.062500 0.660156 0.062500 0.658203 0.064453 0.656250 0.064453 0.658203 0.066406 0.658203 0.068359 0.656250 0.070312 0.654297 0.068359 0.656250 0.070312 0.656250 0.072266 0.658203 0.074219 0.658203 0.076172 0.656250 0.078125 0.652344 0.074219 0.652344 0.072266 0.652344 0.076172 0.650391 0.078125 0.656250 0.078125 0.660156 0.082031 0.662109 0.082031 0.664062 0.080078 0.666016 0.082031 0.666016 0.083984 0.667969 0.083984 0.669922 0.085938 0.667969 0.087891 0.666016 0.087891 0.664062 0.089844 0.660156 0.089844 0.658203 0.087891 0.656250 0.087891 0.658203 0.087891 0.660156 0.089844 0.662109 0.089844 0.664062 0.091797 0.664062 0.099609 0.664062 0.097656 0.666016 0.095703 0.664062 0.093750 0.667969 0.089844 0.671875 0.089844 0.673828 0.091797 0.673828 0.093750 0.675781 0.095703 0.675781 0.097656 0.673828 0.099609 0.669922 0.095703 0.669922 0.093750 0.669922 0.097656 0.673828 0.101562 0.671875 0.103516 0.671875 0.105469 0.673828 0.107422 0.675781 0.107422 0.679688 0.111328 0.677734 0.109375 0.677734 0.107422 0.679688 0.105469 0.681641 0.107422 0.683594 0.107422 0.681641 0.105469 0.681641 0.103516 0.685547 0.099609 0.683594 0.101562 0.679688 0.097656 0.679688 0.095703 0.677734 0.097656 0.675781 0.095703 0.675781 0.089844 0.679688 0.085938 0.681641 0.087891 0.681641 0.089844 0.683594 0.089844 0.685547 0.091797 0.683594 0.093750 0.685547 0.091797 0.687500 0.091797 0.689453 0.093750 0.687500 0.091797 0.687500 0.087891 0.689453 0.085938 0.687500 0.083984 0.687500 0.085938 0.685547 0.087891 0.679688 0.082031 0.681641 0.080078 0.689453 0.080078 0.689453 0.078125 0.691406 0.076172 0.693359 0.078125 0.691406 0.076172 0.693359 0.074219 0.695312 0.074219 0.695312 0.072266 0.697266 0.070312 0.697266 0.068359 0.701172 0.064453 0.703125 0.064453 0.703125 0.060547 0.707031 0.056641 0.710938 0.060547 0.710938 0.064453 0.710938 0.062500 0.712891 0.060547 0.712891 0.058594 0.710938 0.060547 0.707031 0.056641 0.708984 0.054688 0.708984 0.050781 0.708984 0.054688 0.707031 0.056641 0.705078 0.056641 0.701172 0.060547 0.699219 0.058594 0.699219 0.052734 0.701172 0.050781 0.703125 0.050781 0.707031 0.046875 0.710938 0.046875 0.712891 0.044922 0.712891 0.042969 0.708984 0.042969 0.707031 0.041016
2 0.896484 0.001953 0.896484 0.005859 0.894531 0.007812 0.896484 0.005859 0.898438 0.005859 0.900391 0.007812 0.902344 0.007812 0.904297 0.009766 0.902344 0.011719 0.902344 0.013672 0.900391 0.015625 0.902344 0.015625 0.904297 0.017578 0.902344 0.019531 0.898438 0.019531 0.898438 0.023438 0.900391 0.023438 0.902344 0.025391 0.898438 0.029297 0.898438 0.035156 0.896484 0.037109 0.894531 0.035156 0.894531 0.031250 0.890625 0.031250 0.888672 0.029297 0.888672 0.025391 0.890625 0.023438 0.892578 0.023438 0.892578 0.019531 0.896484 0.015625 0.894531 0.015625 0.892578 0.013672 0.892578 0.011719 0.892578 0.013672 0.894531 0.015625 0.894531 0.017578 0.890625 0.021484 0.890625 0.023438 0.888672 0.025391 0.886719 0.025391 0.884766 0.023438 0.878906 0.023438 0.876953 0.025391 0.873047 0.025391 0.873047 0.027344 0.875000 0.029297 0.880859 0.029297 0.882812 0.031250 0.882812 0.035156 0.880859 0.037109 0.882812 0.039062 0.882812 0.041016 0.882812 0.039062 0.884766 0.037109 0.886719 0.039062 0.886719 0.037109 0.884766 0.035156 0.884766 0.033203 0.886719 0.031250 0.888672 0.031250 0.890625 0.033203 0.890625 0.035156 0.892578 0.037109 0.890625 0.039062 0.894531 0.042969 0.894531 0.044922 0.896484 0.046875 0.894531 0.044922 0.894531 0.041016 0.896484 0.039062 0.898438 0.041016 0.896484 0.039062 0.896484 0.037109 0.898438 0.035156 0.902344 0.039062 0.902344 0.042969 0.900391 0.044922 0.900391 0.046875 0.902344 0.046875 0.904297 0.044922 0.906250 0.046875 0.906250 0.044922 0.908203 0.042969 0.908203 0.041016 0.910156 0.039062 0.908203 0.037109 0.910156 0.035156 0.910156 0.031250 0.912109 0.029297 0.914062 0.031250 0.912109 0.029297 0.914062 0.027344 0.912109 0.027344 0.912109 0.029297 0.910156 0.031250 0.908203 0.029297 0.906250 0.031250 0.904297 0.029297 0.904297 0.027344 0.910156 0.021484 0.908203 0.021484 0.908203 0.023438 0.906250 0.025391 0.904297 0.025391 0.902344 0.023438 0.902344 0.019531 0.906250 0.015625 0.904297 0.015625 0.902344 0.013672 0.904297 0.011719 0.904297 0.007812 0.906250 0.005859 0.908203 0.007812 0.910156 0.007812 0.912109 0.005859 0.914062 0.007812 0.916016 0.005859 0.917969 0.007812 0.916016 0.005859 0.916016 0.003906 0.914062 0.001953 0.906250 0.001953 0.904297 0.003906 0.900391 0.003906 0.898438 0.005859 0.896484 0.003906
2 0.925781 0.000000 0.929688 0.003906 0.929688 0.007812 0.929688 0.003906 0.931641 0.001953 0.935547 0.005859 0.933594 0.007812 0.935547 0.009766 0.933594 0.011719 0.929688 0.011719 0.929688 0.015625 0.927734 0.017578 0.925781 0.015625 0.921875 0.015625 0.919922 0.013672 0.919922 0.019531 0.923828 0.023438 0.923828 0.025391 0.921875 0.027344 0.921875 0.029297 0.919922 0.031250 0.921875 0.033203 0.921875 0.037109 0.919922 0.039062 0.917969 0.037109 0.914062 0.037109 0.916016 0.037109 0.917969 0.039062 0.917969 0.041016 0.916016 0.042969 0.914062 0.042969 0.917969 0.042969 0.917969 0.041016 0.919922 0.039062 0.921875 0.039062 0.923828 0.037109 0.925781 0.037109 0.927734 0.039062 0.927734 0.041016 0.921875 0.046875 0.923828 0.044922 0.931641 0.044922 0.933594 0.046875 0.929688 0.050781 0.927734 0.048828 0.923828 0.052734 0.925781 0.054688 0.925781 0.058594 0.923828 0.060547 0.923828 0.062500 0.921875 0.064453 0.919922 0.062500 0.921875 0.064453 0.919922 0.066406 0.921875 0.066406 0.923828 0.068359 0.923828 0.072266 0.921875 0.074219 0.919922 0.072266 0.917969 0.072266 0.916016 0.070312 0.916016 0.068359 0.914062 0.066406 0.912109 0.066406 0.910156 0.064453 0.912109 0.062500 0.910156 0.062500 0.910156 0.064453 0.908203 0.066406 0.904297 0.062500 0.904297 0.060547 0.900391 0.060547 0.898438 0.058594 0.900391 0.056641 0.904297 0.056641 0.902344 0.054688 0.904297 0.052734 0.902344 0.050781 0.900391 0.050781 0.898438 0.052734 0.898438 0.058594 0.896484 0.060547 0.894531 0.058594 0.890625 0.058594 0.888672 0.056641 0.890625 0.054688 0.886719 0.054688 0.884766 0.052734 0.886719 0.050781 0.886719 0.046875 0.884766 0.046875 0.882812 0.044922 0.882812 0.046875 0.880859 0.048828 0.880859 0.052734 0.878906 0.054688 0.882812 0.058594 0.886719 0.058594 0.888672 0.056641 0.890625 0.058594 0.890625 0.060547 0.892578 0.060547 0.894531 0.062500 0.894531 0.066406 0.892578 0.068359 0.894531 0.066406 0.896484 0.066406 0.896484 0.064453 0.898438 0.062500 0.904297 0.068359 0.902344 0.070312 0.898438 0.070312 0.900391 0.072266 0.902344 0.072266 0.902344 0.070312 0.904297 0.068359 0.906250 0.070312 0.908203 0.068359 0.912109 0.068359 0.914062 0.070312 0.914062 0.072266 0.917969 0.076172 0.919922 0.074219 0.921875 0.074219 0.923828 0.076172 0.921875 0.078125 0.923828 0.080078 0.923828 0.083984 0.921875 0.085938 0.919922 0.085938 0.917969 0.083984 0.917969 0.082031 0.917969 0.091797 0.917969 0.089844 0.919922 0.087891 0.921875 0.089844 0.921875 0.091797 0.923828 0.093750 0.925781 0.091797 0.927734 0.093750 0.927734 0.095703 0.929688 0.097656 0.929688 0.099609 0.931641 0.099609 0.933594 0.097656 0.935547 0.097656 0.933594 0.097656 0.931641 0.095703 0.933594 0.093750 0.937500 0.093750 0.941406 0.097656 0.939453 0.099609 0.941406 0.099609 0.943359 0.101562 0.943359 0.105469 0.941406 0.107422 0.939453 0.105469 0.939453 0.103516 0.939453 0.105469 0.935547 0.109375 0.935547 0.111328 0.937500 0.111328 0.939453 0.109375 0.941406 0.109375 0.941406 0.107422 0.943359 0.105469 0.949219 0.105469 0.949219 0.101562 0.947266 0.103516 0.945312 0.103516 0.943359 0.101562 0.943359 0.099609 0.945312 0.097656 0.951172 0.097656 0.951172 0.093750 0.953125 0.091797 0.955078 0.093750 0.953125 0.091797 0.951172 0.091797 0.949219 0.089844 0.949219 0.091797 0.947266 0.093750 0.945312 0.093750 0.943359 0.091797 0.943359 0.087891 0.945312 0.085938 0.947266 0.085938 0.949219 0.083984 0.947266 0.085938 0.945312 0.085938 0.943359 0.087891 0.941406 0.085938 0.935547 0.091797 0.933594 0.091797 0.931641 0.089844 0.931641 0.087891 0.929688 0.085938 0.929688 0.083984 0.931641 0.082031 0.931641 0.078125 0.935547 0.074219 0.939453 0.078125 0.937500 0.080078 0.935547 0.080078 0.935547 0.083984 0.937500 0.083984 0.937500 0.080078 0.939453 0.078125 0.941406 0.078125 0.939453 0.078125 0.937500 0.076172 0.939453 0.074219 0.947266 0.074219 0.949219 0.072266 0.951172 0.074219 0.951172 0.076172 0.949219 0.078125 0.945312 0.078125 0.945312 0.080078 0.947266 0.080078 0.951172 0.076172 0.955078 0.080078 0.955078 0.082031 0.953125 0.083984 0.953125 0.087891 0.957031 0.087891 0.957031 0.085938 0.958984 0.083984 0.962891 0.083984 0.964844 0.082031 0.962891 0.082031 0.960938 0.083984 0.958984 0.082031 0.958984 0.080078 0.964844 0.074219 0.966797 0.074219 0.968750 0.072266 0.970703 0.074219 0.972656 0.074219 0.976562 0.070312 0.976562 0.066406 0.974609 0.064453 0.974609 0.058594 0.972656 0.056641 0.974609 0.054688 0.978516 0.054688 0.978516 0.052734 0.980469 0.050781 0.980469 0.044922 0.982422 0.042969 0.980469 0.041016 0.978516 0.042969 0.976562 0.042969 0.972656 0.039062 0.970703 0.041016 0.968750 0.039062 0.966797 0.039062 0.964844 0.037109 0.964844 0.033203 0.962891 0.031250 0.962891 0.029297 0.960938 0.027344 0.958984 0.027344 0.957031 0.025391 0.958984 0.023438 0.958984 0.021484 0.958984 0.023438 0.957031 0.025391 0.955078 0.023438 0.955078 0.021484 0.955078 0.023438 0.953125 0.025391 0.951172 0.025391 0.947266 0.021484 0.949219 0.019531 0.951172 0.019531 0.953125 0.017578 0.955078 0.017578 0.957031 0.015625 0.958984 0.015625 0.960938 0.017578 0.962891 0.017578 0.964844 0.015625 0.966797 0.015625 0.968750 0.017578 0.968750 0.019531 0.966797 0.021484 0.966797 0.023438 0.966797 0.021484 0.968750 0.019531 0.968750 0.015625 0.970703 0.013672 0.972656 0.015625 0.972656 0.013672 0.974609 0.011719 0.976562 0.013672 0.976562 0.017578 0.974609 0.019531 0.976562 0.019531 0.978516 0.021484 0.978516 0.023438 0.976562 0.025391 0.974609 0.025391 0.976562 0.025391 0.978516 0.027344 0.978516 0.029297 0.980469 0.029297 0.982422 0.031250 0.982422 0.035156 0.980469 0.037109 0.978516 0.035156 0.978516 0.033203 0.978516 0.035156 0.980469 0.037109 0.992188 0.037109 0.992188 0.031250 0.990234 0.029297 0.990234 0.025391 0.992188 0.023438 0.996094 0.027344 0.996094 0.019531 0.994141 0.019531 0.994141 0.021484 0.992188 0.023438 0.990234 0.021484 0.986328 0.025391 0.982422 0.021484 0.982422 0.023438 0.980469 0.025391 0.978516 0.023438 0.978516 0.021484 0.976562 0.019531 0.976562 0.015625 0.978516 0.013672 0.982422 0.013672 0.984375 0.015625 0.982422 0.017578 0.980469 0.017578 0.982422 0.017578 0.984375 0.015625 0.986328 0.017578 0.986328 0.019531 0.986328 0.017578 0.984375 0.015625 0.988281 0.011719 0.986328 0.011719 0.982422 0.007812 0.982422 0.005859 0.984375 0.003906 0.986328 0.005859 0.994141 0.005859 0.994141 0.003906 0.992188 0.003906 0.990234 0.001953 0.992188 0.000000 0.980469 0.000000 0.978516 0.001953 0.976562 0.001953 0.974609 0.000000 0.972656 0.001953 0.970703 0.001953 0.968750 0.000000 0.966797 0.000000 0.966797 0.001953 0.968750 0.003906 0.968750 0.005859 0.970703 0.005859 0.972656 0.007812 0.972656 0.009766 0.970703 0.011719 0.968750 0.009766 0.966797 0.009766 0.964844 0.007812 0.964844 0.005859 0.962891 0.003906 0.960938 0.003906 0.958984 0.001953 0.957031 0.001953 0.955078 0.000000 0.951172 0.000000 0.953125 0.001953 0.951172 0.003906 0.949219 0.003906 0.949219 0.005859 0.947266 0.007812 0.945312 0.007812 0.943359 0.005859 0.943359 0.007812 0.947266 0.007812 0.951172 0.011719 0.949219 0.013672 0.943359 0.013672 0.939453 0.009766 0.939453 0.005859 0.937500 0.003906 0.935547 0.003906 0.933594 0.001953 0.935547 0.000000
2 0.644531 0.000000 0.642578 0.001953 0.642578 0.007812 0.640625 0.009766 0.638672 0.007812 0.634766 0.011719 0.636719 0.013672 0.636719 0.017578 0.634766 0.019531 0.632812 0.017578 0.632812 0.015625 0.632812 0.021484 0.634766 0.023438 0.634766 0.025391 0.632812 0.027344 0.634766 0.025391 0.636719 0.025391 0.638672 0.027344 0.638672 0.029297 0.638672 0.027344 0.636719 0.025391 0.636719 0.023438 0.638672 0.021484 0.640625 0.023438 0.642578 0.023438 0.646484 0.027344 0.644531 0.029297 0.642578 0.029297 0.648438 0.029297 0.650391 0.031250 0.648438 0.033203 0.648438 0.039062 0.646484 0.041016 0.644531 0.039062 0.644531 0.041016 0.648438 0.041016 0.650391 0.042969 0.646484 0.046875 0.644531 0.046875 0.646484 0.048828 0.646484 0.052734 0.648438 0.050781 0.650391 0.050781 0.652344 0.052734 0.650391 0.054688 0.652344 0.054688 0.654297 0.056641 0.654297 0.054688 0.650391 0.050781 0.648438 0.050781 0.646484 0.048828 0.648438 0.046875 0.648438 0.044922 0.652344 0.041016 0.656250 0.041016 0.660156 0.044922 0.662109 0.044922 0.662109 0.042969 0.664062 0.041016 0.666016 0.041016 0.669922 0.044922 0.667969 0.046875 0.666016 0.046875 0.664062 0.048828 0.660156 0.048828 0.660156 0.050781 0.662109 0.050781 0.664062 0.048828 0.666016 0.050781 0.664062 0.048828 0.666016 0.046875 0.669922 0.046875 0.671875 0.048828 0.671875 0.050781 0.669922 0.052734 0.671875 0.054688 0.673828 0.052734 0.675781 0.054688 0.677734 0.052734 0.679688 0.052734 0.681641 0.050781 0.683594 0.050781 0.683594 0.046875 0.687500 0.042969 0.685547 0.044922 0.683594 0.042969 0.681641 0.042969 0.681641 0.046875 0.679688 0.048828 0.675781 0.048828 0.673828 0.050781 0.669922 0.046875 0.669922 0.044922 0.667969 0.042969 0.667969 0.041016 0.669922 0.039062 0.667969 0.039062 0.666016 0.037109 0.667969 0.035156 0.669922 0.035156 0.669922 0.033203 0.667969 0.031250 0.669922 0.029297 0.671875 0.029297 0.673828 0.031250 0.673828 0.029297 0.677734 0.025391 0.679688 0.025391 0.685547 0.031250 0.683594 0.033203 0.679688 0.033203 0.679688 0.035156 0.681641 0.035156 0.683594 0.037109 0.685547 0.037109 0.687500 0.039062 0.685547 0.037109 0.687500 0.035156 0.687500 0.033203 0.689453 0.031250 0.691406 0.031250 0.693359 0.033203 0.693359 0.035156 0.695312 0.037109 0.703125 0.037109 0.703125 0.031250 0.701172 0.031250 0.699219 0.029297 0.701172 0.027344 0.701172 0.025391 0.703125 0.023438 0.705078 0.025391 0.705078 0.027344 0.708984 0.031250 0.710938 0.029297 0.712891 0.031250 0.716797 0.031250 0.716797 0.029297 0.718750 0.027344 0.728516 0.027344 0.728516 0.025391 0.726562 0.023438 0.728516 0.021484 0.730469 0.021484 0.732422 0.023438 0.734375 0.023438 0.736328 0.025391 0.736328 0.027344 0.738281 0.027344 0.736328 0.025391 0.738281 0.023438 0.736328 0.025391 0.734375 0.023438 0.734375 0.021484 0.736328 0.019531 0.742188 0.019531 0.744141 0.017578 0.746094 0.019531 0.746094 0.021484 0.750000 0.021484 0.751953 0.019531 0.753906 0.019531 0.753906 0.017578 0.751953 0.019531 0.748047 0.019531 0.744141 0.015625 0.742188 0.015625 0.742188 0.017578 0.740234 0.019531 0.738281 0.017578 0.736328 0.017578 0.734375 0.015625 0.738281 0.011719 0.742188 0.011719 0.742188 0.005859 0.740234 0.003906 0.744141 0.000000 0.746094 0.001953 0.746094 0.007812 0.748047 0.005859 0.748047 0.003906 0.750000 0.001953 0.753906 0.005859 0.751953 0.007812 0.753906 0.009766 0.753906 0.011719 0.755859 0.009766 0.755859 0.007812 0.757812 0.005859 0.759766 0.007812 0.759766 0.009766 0.763672 0.009766 0.761719 0.007812 0.763672 0.005859 0.761719 0.003906 0.761719 0.000000 0.755859 0.000000 0.753906 0.001953 0.751953 0.000000 0.750000 0.001953 0.746094 0.001953 0.744141 0.000000 0.742188 0.000000 0.740234 0.001953 0.738281 0.001953 0.736328 0.000000 0.718750 0.000000 0.716797 0.001953 0.714844 0.001953 0.712891 0.000000 0.707031 0.000000 0.707031 0.003906 0.708984 0.005859 0.705078 0.009766 0.708984 0.009766 0.708984 0.007812 0.710938 0.005859 0.712891 0.007812 0.712891 0.009766 0.714844 0.011719 0.712891 0.013672 0.699219 0.013672 0.695312 0.009766 0.697266 0.007812 0.695312 0.005859 0.697266 0.003906 0.699219 0.003906 0.701172 0.005859 0.703125 0.005859 0.701172 0.005859 0.699219 0.003906 0.697266 0.003906 0.693359 0.000000 0.689453 0.000000 0.689453 0.001953 0.687500 0.003906 0.685547 0.001953 0.685547 0.000000 0.679688 0.000000 0.681641 0.001953 0.677734 0.005859 0.675781 0.003906 0.671875 0.003906 0.669922 0.005859 0.666016 0.005859 0.664062 0.007812 0.662109 0.005859 0.660156 0.005859 0.656250 0.009766 0.654297 0.009766 0.652344 0.007812 0.654297 0.005859 0.650391 0.009766 0.646484 0.005859 0.644531 0.005859 0.642578 0.003906 0.642578 0.001953
2 0.552734 0.000000 0.554688 0.001953 0.552734 0.003906 0.550781 0.003906 0.552734 0.005859 0.552734 0.007812 0.550781 0.009766 0.548828 0.007812 0.550781 0.009766 0.550781 0.013672 0.548828 0.015625 0.550781 0.017578 0.550781 0.023438 0.552734 0.023438 0.554688 0.025391 0.552734 0.027344 0.550781 0.027344 0.552734 0.027344 0.554688 0.029297 0.558594 0.029297 0.560547 0.031250 0.558594 0.033203 0.558594 0.039062 0.556641 0.041016 0.554688 0.041016 0.552734 0.039062 0.552734 0.037109 0.554688 0.035156 0.554688 0.033203 0.554688 0.035156 0.550781 0.039062 0.552734 0.041016 0.558594 0.041016 0.558594 0.037109 0.560547 0.035156 0.562500 0.035156 0.564453 0.037109 0.564453 0.041016 0.566406 0.039062 0.570312 0.039062 0.572266 0.041016 0.572266 0.042969 0.570312 0.044922 0.562500 0.044922 0.562500 0.046875 0.564453 0.046875 0.566406 0.048828 0.564453 0.050781 0.560547 0.050781 0.558594 0.052734 0.556641 0.052734 0.558594 0.054688 0.558594 0.056641 0.560547 0.058594 0.558594 0.060547 0.558594 0.066406 0.558594 0.064453 0.560547 0.062500 0.562500 0.064453 0.562500 0.066406 0.564453 0.064453 0.566406 0.064453 0.568359 0.066406 0.566406 0.068359 0.566406 0.070312 0.564453 0.072266 0.562500 0.072266 0.562500 0.074219 0.560547 0.076172 0.558594 0.076172 0.560547 0.076172 0.562500 0.078125 0.566406 0.074219 0.568359 0.074219 0.566406 0.072266 0.568359 0.070312 0.568359 0.066406 0.570312 0.064453 0.572266 0.064453 0.576172 0.068359 0.578125 0.068359 0.580078 0.070312 0.580078 0.074219 0.582031 0.072266 0.583984 0.072266 0.582031 0.070312 0.580078 0.070312 0.578125 0.068359 0.578125 0.066406 0.580078 0.064453 0.582031 0.066406 0.580078 0.064453 0.580078 0.062500 0.578125 0.060547 0.580078 0.058594 0.585938 0.058594 0.587891 0.060547 0.587891 0.062500 0.585938 0.064453 0.583984 0.062500 0.587891 0.066406 0.587891 0.068359 0.589844 0.068359 0.591797 0.070312 0.589844 0.072266 0.587891 0.072266 0.587891 0.074219 0.591797 0.074219 0.589844 0.072266 0.591797 0.070312 0.591797 0.068359 0.589844 0.066406 0.593750 0.062500 0.595703 0.064453 0.595703 0.070312 0.597656 0.072266 0.595703 0.074219 0.595703 0.080078 0.593750 0.082031 0.591797 0.082031 0.591797 0.085938 0.595703 0.085938 0.597656 0.087891 0.601562 0.083984 0.603516 0.083984 0.605469 0.085938 0.609375 0.085938 0.611328 0.083984 0.613281 0.085938 0.613281 0.087891 0.615234 0.089844 0.621094 0.089844 0.623047 0.087891 0.623047 0.085938 0.621094 0.083984 0.623047 0.082031 0.625000 0.082031 0.626953 0.083984 0.628906 0.083984 0.630859 0.085938 0.630859 0.087891 0.632812 0.085938 0.634766 0.087891 0.634766 0.093750 0.636719 0.093750 0.638672 0.095703 0.636719 0.097656 0.634766 0.097656 0.640625 0.097656 0.640625 0.095703 0.642578 0.093750 0.644531 0.095703 0.644531 0.097656 0.646484 0.099609 0.646484 0.101562 0.644531 0.103516 0.644531 0.105469 0.646484 0.105469 0.648438 0.107422 0.644531 0.111328 0.642578 0.109375 0.644531 0.111328 0.642578 0.113281 0.646484 0.113281 0.644531 0.111328 0.650391 0.105469 0.652344 0.107422 0.656250 0.107422 0.658203 0.109375 0.656250 0.111328 0.652344 0.111328 0.654297 0.113281 0.654297 0.115234 0.656250 0.117188 0.658203 0.117188 0.660156 0.119141 0.658203 0.121094 0.656250 0.121094 0.658203 0.121094 0.660156 0.123047 0.660156 0.125000 0.662109 0.125000 0.664062 0.126953 0.662109 0.128906 0.658203 0.128906 0.656250 0.130859 0.652344 0.126953 0.650391 0.126953 0.648438 0.125000 0.646484 0.125000 0.644531 0.123047 0.646484 0.121094 0.648438 0.121094 0.650391 0.119141 0.652344 0.119141 0.650391 0.117188 0.650391 0.115234 0.650391 0.119141 0.648438 0.121094 0.644531 0.121094 0.644531 0.123047 0.642578 0.125000 0.646484 0.125000 0.648438 0.126953 0.650391 0.126953 0.652344 0.128906 0.650391 0.130859 0.650391 0.134766 0.652344 0.132812 0.654297 0.132812 0.656250 0.134766 0.654297 0.136719 0.656250 0.134766 0.658203 0.134766 0.656250 0.134766 0.654297 0.132812 0.658203 0.128906 0.660156 0.130859 0.662109 0.130859 0.664062 0.132812 0.667969 0.132812 0.666016 0.132812 0.662109 0.128906 0.664062 0.126953 0.664062 0.125000 0.662109 0.123047 0.662109 0.121094 0.664062 0.119141 0.667969 0.123047 0.667969 0.125000 0.671875 0.125000 0.669922 0.125000 0.666016 0.121094 0.666016 0.115234 0.667969 0.113281 0.667969 0.111328 0.660156 0.111328 0.658203 0.109375 0.658203 0.107422 0.656250 0.105469 0.656250 0.101562 0.658203 0.099609 0.658203 0.097656 0.658203 0.099609 0.654297 0.103516 0.654297 0.105469 0.652344 0.107422 0.650391 0.105469 0.650391 0.101562 0.654297 0.097656 0.654297 0.095703 0.652344 0.093750 0.654297 0.091797 0.656250 0.091797 0.652344 0.091797 0.650391 0.093750 0.646484 0.093750 0.644531 0.095703 0.642578 0.093750 0.642578 0.091797 0.644531 0.089844 0.640625 0.093750 0.638672 0.091797 0.636719 0.093750 0.634766 0.091797 0.634766 0.089844 0.636719 0.087891 0.638672 0.087891 0.640625 0.085938 0.638672 0.085938 0.636719 0.087891 0.634766 0.085938 0.634766 0.082031 0.632812 0.080078 0.634766 0.078125 0.636719 0.078125 0.634766 0.078125 0.632812 0.080078 0.628906 0.076172 0.628906 0.078125 0.632812 0.082031 0.630859 0.083984 0.628906 0.083984 0.626953 0.082031 0.625000 0.082031 0.623047 0.080078 0.621094 0.082031 0.619141 0.082031 0.617188 0.080078 0.617188 0.078125 0.621094 0.074219 0.621094 0.070312 0.619141 0.068359 0.619141 0.066406 0.621094 0.064453 0.623047 0.064453 0.625000 0.062500 0.626953 0.064453 0.626953 0.062500 0.630859 0.058594 0.632812 0.058594 0.634766 0.060547 0.632812 0.062500 0.636719 0.062500 0.634766 0.060547 0.638672 0.056641 0.640625 0.058594 0.640625 0.064453 0.642578 0.066406 0.642578 0.068359 0.644531 0.070312 0.642578 0.072266 0.640625 0.072266 0.640625 0.074219 0.642578 0.072266 0.644531 0.072266 0.646484 0.074219 0.646484 0.076172 0.646484 0.070312 0.648438 0.068359 0.650391 0.068359 0.650391 0.062500 0.646484 0.058594 0.646484 0.056641 0.644531 0.056641 0.644531 0.058594 0.642578 0.060547 0.640625 0.058594 0.640625 0.054688 0.642578 0.052734 0.642578 0.050781 0.640625 0.052734 0.640625 0.054688 0.638672 0.056641 0.634766 0.056641 0.632812 0.058594 0.628906 0.058594 0.626953 0.056641 0.626953 0.058594 0.628906 0.060547 0.626953 0.062500 0.625000 0.062500 0.623047 0.064453 0.621094 0.062500 0.621094 0.060547 0.619141 0.062500 0.619141 0.068359 0.615234 0.072266 0.613281 0.070312 0.609375 0.070312 0.607422 0.068359 0.609375 0.066406 0.609375 0.064453 0.611328 0.062500 0.609375 0.062500 0.607422 0.060547 0.607422 0.056641 0.605469 0.054688 0.607422 0.052734 0.609375 0.052734 0.611328 0.054688 0.611328 0.048828 0.613281 0.046875 0.613281 0.044922 0.611328 0.046875 0.609375 0.046875 0.607422 0.044922 0.607422 0.042969 0.605469 0.041016 0.605469 0.039062 0.607422 0.037109 0.609375 0.039062 0.615234 0.039062 0.617188 0.041016 0.617188 0.042969 0.621094 0.046875 0.625000 0.046875 0.626953 0.048828 0.623047 0.052734 0.623047 0.054688 0.625000 0.052734 0.626953 0.052734 0.626953 0.048828 0.628906 0.046875 0.630859 0.046875 0.632812 0.044922 0.634766 0.046875 0.634766 0.048828 0.636719 0.050781 0.634766 0.052734 0.632812 0.052734 0.630859 0.050781 0.632812 0.052734 0.636719 0.052734 0.636719 0.050781 0.638672 0.048828 0.636719 0.050781 0.634766 0.048828 0.634766 0.044922 0.636719 0.042969 0.638672 0.044922 0.640625 0.044922 0.640625 0.042969 0.638672 0.041016 0.638672 0.033203 0.636719 0.033203 0.636719 0.035156 0.634766 0.037109 0.632812 0.035156 0.632812 0.031250 0.632812 0.035156 0.634766 0.037109 0.634766 0.042969 0.632812 0.044922 0.628906 0.044922 0.626953 0.042969 0.628906 0.041016 0.630859 0.041016 0.628906 0.041016 0.626953 0.042969 0.625000 0.041016 0.623047 0.041016 0.621094 0.042969 0.619141 0.042969 0.617188 0.041016 0.621094 0.037109 0.625000 0.037109 0.626953 0.035156 0.626953 0.029297 0.626953 0.031250 0.625000 0.033203 0.619141 0.027344 0.619141 0.023438 0.617188 0.025391 0.615234 0.025391 0.613281 0.023438 0.615234 0.021484 0.615234 0.017578 0.617188 0.015625 0.619141 0.017578 0.623047 0.017578 0.626953 0.013672 0.626953 0.011719 0.628906 0.009766 0.628906 0.007812 0.626953 0.005859 0.630859 0.001953 0.632812 0.001953 0.632812 0.000000 0.626953 0.000000 0.626953 0.003906 0.625000 0.005859 0.626953 0.005859 0.628906 0.007812 0.628906 0.009766 0.626953 0.011719 0.625000 0.009766 0.626953 0.011719 0.626953 0.013672 0.625000 0.015625 0.623047 0.013672 0.623047 0.015625 0.621094 0.017578 0.619141 0.017578 0.617188 0.015625 0.619141 0.013672 0.619141 0.011719 0.617188 0.011719 0.613281 0.007812 0.611328 0.007812 0.609375 0.005859 0.609375 0.003906 0.607422 0.003906 0.605469 0.001953 0.603516 0.003906 0.601562 0.001953 0.599609 0.001953 0.597656 0.003906 0.595703 0.001953 0.595703 0.000000 0.593750 0.000000 0.593750 0.001953 0.591797 0.003906 0.587891 0.003906 0.583984 0.000000 0.580078 0.000000 0.583984 0.000000 0.587891 0.003906 0.587891 0.005859 0.583984 0.009766 0.582031 0.009766 0.583984 0.011719 0.583984 0.013672 0.582031 0.015625 0.580078 0.013672 0.578125 0.013672 0.576172 0.011719 0.576172 0.013672 0.580078 0.013672 0.582031 0.015625 0.580078 0.017578 0.576172 0.017578 0.576172 0.019531 0.578125 0.019531 0.580078 0.021484 0.576172 0.025391 0.574219 0.023438 0.574219 0.025391 0.576172 0.025391 0.583984 0.033203 0.583984 0.035156 0.583984 0.033203 0.587891 0.029297 0.589844 0.029297 0.591797 0.027344 0.593750 0.029297 0.593750 0.039062 0.591797 0.041016 0.589844 0.039062 0.587891 0.039062 0.587891 0.041016 0.585938 0.042969 0.583984 0.041016 0.583984 0.039062 0.583984 0.041016 0.582031 0.042969 0.580078 0.042969 0.578125 0.044922 0.576172 0.042969 0.576172 0.041016 0.574219 0.042969 0.572266 0.041016 0.572266 0.039062 0.574219 0.037109 0.572266 0.035156 0.572266 0.033203 0.574219 0.031250 0.574219 0.029297 0.572266 0.031250 0.570312 0.029297 0.570312 0.023438 0.568359 0.021484 0.570312 0.019531 0.568359 0.017578 0.568359 0.015625 0.566406 0.015625 0.564453 0.013672 0.566406 0.011719 0.570312 0.011719 0.572266 0.013672 0.572266 0.015625 0.572266 0.007812 0.570312 0.009766 0.568359 0.009766 0.566406 0.007812 0.566406 0.005859 0.568359 0.003906 0.564453 0.000000 0.558594 0.000000 0.556641 0.001953 0.554688 0.000000
2 0.472656 0.000000 0.470703 0.001953 0.472656 0.001953 0.474609 0.003906 0.470703 0.007812 0.470703 0.013672 0.468750 0.015625 0.468750 0.017578 0.470703 0.019531 0.468750 0.021484 0.468750 0.023438 0.470703 0.021484 0.472656 0.021484 0.470703 0.019531 0.472656 0.017578 0.472656 0.015625 0.474609 0.013672 0.476562 0.015625 0.476562 0.017578 0.478516 0.019531 0.476562 0.021484 0.476562 0.025391 0.474609 0.027344 0.474609 0.031250 0.472656 0.033203 0.472656 0.037109 0.474609 0.037109 0.476562 0.035156 0.476562 0.033203 0.478516 0.031250 0.474609 0.027344 0.476562 0.025391 0.480469 0.025391 0.480469 0.023438 0.478516 0.021484 0.478516 0.019531 0.476562 0.017578 0.478516 0.015625 0.480469 0.015625 0.482422 0.017578 0.482422 0.019531 0.484375 0.021484 0.484375 0.025391 0.486328 0.025391 0.486328 0.023438 0.492188 0.017578 0.494141 0.019531 0.494141 0.023438 0.494141 0.015625 0.492188 0.013672 0.492188 0.011719 0.494141 0.009766 0.494141 0.007812 0.496094 0.005859 0.498047 0.007812 0.498047 0.009766 0.498047 0.007812 0.496094 0.005859 0.498047 0.003906 0.500000 0.003906 0.498047 0.001953 0.496094 0.003906 0.486328 0.003906 0.484375 0.001953 0.486328 0.000000 0.494141 0.000000 0.486328 0.000000 0.482422 0.003906 0.478516 0.000000