0 0.814453 0.724609 0.818359 0.728516 0.816406 0.730469 0.816406 0.732422 0.814453 0.734375 0.812500 0.734375 0.816406 0.738281 0.818359 0.738281 0.818359 0.736328 0.816406 0.734375 0.816406 0.730469 0.818359 0.728516 0.820312 0.730469 0.820312 0.732422 0.822266 0.734375 0.822266 0.738281 0.826172 0.742188 0.824219 0.744141 0.824219 0.748047 0.826172 0.750000 0.822266 0.753906 0.820312 0.753906 0.818359 0.751953 0.818359 0.755859 0.816406 0.757812 0.814453 0.755859 0.814453 0.753906 0.812500 0.753906 0.810547 0.751953 0.810547 0.750000 0.808594 0.748047 0.808594 0.746094 0.808594 0.751953 0.806641 0.753906 0.808594 0.755859 0.804688 0.759766 0.802734 0.759766 0.802734 0.761719 0.800781 0.763672 0.800781 0.765625 0.800781 0.763672 0.802734 0.761719 0.806641 0.761719 0.808594 0.763672 0.808594 0.765625 0.810547 0.767578 0.812500 0.767578 0.814453 0.769531 0.812500 0.771484 0.810547 0.771484 0.810547 0.773438 0.814453 0.773438 0.816406 0.775391 0.816406 0.777344 0.814453 0.779297 0.812500 0.779297 0.810547 0.777344 0.814453 0.781250 0.820312 0.781250 0.824219 0.785156 0.824219 0.783203 0.822266 0.781250 0.822266 0.779297 0.820312 0.781250 0.818359 0.779297 0.818359 0.775391 0.822266 0.771484 0.824219 0.773438 0.824219 0.775391 0.830078 0.775391 0.832031 0.777344 0.828125 0.781250 0.828125 0.783203 0.828125 0.781250 0.830078 0.779297 0.832031 0.779297 0.833984 0.777344 0.835938 0.779297 0.835938 0.783203 0.833984 0.785156 0.835938 0.787109 0.835938 0.789062 0.835938 0.777344 0.837891 0.775391 0.841797 0.779297 0.837891 0.775391 0.835938 0.777344 0.833984 0.775391 0.833984 0.773438 0.832031 0.775391 0.826172 0.775391 0.824219 0.773438 0.824219 0.769531 0.826172 0.767578 0.835938 0.767578 0.837891 0.765625 0.841797 0.769531 0.841797 0.773438 0.841797 0.769531 0.843750 0.767578 0.843750 0.765625 0.843750 0.767578 0.841797 0.769531 0.833984 0.761719 0.830078 0.761719 0.828125 0.759766 0.828125 0.757812 0.830078 0.755859 0.830078 0.753906 0.832031 0.751953 0.833984 0.751953 0.835938 0.753906 0.833984 0.755859 0.835938 0.755859 0.835938 0.750000 0.833984 0.750000 0.832031 0.751953 0.830078 0.751953 0.828125 0.750000 0.830078 0.748047 0.830078 0.746094 0.832031 0.744141 0.832031 0.742188 0.833984 0.740234 0.835938 0.742188 0.837891 0.742188 0.835938 0.740234 0.835938 0.738281 0.833984 0.736328 0.833984 0.734375 0.835938 0.732422 0.835938 0.724609 0.832031 0.724609 0.830078 0.726562 0.824219 0.726562 0.822266 0.724609 0.820312 0.726562 0.816406 0.726562
0 0.921875 0.607422 0.921875 0.609375 0.919922 0.611328 0.917969 0.609375 0.917969 0.611328 0.916016 0.613281 0.917969 0.613281 0.919922 0.615234 0.917969 0.617188 0.919922 0.619141 0.917969 0.621094 0.916016 0.621094 0.914062 0.623047 0.912109 0.623047 0.910156 0.621094 0.910156 0.619141 0.912109 0.617188 0.910156 0.615234 0.910156 0.617188 0.908203 0.619141 0.908203 0.623047 0.906250 0.625000 0.906250 0.628906 0.908203 0.630859 0.906250 0.632812 0.906250 0.634766 0.902344 0.638672 0.900391 0.636719 0.900391 0.638672 0.902344 0.640625 0.902344 0.642578 0.906250 0.642578 0.908203 0.644531 0.914062 0.644531 0.916016 0.646484 0.917969 0.646484 0.919922 0.644531 0.921875 0.646484 0.923828 0.646484 0.923828 0.644531 0.921875 0.644531 0.919922 0.642578 0.917969 0.642578 0.916016 0.640625 0.916016 0.630859 0.917969 0.628906 0.923828 0.628906 0.927734 0.632812 0.927734 0.634766 0.927734 0.632812 0.925781 0.630859 0.927734 0.628906 0.929688 0.628906 0.931641 0.626953 0.929688 0.626953 0.927734 0.625000 0.927734 0.621094 0.923828 0.621094 0.921875 0.619141 0.921875 0.617188 0.923828 0.615234 0.925781 0.615234 0.925781 0.611328 0.923828 0.611328 0.921875 0.609375
0 0.746094 0.503906 0.746094 0.505859 0.744141 0.507812 0.744141 0.513672 0.742188 0.515625 0.742188 0.517578 0.744141 0.519531 0.742188 0.521484 0.740234 0.521484 0.738281 0.519531 0.738281 0.517578 0.738281 0.523438 0.736328 0.525391 0.742188 0.531250 0.746094 0.531250 0.748047 0.533203 0.748047 0.535156 0.755859 0.535156 0.757812 0.537109 0.759766 0.537109 0.761719 0.535156 0.763672 0.537109 0.765625 0.535156 0.767578 0.537109 0.769531 0.537109 0.771484 0.539062 0.771484 0.537109 0.769531 0.535156 0.769531 0.527344 0.767578 0.525391 0.769531 0.523438 0.769531 0.519531 0.767578 0.517578 0.769531 0.515625 0.773438 0.515625 0.775391 0.513672 0.777344 0.513672 0.777344 0.511719 0.775391 0.511719 0.775391 0.513672 0.773438 0.515625 0.769531 0.515625 0.767578 0.513672 0.765625 0.513672 0.763672 0.511719 0.763672 0.507812 0.765625 0.505859 0.767578 0.505859 0.767578 0.503906 0.765625 0.503906 0.765625 0.505859 0.763672 0.507812 0.761719 0.507812 0.763672 0.509766 0.761719 0.511719 0.753906 0.511719 0.751953 0.509766 0.748047 0.509766 0.746094 0.507812 0.746094 0.505859 0.748047 0.503906 0.750000 0.503906
0 0.654297 0.484375 0.654297 0.486328 0.656250 0.488281 0.652344 0.492188 0.650391 0.490234 0.648438 0.492188 0.646484 0.492188 0.646484 0.498047 0.648438 0.500000 0.644531 0.503906 0.642578 0.501953 0.640625 0.501953 0.642578 0.503906 0.644531 0.503906 0.646484 0.501953 0.648438 0.501953 0.650391 0.503906 0.648438 0.505859 0.650391 0.507812 0.650391 0.509766 0.648438 0.511719 0.648438 0.513672 0.650391 0.515625 0.650391 0.517578 0.644531 0.523438 0.644531 0.525391 0.646484 0.527344 0.650391 0.527344 0.654297 0.531250 0.652344 0.533203 0.652344 0.537109 0.650391 0.539062 0.648438 0.539062 0.644531 0.535156 0.644531 0.533203 0.642578 0.531250 0.642578 0.529297 0.640625 0.527344 0.638672 0.529297 0.638672 0.531250 0.636719 0.533203 0.636719 0.537109 0.634766 0.539062 0.632812 0.537109 0.630859 0.539062 0.626953 0.535156 0.626953 0.533203 0.625000 0.531250 0.625000 0.529297 0.623047 0.529297 0.623047 0.531250 0.621094 0.533203 0.621094 0.535156 0.619141 0.537109 0.621094 0.539062 0.623047 0.539062 0.625000 0.541016 0.626953 0.541016 0.628906 0.542969 0.628906 0.546875 0.625000 0.550781 0.621094 0.550781 0.621094 0.552734 0.623047 0.550781 0.625000 0.552734 0.625000 0.554688 0.621094 0.558594 0.619141 0.558594 0.619141 0.566406 0.617188 0.568359 0.617188 0.574219 0.611328 0.580078 0.611328 0.583984 0.609375 0.585938 0.609375 0.591797 0.607422 0.593750 0.607422 0.597656 0.605469 0.599609 0.605469 0.609375 0.603516 0.611328 0.603516 0.613281 0.601562 0.615234 0.599609 0.613281 0.599609 0.607422 0.601562 0.605469 0.601562 0.597656 0.603516 0.595703 0.603516 0.589844 0.605469 0.587891 0.605469 0.583984 0.607422 0.582031 0.607422 0.564453 0.609375 0.562500 0.609375 0.544922 0.611328 0.542969 0.611328 0.541016 0.613281 0.539062 0.613281 0.531250 0.615234 0.529297 0.619141 0.529297 0.617188 0.527344 0.615234 0.529297 0.613281 0.527344 0.611328 0.527344 0.609375 0.529297 0.607422 0.529297 0.605469 0.531250 0.603516 0.531250 0.601562 0.533203 0.597656 0.533203 0.597656 0.535156 0.593750 0.539062 0.591797 0.539062 0.589844 0.541016 0.587891 0.541016 0.589844 0.541016 0.591797 0.542969 0.595703 0.539062 0.599609 0.539062 0.603516 0.535156 0.603516 0.533203 0.605469 0.531250 0.607422 0.533203 0.607422 0.541016 0.609375 0.542969 0.603516 0.548828 0.599609 0.548828 0.597656 0.546875 0.597656 0.552734 0.601562 0.556641 0.605469 0.556641 0.607422 0.558594 0.605469 0.560547 0.601562 0.560547 0.599609 0.562500 0.601562 0.560547 0.603516 0.560547 0.605469 0.562500 0.605469 0.566406 0.601562 0.570312 0.597656 0.570312 0.595703 0.568359 0.595703 0.562500 0.591797 0.562500 0.591797 0.564453 0.589844 0.566406 0.587891 0.566406 0.587891 0.572266 0.585938 0.574219 0.585938 0.578125 0.583984 0.580078 0.585938 0.582031 0.585938 0.587891 0.587891 0.589844 0.587891 0.591797 0.591797 0.591797 0.593750 0.593750 0.595703 0.593750 0.597656 0.595703 0.597656 0.597656 0.595703 0.599609 0.595703 0.607422 0.593750 0.609375 0.593750 0.630859 0.593750 0.625000 0.597656 0.621094 0.597656 0.615234 0.599609 0.613281 0.601562 0.615234 0.601562 0.623047 0.599609 0.625000 0.599609 0.628906 0.597656 0.630859 0.599609 0.628906 0.607422 0.628906 0.609375 0.630859 0.607422 0.632812 0.605469 0.632812 0.607422 0.634766 0.611328 0.634766 0.613281 0.636719 0.615234 0.634766 0.617188 0.634766 0.617188 0.632812 0.619141 0.630859 0.621094 0.630859 0.623047 0.632812 0.625000 0.630859 0.626953 0.630859 0.628906 0.628906 0.636719 0.628906 0.636719 0.626953 0.634766 0.628906 0.621094 0.628906 0.619141 0.630859 0.617188 0.630859 0.615234 0.628906 0.615234 0.623047 0.621094 0.617188 0.621094 0.615234 0.626953 0.609375 0.628906 0.609375 0.630859 0.607422 0.632812 0.609375 0.632812 0.611328 0.632812 0.607422 0.634766 0.605469 0.636719 0.605469 0.636719 0.603516 0.634766 0.601562 0.636719 0.599609 0.638672 0.599609 0.638672 0.597656 0.642578 0.593750 0.644531 0.595703 0.644531 0.597656 0.648438 0.597656 0.650391 0.595703 0.652344 0.597656 0.652344 0.601562 0.654297 0.599609 0.652344 0.597656 0.652344 0.591797 0.650391 0.589844 0.650391 0.587891 0.648438 0.587891 0.646484 0.585938 0.648438 0.583984 0.648438 0.582031 0.650391 0.580078 0.652344 0.580078 0.654297 0.582031 0.656250 0.580078 0.658203 0.582031 0.658203 0.578125 0.660156 0.576172 0.664062 0.576172 0.664062 0.574219 0.660156 0.574219 0.658203 0.572266 0.660156 0.570312 0.662109 0.570312 0.664062 0.568359 0.664062 0.560547 0.667969 0.556641 0.667969 0.552734 0.666016 0.552734 0.664062 0.554688 0.660156 0.554688 0.662109 0.554688 0.664062 0.556641 0.662109 0.558594 0.658203 0.558594 0.658203 0.560547 0.656250 0.562500 0.650391 0.562500 0.648438 0.560547 0.648438 0.556641 0.650391 0.554688 0.652344 0.556641 0.650391 0.554688 0.650391 0.552734 0.648438 0.550781 0.650391 0.548828 0.650391 0.544922 0.652344 0.542969 0.652344 0.539062 0.654297 0.537109 0.658203 0.537109 0.660156 0.539062 0.660156 0.541016 0.664062 0.541016 0.666016 0.542969 0.666016 0.541016 0.667969 0.539062 0.671875 0.542969 0.671875 0.544922 0.677734 0.544922 0.679688 0.546875 0.679688 0.541016 0.681641 0.539062 0.681641 0.537109 0.679688 0.535156 0.679688 0.533203 0.681641 0.531250 0.685547 0.531250 0.687500 0.533203 0.687500 0.535156 0.689453 0.537109 0.685547 0.541016 0.687500 0.542969 0.685547 0.544922 0.685547 0.546875 0.685547 0.544922 0.691406 0.539062 0.693359 0.539062 0.695312 0.537109 0.695312 0.533203 0.697266 0.531250 0.705078 0.531250 0.705078 0.527344 0.710938 0.521484 0.712891 0.523438 0.714844 0.523438 0.716797 0.525391 0.716797 0.527344 0.718750 0.529297 0.718750 0.531250 0.720703 0.529297 0.722656 0.529297 0.722656 0.525391 0.718750 0.525391 0.716797 0.523438 0.714844 0.523438 0.712891 0.521484 0.710938 0.521484 0.708984 0.523438 0.707031 0.523438 0.701172 0.517578 0.701172 0.521484 0.703125 0.523438 0.703125 0.525391 0.701172 0.527344 0.699219 0.527344 0.697266 0.525391 0.697266 0.523438 0.695312 0.521484 0.695312 0.519531 0.693359 0.517578 0.693359 0.515625 0.691406 0.513672 0.691406 0.509766 0.693359 0.507812 0.695312 0.509766 0.695312 0.507812 0.693359 0.505859 0.691406 0.505859 0.689453 0.503906 0.693359 0.500000 0.689453 0.496094 0.689453 0.498047 0.687500 0.500000 0.685547 0.498047 0.685547 0.496094 0.683594 0.494141 0.683594 0.492188 0.681641 0.494141 0.675781 0.494141 0.671875 0.490234 0.671875 0.486328 0.671875 0.488281 0.669922 0.490234 0.667969 0.488281 0.669922 0.490234 0.667969 0.492188 0.669922 0.494141 0.669922 0.496094 0.667969 0.498047 0.662109 0.492188 0.658203 0.492188 0.656250 0.490234 0.658203 0.488281 0.658203 0.486328 0.656250 0.484375
0 0.546875 0.414062 0.544922 0.416016 0.544922 0.417969 0.542969 0.419922 0.544922 0.421875 0.542969 0.423828 0.539062 0.423828 0.539062 0.427734 0.537109 0.429688 0.537109 0.431641 0.533203 0.435547 0.533203 0.441406 0.529297 0.445312 0.529297 0.447266 0.533203 0.447266 0.535156 0.445312 0.537109 0.445312 0.539062 0.447266 0.539062 0.449219 0.541016 0.451172 0.542969 0.449219 0.546875 0.453125 0.560547 0.453125 0.562500 0.455078 0.560547 0.457031 0.558594 0.457031 0.560547 0.457031 0.562500 0.455078 0.564453 0.457031 0.560547 0.453125 0.560547 0.451172 0.558594 0.449219 0.560547 0.447266 0.558594 0.449219 0.556641 0.449219 0.554688 0.451172 0.550781 0.451172 0.548828 0.453125 0.546875 0.453125 0.544922 0.451172 0.544922 0.449219 0.542969 0.447266 0.542969 0.445312 0.541016 0.447266 0.539062 0.445312 0.539062 0.443359 0.541016 0.441406 0.542969 0.441406 0.542969 0.439453 0.541016 0.437500 0.542969 0.435547 0.541016 0.433594 0.541016 0.431641 0.539062 0.429688 0.539062 0.427734 0.541016 0.425781 0.544922 0.429688 0.544922 0.431641 0.546875 0.433594 0.546875 0.439453 0.548828 0.437500 0.550781 0.439453 0.552734 0.439453 0.550781 0.439453 0.548828 0.437500 0.550781 0.435547 0.548828 0.433594 0.552734 0.429688 0.554688 0.431641 0.554688 0.433594 0.554688 0.431641 0.556641 0.429688 0.552734 0.429688 0.550781 0.427734 0.550781 0.421875 0.548828 0.421875 0.546875 0.419922 0.546875 0.417969 0.548828 0.416016 0.552734 0.416016 0.550781 0.414062
0 0.927734 0.371094 0.927734 0.375000 0.925781 0.376953 0.927734 0.378906 0.927734 0.380859 0.929688 0.382812 0.927734 0.384766 0.927734 0.390625 0.929688 0.392578 0.929688 0.394531 0.927734 0.396484 0.929688 0.396484 0.929688 0.386719 0.927734 0.384766 0.929688 0.382812 0.929688 0.380859 0.933594 0.376953 0.941406 0.384766 0.943359 0.382812 0.945312 0.384766 0.949219 0.384766 0.953125 0.388672 0.953125 0.398438 0.955078 0.400391 0.953125 0.402344 0.953125 0.404297 0.951172 0.406250 0.949219 0.406250 0.947266 0.408203 0.939453 0.408203 0.941406 0.408203 0.943359 0.410156 0.941406 0.412109 0.935547 0.412109 0.935547 0.414062 0.937500 0.416016 0.937500 0.417969 0.939453 0.417969 0.941406 0.419922 0.939453 0.421875 0.939453 0.423828 0.941406 0.425781 0.949219 0.425781 0.951172 0.427734 0.955078 0.427734 0.957031 0.429688 0.957031 0.441406 0.958984 0.441406 0.958984 0.437500 0.957031 0.435547 0.957031 0.417969 0.958984 0.416016 0.960938 0.416016 0.960938 0.414062 0.958984 0.412109 0.958984 0.414062 0.957031 0.416016 0.953125 0.412109 0.953125 0.406250 0.955078 0.404297 0.955078 0.402344 0.957031 0.400391 0.957031 0.388672 0.958984 0.386719 0.960938 0.388672 0.960938 0.390625 0.960938 0.388672 0.964844 0.384766 0.966797 0.384766 0.970703 0.388672 0.970703 0.392578 0.972656 0.394531 0.974609 0.392578 0.978516 0.396484 0.978516 0.400391 0.974609 0.404297 0.976562 0.406250 0.978516 0.406250 0.978516 0.404297 0.980469 0.402344 0.982422 0.404297 0.982422 0.406250 0.986328 0.406250 0.986328 0.404297 0.988281 0.402344 0.994141 0.402344 0.996094 0.400391 0.998047 0.400391 0.996094 0.398438 0.994141 0.400391 0.988281 0.400391 0.986328 0.398438 0.986328 0.394531 0.988281 0.392578 0.990234 0.394531 0.990234 0.392578 0.988281 0.392578 0.984375 0.396484 0.980469 0.392578 0.980469 0.388672 0.978516 0.386719 0.978516 0.384766 0.980469 0.382812 0.982422 0.384766 0.980469 0.382812 0.982422 0.380859 0.984375 0.380859 0.986328 0.382812 0.986328 0.384766 0.986328 0.378906 0.984375 0.380859 0.978516 0.380859 0.976562 0.382812 0.974609 0.382812 0.974609 0.384766 0.976562 0.386719 0.974609 0.388672 0.974609 0.390625 0.972656 0.392578 0.970703 0.390625 0.970703 0.386719 0.968750 0.384766 0.962891 0.384766 0.960938 0.386719 0.958984 0.384766 0.957031 0.386719 0.953125 0.386719 0.951172 0.384766 0.951172 0.382812 0.941406 0.382812 0.939453 0.380859 0.939453 0.376953 0.937500 0.376953 0.935547 0.375000 0.933594 0.375000 0.931641 0.376953 0.929688 0.375000 0.929688 0.371094
0 0.908203 0.337891 0.908203 0.339844 0.902344 0.345703 0.900391 0.345703 0.898438 0.343750 0.898438 0.345703 0.896484 0.347656 0.896484 0.351562 0.898438 0.349609 0.900391 0.351562 0.904297 0.351562 0.906250 0.353516 0.906250 0.355469 0.910156 0.351562 0.912109 0.351562 0.914062 0.353516 0.914062 0.355469 0.912109 0.357422 0.912109 0.359375 0.906250 0.365234 0.906250 0.369141 0.898438 0.376953 0.896484 0.375000 0.896484 0.373047 0.888672 0.373047 0.886719 0.371094 0.882812 0.371094 0.880859 0.369141 0.878906 0.369141 0.876953 0.367188 0.873047 0.367188 0.871094 0.369141 0.871094 0.371094 0.869141 0.373047 0.871094 0.371094 0.873047 0.373047 0.871094 0.371094 0.871094 0.369141 0.873047 0.367188 0.875000 0.369141 0.876953 0.369141 0.878906 0.371094 0.880859 0.369141 0.882812 0.371094 0.882812 0.373047 0.886719 0.376953 0.882812 0.380859 0.880859 0.378906 0.878906 0.380859 0.873047 0.380859 0.871094 0.378906 0.871094 0.376953 0.869141 0.378906 0.867188 0.378906 0.869141 0.378906 0.873047 0.382812 0.876953 0.382812 0.878906 0.384766 0.878906 0.386719 0.880859 0.388672 0.880859 0.390625 0.882812 0.390625 0.884766 0.392578 0.884766 0.394531 0.882812 0.396484 0.884766 0.396484 0.886719 0.394531 0.888672 0.396484 0.888672 0.398438 0.890625 0.400391 0.890625 0.402344 0.892578 0.402344 0.894531 0.404297 0.894531 0.402344 0.896484 0.400391 0.892578 0.400391 0.888672 0.396484 0.888672 0.394531 0.890625 0.392578 0.894531 0.392578 0.892578 0.390625 0.892578 0.388672 0.890625 0.386719 0.890625 0.380859 0.894531 0.376953 0.898438 0.376953 0.902344 0.380859 0.904297 0.380859 0.906250 0.382812 0.906250 0.384766 0.908203 0.386719 0.912109 0.386719 0.910156 0.384766 0.908203 0.384766 0.906250 0.382812 0.908203 0.380859 0.904297 0.376953 0.904297 0.373047 0.906250 0.371094 0.910156 0.371094 0.912109 0.369141 0.914062 0.371094 0.916016 0.369141 0.912109 0.365234 0.912109 0.363281 0.914062 0.361328 0.914062 0.359375 0.916016 0.357422 0.917969 0.359375 0.917969 0.353516 0.916016 0.351562 0.914062 0.351562 0.912109 0.349609 0.912109 0.347656 0.910156 0.345703 0.912109 0.343750 0.912109 0.339844 0.910156 0.337891
0 0.656250 0.275391 0.646484 0.285156 0.638672 0.285156 0.636719 0.283203 0.634766 0.283203 0.634766 0.285156 0.638672 0.285156 0.640625 0.287109 0.640625 0.289062 0.642578 0.289062 0.644531 0.291016 0.644531 0.292969 0.648438 0.296875 0.648438 0.298828 0.646484 0.300781 0.646484 0.304688 0.648438 0.306641 0.648438 0.310547 0.650391 0.312500 0.650391 0.308594 0.652344 0.306641 0.654297 0.308594 0.656250 0.308594 0.658203 0.310547 0.658203 0.308594 0.660156 0.306641 0.662109 0.306641 0.664062 0.304688 0.666016 0.306641 0.666016 0.310547 0.664062 0.312500 0.666016 0.312500 0.667969 0.314453 0.666016 0.316406 0.667969 0.318359 0.667969 0.322266 0.666016 0.324219 0.667969 0.324219 0.667969 0.318359 0.666016 0.316406 0.667969 0.314453 0.667969 0.306641 0.669922 0.304688 0.673828 0.304688 0.673828 0.300781 0.673828 0.302734 0.671875 0.304688 0.667969 0.304688 0.666016 0.302734 0.666016 0.300781 0.664062 0.298828 0.664062 0.292969 0.662109 0.291016 0.662109 0.285156 0.660156 0.285156 0.658203 0.283203 0.658203 0.281250 0.656250 0.279297
0 0.574219 0.240234 0.568359 0.246094 0.562500 0.246094 0.560547 0.244141 0.562500 0.242188 0.560547 0.242188 0.558594 0.244141 0.550781 0.244141 0.560547 0.244141 0.562500 0.246094 0.562500 0.248047 0.560547 0.250000 0.556641 0.250000 0.556641 0.251953 0.552734 0.255859 0.550781 0.253906 0.550781 0.251953 0.548828 0.250000 0.546875 0.250000 0.544922 0.248047 0.544922 0.246094 0.542969 0.246094 0.542969 0.248047 0.541016 0.250000 0.541016 0.251953 0.539062 0.253906 0.537109 0.253906 0.535156 0.251953 0.531250 0.251953 0.531250 0.253906 0.529297 0.255859 0.525391 0.255859 0.523438 0.253906 0.525391 0.251953 0.527344 0.251953 0.523438 0.248047 0.523438 0.246094 0.523438 0.248047 0.519531 0.251953 0.517578 0.251953 0.517578 0.257812 0.515625 0.259766 0.517578 0.261719 0.519531 0.261719 0.521484 0.263672 0.521484 0.267578 0.519531 0.269531 0.517578 0.269531 0.517578 0.273438 0.521484 0.273438 0.523438 0.271484 0.525391 0.273438 0.525391 0.275391 0.527344 0.275391 0.529297 0.273438 0.529297 0.267578 0.531250 0.265625 0.533203 0.265625 0.535156 0.267578 0.535156 0.271484 0.533203 0.273438 0.535156 0.275391 0.529297 0.281250 0.527344 0.281250 0.529297 0.283203 0.531250 0.281250 0.537109 0.281250 0.537109 0.275391 0.539062 0.273438 0.539062 0.269531 0.541016 0.267578 0.542969 0.267578 0.544922 0.269531 0.544922 0.277344 0.546875 0.279297 0.546875 0.281250 0.544922 0.283203 0.544922 0.287109 0.548828 0.291016 0.548828 0.292969 0.546875 0.294922 0.546875 0.296875 0.548828 0.298828 0.558594 0.298828 0.560547 0.300781 0.562500 0.298828 0.570312 0.298828 0.574219 0.302734 0.574219 0.304688 0.576172 0.306641 0.578125 0.306641 0.583984 0.312500 0.589844 0.312500 0.593750 0.316406 0.595703 0.316406 0.597656 0.318359 0.597656 0.320312 0.599609 0.320312 0.601562 0.322266 0.603516 0.320312 0.609375 0.320312 0.609375 0.318359 0.611328 0.316406 0.611328 0.310547 0.609375 0.312500 0.607422 0.312500 0.605469 0.310547 0.605469 0.302734 0.607422 0.300781 0.605469 0.298828 0.605469 0.296875 0.607422 0.294922 0.607422 0.292969 0.605469 0.291016 0.605469 0.289062 0.603516 0.291016 0.603516 0.294922 0.601562 0.296875 0.593750 0.296875 0.597656 0.300781 0.597656 0.308594 0.599609 0.310547 0.599609 0.314453 0.597656 0.316406 0.595703 0.314453 0.595703 0.312500 0.593750 0.312500 0.591797 0.310547 0.591797 0.304688 0.587891 0.304688 0.585938 0.302734 0.585938 0.300781 0.583984 0.300781 0.582031 0.298828 0.580078 0.300781 0.576172 0.296875 0.578125 0.294922 0.578125 0.292969 0.578125 0.294922 0.574219 0.298828 0.572266 0.296875 0.572266 0.294922 0.570312 0.292969 0.572266 0.291016 0.572266 0.289062 0.574219 0.287109 0.576172 0.289062 0.578125 0.287109 0.580078 0.287109 0.582031 0.285156 0.583984 0.285156 0.587891 0.289062 0.589844 0.289062 0.591797 0.291016 0.593750 0.291016 0.593750 0.287109 0.591797 0.285156 0.591797 0.283203 0.589844 0.281250 0.591797 0.279297 0.591797 0.273438 0.593750 0.271484 0.595703 0.271484 0.593750 0.271484 0.589844 0.267578 0.589844 0.265625 0.591797 0.263672 0.591797 0.261719 0.589844 0.259766 0.593750 0.255859 0.595703 0.255859 0.587891 0.255859 0.587891 0.267578 0.585938 0.269531 0.583984 0.269531 0.582031 0.271484 0.576172 0.271484 0.574219 0.269531 0.576172 0.267578 0.576172 0.265625 0.578125 0.263672 0.576172 0.261719 0.576172 0.259766 0.574219 0.257812 0.574219 0.255859 0.572266 0.255859 0.570312 0.253906 0.570312 0.251953 0.572266 0.250000 0.572266 0.246094 0.574219 0.244141
0 0.792969 0.171875 0.792969 0.173828 0.794922 0.173828 0.796875 0.175781 0.796875 0.177734 0.804688 0.177734 0.806641 0.179688 0.810547 0.179688 0.812500 0.181641 0.812500 0.187500 0.810547 0.189453 0.798828 0.189453 0.800781 0.189453 0.802734 0.191406 0.804688 0.191406 0.806641 0.189453 0.808594 0.189453 0.812500 0.193359 0.810547 0.195312 0.812500 0.197266 0.812500 0.199219 0.808594 0.203125 0.810547 0.205078 0.810547 0.207031 0.808594 0.208984 0.808594 0.214844 0.810547 0.216797 0.810547 0.220703 0.812500 0.222656 0.812500 0.224609 0.814453 0.224609 0.818359 0.228516 0.818359 0.230469 0.816406 0.232422 0.814453 0.232422 0.812500 0.230469 0.812500 0.236328 0.810547 0.238281 0.812500 0.236328 0.814453 0.238281 0.816406 0.238281 0.818359 0.236328 0.818359 0.234375 0.820312 0.232422 0.822266 0.232422 0.826172 0.236328 0.824219 0.238281 0.822266 0.238281 0.824219 0.238281 0.826172 0.240234 0.828125 0.240234 0.830078 0.242188 0.830078 0.240234 0.832031 0.238281 0.832031 0.236328 0.833984 0.234375 0.833984 0.228516 0.835938 0.226562 0.832031 0.226562 0.830078 0.224609 0.830078 0.222656 0.828125 0.220703 0.828125 0.218750 0.835938 0.210938 0.835938 0.208984 0.833984 0.207031 0.832031 0.207031 0.830078 0.205078 0.830078 0.203125 0.832031 0.201172 0.830078 0.199219 0.830078 0.203125 0.828125 0.205078 0.826172 0.203125 0.826172 0.191406 0.824219 0.189453 0.824219 0.187500 0.826172 0.185547 0.832031 0.191406 0.830078 0.193359 0.830078 0.195312 0.832031 0.195312 0.832031 0.191406 0.830078 0.189453 0.830078 0.181641 0.826172 0.181641 0.826172 0.183594 0.824219 0.185547 0.824219 0.187500 0.820312 0.191406 0.818359 0.191406 0.818359 0.193359 0.820312 0.193359 0.822266 0.195312 0.822266 0.199219 0.824219 0.201172 0.820312 0.205078 0.818359 0.205078 0.816406 0.207031 0.814453 0.205078 0.814453 0.203125 0.816406 0.201172 0.814453 0.199219 0.814453 0.195312 0.812500 0.193359 0.812500 0.191406 0.810547 0.189453 0.812500 0.187500 0.814453 0.187500 0.816406 0.185547 0.816406 0.181641 0.814453 0.179688 0.816406 0.177734 0.816406 0.175781 0.814453 0.173828 0.814453 0.171875 0.812500 0.171875 0.810547 0.173828 0.808594 0.173828 0.806641 0.171875 0.802734 0.171875 0.800781 0.173828 0.798828 0.171875
0 0.412109 0.121094 0.412109 0.123047 0.414062 0.123047 0.416016 0.125000 0.414062 0.126953 0.412109 0.126953 0.410156 0.128906 0.408203 0.126953 0.404297 0.126953 0.402344 0.125000 0.398438 0.125000 0.396484 0.123047 0.394531 0.123047 0.394531 0.125000 0.390625 0.128906 0.392578 0.126953 0.394531 0.126953 0.398438 0.130859 0.396484 0.132812 0.396484 0.136719 0.394531 0.138672 0.394531 0.140625 0.392578 0.142578 0.388672 0.142578 0.388672 0.144531 0.384766 0.148438 0.382812 0.146484 0.380859 0.146484 0.386719 0.152344 0.386719 0.150391 0.388672 0.148438 0.392578 0.148438 0.392578 0.146484 0.394531 0.144531 0.396484 0.146484 0.398438 0.146484 0.400391 0.148438 0.400391 0.150391 0.398438 0.152344 0.396484 0.152344 0.396484 0.154297 0.394531 0.156250 0.390625 0.156250 0.390625 0.158203 0.392578 0.156250 0.398438 0.156250 0.400391 0.158203 0.400391 0.160156 0.396484 0.164062 0.394531 0.164062 0.396484 0.164062 0.398438 0.162109 0.402344 0.162109 0.404297 0.164062 0.404297 0.166016 0.406250 0.167969 0.406250 0.169922 0.408203 0.171875 0.404297 0.175781 0.402344 0.173828 0.402344 0.171875 0.402344 0.173828 0.400391 0.175781 0.400391 0.177734 0.398438 0.179688 0.400391 0.181641 0.400391 0.183594 0.406250 0.183594 0.408203 0.185547 0.410156 0.185547 0.408203 0.183594 0.410156 0.181641 0.414062 0.181641 0.414062 0.179688 0.416016 0.177734 0.416016 0.169922 0.414062 0.167969 0.414062 0.146484 0.416016 0.144531 0.417969 0.146484 0.417969 0.152344 0.419922 0.154297 0.419922 0.156250 0.417969 0.158203 0.417969 0.160156 0.419922 0.162109 0.419922 0.179688 0.417969 0.181641 0.417969 0.185547 0.416016 0.187500 0.417969 0.187500 0.419922 0.189453 0.437500 0.189453 0.439453 0.187500 0.455078 0.187500 0.457031 0.189453 0.458984 0.189453 0.457031 0.189453 0.455078 0.187500 0.455078 0.185547 0.453125 0.185547 0.451172 0.183594 0.449219 0.183594 0.447266 0.181641 0.445312 0.181641 0.443359 0.179688 0.443359 0.175781 0.441406 0.173828 0.441406 0.169922 0.439453 0.167969 0.439453 0.148438 0.437500 0.146484 0.435547 0.148438 0.433594 0.148438 0.431641 0.146484 0.433594 0.144531 0.433594 0.142578 0.431641 0.142578 0.429688 0.140625 0.429688 0.138672 0.431641 0.136719 0.435547 0.136719 0.435547 0.134766 0.431641 0.134766 0.429688 0.132812 0.427734 0.134766 0.425781 0.134766 0.425781 0.136719 0.423828 0.138672 0.425781 0.140625 0.425781 0.142578 0.421875 0.146484 0.417969 0.146484 0.416016 0.144531 0.416016 0.140625 0.417969 0.138672 0.417969 0.136719 0.419922 0.134766 0.417969 0.132812 0.419922 0.130859 0.421875 0.130859 0.419922 0.130859 0.416016 0.126953 0.416016 0.125000
0 0.611328 0.089844 0.611328 0.093750 0.609375 0.095703 0.607422 0.093750 0.605469 0.093750 0.601562 0.097656 0.601562 0.105469 0.599609 0.107422 0.593750 0.107422 0.591797 0.109375 0.591797 0.111328 0.589844 0.113281 0.587891 0.113281 0.583984 0.117188 0.582031 0.117188 0.580078 0.115234 0.576172 0.115234 0.574219 0.113281 0.574219 0.111328 0.572266 0.111328 0.570312 0.109375 0.570312 0.115234 0.572266 0.117188 0.574219 0.115234 0.578125 0.119141 0.578125 0.121094 0.580078 0.123047 0.582031 0.123047 0.585938 0.126953 0.587891 0.125000 0.589844 0.125000 0.595703 0.130859 0.595703 0.134766 0.595703 0.132812 0.597656 0.130859 0.599609 0.130859 0.605469 0.125000 0.607422 0.125000 0.609375 0.126953 0.609375 0.123047 0.611328 0.121094 0.615234 0.125000 0.615234 0.128906 0.611328 0.132812 0.607422 0.132812 0.607422 0.134766 0.601562 0.140625 0.603516 0.138672 0.605469 0.140625 0.607422 0.140625 0.609375 0.138672 0.611328 0.138672 0.617188 0.132812 0.619141 0.132812 0.623047 0.136719 0.623047 0.138672 0.617188 0.144531 0.615234 0.144531 0.613281 0.146484 0.609375 0.146484 0.611328 0.148438 0.611328 0.150391 0.613281 0.152344 0.611328 0.154297 0.615234 0.154297 0.615234 0.152344 0.623047 0.144531 0.626953 0.148438 0.626953 0.150391 0.628906 0.150391 0.628906 0.148438 0.630859 0.146484 0.630859 0.144531 0.632812 0.142578 0.634766 0.144531 0.634766 0.146484 0.636719 0.146484 0.638672 0.144531 0.638672 0.142578 0.640625 0.140625 0.642578 0.140625 0.642578 0.138672 0.638672 0.138672 0.636719 0.140625 0.630859 0.140625 0.628906 0.138672 0.628906 0.134766 0.630859 0.132812 0.632812 0.134766 0.636719 0.134766 0.636719 0.132812 0.638672 0.130859 0.636719 0.128906 0.636719 0.126953 0.638672 0.125000 0.636719 0.123047 0.636719 0.119141 0.632812 0.115234 0.632812 0.117188 0.636719 0.121094 0.636719 0.123047 0.634766 0.125000 0.634766 0.126953 0.630859 0.130859 0.628906 0.130859 0.626953 0.128906 0.626953 0.126953 0.628906 0.125000 0.630859 0.125000 0.628906 0.123047 0.630859 0.121094 0.623047 0.113281 0.623047 0.111328 0.619141 0.107422 0.621094 0.105469 0.625000 0.105469 0.625000 0.103516 0.621094 0.099609 0.619141 0.101562 0.615234 0.097656 0.615234 0.093750 0.613281 0.093750 0.611328 0.091797
0 0.263672 0.089844 0.263672 0.091797 0.267578 0.095703 0.267578 0.097656 0.265625 0.099609 0.261719 0.095703 0.259766 0.095703 0.257812 0.097656 0.250000 0.097656 0.248047 0.099609 0.246094 0.099609 0.248047 0.101562 0.246094 0.103516 0.244141 0.103516 0.242188 0.101562 0.240234 0.103516 0.240234 0.105469 0.238281 0.107422 0.246094 0.115234 0.246094 0.117188 0.250000 0.121094 0.248047 0.119141 0.248047 0.117188 0.246094 0.115234 0.246094 0.111328 0.250000 0.107422 0.253906 0.111328 0.257812 0.111328 0.259766 0.109375 0.263672 0.109375 0.265625 0.107422 0.267578 0.109375 0.267578 0.113281 0.269531 0.115234 0.271484 0.115234 0.271484 0.113281 0.267578 0.109375 0.269531 0.107422 0.273438 0.107422 0.271484 0.105469 0.271484 0.101562 0.267578 0.097656 0.267578 0.093750 0.265625 0.093750 0.263672 0.091797
0 0.695312 0.080078 0.695312 0.082031 0.693359 0.083984 0.695312 0.085938 0.693359 0.087891 0.695312 0.085938 0.697266 0.085938 0.699219 0.087891 0.699219 0.089844 0.703125 0.085938 0.705078 0.085938 0.707031 0.087891 0.705078 0.089844 0.708984 0.093750 0.710938 0.091797 0.712891 0.091797 0.714844 0.093750 0.710938 0.097656 0.707031 0.097656 0.705078 0.099609 0.703125 0.099609 0.701172 0.097656 0.701172 0.095703 0.701172 0.099609 0.703125 0.101562 0.701172 0.103516 0.701172 0.105469 0.703125 0.105469 0.703125 0.101562 0.707031 0.097656 0.708984 0.099609 0.708984 0.105469 0.708984 0.099609 0.712891 0.095703 0.716797 0.095703 0.718750 0.093750 0.722656 0.097656 0.720703 0.099609 0.718750 0.099609 0.716797 0.101562 0.716797 0.107422 0.712891 0.111328 0.708984 0.111328 0.707031 0.113281 0.705078 0.113281 0.707031 0.113281 0.708984 0.111328 0.710938 0.113281 0.710938 0.117188 0.712891 0.119141 0.714844 0.119141 0.716797 0.121094 0.716797 0.119141 0.712891 0.119141 0.710938 0.117188 0.710938 0.113281 0.712891 0.111328 0.716797 0.111328 0.718750 0.113281 0.720703 0.113281 0.722656 0.115234 0.720703 0.117188 0.720703 0.119141 0.728516 0.119141 0.730469 0.117188 0.726562 0.113281 0.726562 0.107422 0.724609 0.105469 0.724609 0.103516 0.726562 0.101562 0.728516 0.101562 0.728516 0.095703 0.726562 0.093750 0.724609 0.093750 0.722656 0.091797 0.722656 0.087891 0.720703 0.087891 0.718750 0.085938 0.718750 0.083984 0.712891 0.083984 0.710938 0.085938 0.708984 0.085938 0.707031 0.083984 0.703125 0.083984 0.701172 0.085938 0.699219 0.085938 0.697266 0.083984 0.697266 0.082031
0 0.332031 0.000000 0.332031 0.001953 0.335938 0.001953 0.337891 0.003906 0.337891 0.005859 0.335938 0.007812 0.339844 0.007812 0.341797 0.009766 0.343750 0.007812 0.347656 0.011719 0.347656 0.013672 0.343750 0.017578 0.345703 0.017578 0.347656 0.019531 0.347656 0.023438 0.343750 0.027344 0.341797 0.027344 0.343750 0.027344 0.345703 0.029297 0.345703 0.031250 0.343750 0.033203 0.343750 0.035156 0.341797 0.037109 0.339844 0.035156 0.339844 0.033203 0.335938 0.029297 0.337891 0.027344 0.335938 0.027344 0.333984 0.029297 0.333984 0.035156 0.330078 0.039062 0.330078 0.041016 0.328125 0.042969 0.326172 0.042969 0.324219 0.041016 0.324219 0.039062 0.324219 0.042969 0.320312 0.046875 0.318359 0.044922 0.318359 0.046875 0.320312 0.046875 0.322266 0.048828 0.320312 0.050781 0.320312 0.056641 0.318359 0.058594 0.316406 0.058594 0.318359 0.058594 0.320312 0.060547 0.320312 0.064453 0.322266 0.064453 0.320312 0.062500 0.320312 0.060547 0.324219 0.056641 0.326172 0.058594 0.330078 0.058594 0.333984 0.062500 0.333984 0.064453 0.332031 0.066406 0.326172 0.066406 0.326172 0.068359 0.328125 0.070312 0.328125 0.072266 0.330078 0.070312 0.333984 0.070312 0.335938 0.072266 0.332031 0.076172 0.332031 0.078125 0.330078 0.080078 0.328125 0.078125 0.328125 0.076172 0.326172 0.078125 0.328125 0.080078 0.326172 0.082031 0.328125 0.082031 0.330078 0.080078 0.332031 0.080078 0.333984 0.078125 0.335938 0.080078 0.337891 0.080078 0.339844 0.082031 0.341797 0.080078 0.343750 0.082031 0.343750 0.095703 0.345703 0.097656 0.345703 0.099609 0.347656 0.097656 0.349609 0.097656 0.351562 0.099609 0.353516 0.097656 0.355469 0.099609 0.355469 0.097656 0.357422 0.095703 0.359375 0.095703 0.361328 0.097656 0.361328 0.105469 0.361328 0.103516 0.363281 0.101562 0.363281 0.097656 0.361328 0.095703 0.363281 0.093750 0.363281 0.087891 0.365234 0.085938 0.367188 0.085938 0.369141 0.083984 0.371094 0.085938 0.373047 0.085938 0.375000 0.087891 0.376953 0.087891 0.378906 0.089844 0.376953 0.091797 0.373047 0.091797 0.371094 0.093750 0.376953 0.093750 0.378906 0.091797 0.378906 0.087891 0.376953 0.085938 0.378906 0.083984 0.378906 0.078125 0.380859 0.076172 0.373047 0.076172 0.371094 0.074219 0.371094 0.072266 0.373047 0.070312 0.373047 0.068359 0.375000 0.066406 0.376953 0.066406 0.378906 0.068359 0.378906 0.070312 0.384766 0.070312 0.386719 0.068359 0.390625 0.068359 0.388672 0.066406 0.388672 0.060547 0.390625 0.058594 0.394531 0.058594 0.398438 0.062500 0.398438 0.066406 0.400391 0.068359 0.400391 0.076172 0.402344 0.074219 0.404297 0.074219 0.400391 0.070312 0.400391 0.068359 0.404297 0.064453 0.406250 0.064453 0.404297 0.062500 0.406250 0.060547 0.410156 0.060547 0.412109 0.062500 0.412109 0.076172 0.410156 0.078125 0.414062 0.082031 0.414062 0.074219 0.416016 0.072266 0.417969 0.072266 0.419922 0.074219 0.419922 0.076172 0.417969 0.078125 0.419922 0.076172 0.419922 0.074219 0.421875 0.072266 0.423828 0.074219 0.425781 0.074219 0.423828 0.072266 0.423828 0.070312 0.419922 0.070312 0.417969 0.072266 0.416016 0.070312 0.416016 0.068359 0.412109 0.064453 0.412109 0.062500 0.416016 0.058594 0.416016 0.056641 0.419922 0.052734 0.421875 0.052734 0.423828 0.050781 0.423828 0.048828 0.421875 0.048828 0.419922 0.046875 0.423828 0.042969 0.425781 0.042969 0.421875 0.042969 0.419922 0.044922 0.419922 0.046875 0.416016 0.050781 0.414062 0.050781 0.410156 0.046875 0.410156 0.042969 0.412109 0.041016 0.416016 0.044922 0.414062 0.042969 0.414062 0.041016 0.412109 0.041016 0.410156 0.039062 0.414062 0.035156 0.414062 0.033203 0.416016 0.031250 0.414062 0.033203 0.412109 0.031250 0.412109 0.029297 0.414062 0.027344 0.417969 0.027344 0.417969 0.025391 0.419922 0.023438 0.423828 0.023438 0.421875 0.023438 0.419922 0.021484 0.419922 0.015625 0.423828 0.011719 0.435547 0.011719 0.435547 0.007812 0.433594 0.005859 0.435547 0.003906 0.441406 0.003906 0.441406 0.001953 0.437500 0.001953 0.435547 0.000000 0.429688 0.000000 0.431641 0.001953 0.431641 0.003906 0.433594 0.005859 0.433594 0.009766 0.431641 0.011719 0.429688 0.009766 0.427734 0.011719 0.421875 0.011719 0.419922 0.013672 0.417969 0.013672 0.414062 0.009766 0.414062 0.007812 0.416016 0.005859 0.419922 0.005859 0.414062 0.005859 0.412109 0.003906 0.414062 0.001953 0.414062 0.000000 0.406250 0.000000 0.406250 0.007812 0.408203 0.009766 0.406250 0.011719 0.408203 0.013672 0.408203 0.017578 0.406250 0.019531 0.406250 0.023438 0.408203 0.025391 0.408203 0.029297 0.406250 0.031250 0.402344 0.031250 0.400391 0.033203 0.398438 0.033203 0.396484 0.031250 0.396484 0.011719 0.398438 0.009766 0.398438 0.003906 0.400391 0.001953 0.400391 0.000000 0.398438 0.000000 0.396484 0.001953 0.394531 0.000000 0.365234 0.000000 0.365234 0.001953 0.363281 0.003906 0.359375 0.000000 0.355469 0.003906 0.353516 0.001953 0.353516 0.000000 0.351562 0.001953 0.349609 0.000000 0.345703 0.000000 0.345703 0.003906 0.343750 0.005859 0.341797 0.005859 0.337891 0.001953 0.337891 0.000000
1 0.402344 0.003906 0.400391 0.005859 0.400391 0.007812 0.396484 0.011719 0.396484 0.013672 0.394531 0.015625 0.396484 0.017578 0.394531 0.019531 0.394531 0.023438 0.396484 0.025391 0.396484 0.031250 0.400391 0.035156 0.398438 0.037109 0.398438 0.039062 0.400391 0.041016 0.402344 0.039062 0.404297 0.039062 0.406250 0.037109 0.402344 0.033203 0.404297 0.031250 0.404297 0.025391 0.406250 0.023438 0.406250 0.019531 0.408203 0.017578 0.408203 0.013672 0.406250 0.011719 0.408203 0.009766 0.408203 0.007812 0.404297 0.003906
2 0.146484 0.960938 0.146484 0.964844 0.148438 0.964844 0.150391 0.966797 0.150391 0.968750 0.146484 0.972656 0.144531 0.970703 0.144531 0.968750 0.142578 0.966797 0.142578 0.964844 0.142578 0.968750 0.144531 0.970703 0.142578 0.972656 0.140625 0.972656 0.136719 0.968750 0.138672 0.970703 0.136719 0.972656 0.134766 0.972656 0.132812 0.974609 0.130859 0.974609 0.128906 0.976562 0.126953 0.974609 0.128906 0.976562 0.128906 0.980469 0.130859 0.982422 0.128906 0.984375 0.126953 0.984375 0.125000 0.982422 0.125000 0.978516 0.123047 0.980469 0.121094 0.978516 0.119141 0.980469 0.119141 0.982422 0.117188 0.984375 0.115234 0.982422 0.113281 0.982422 0.113281 0.986328 0.117188 0.986328 0.119141 0.988281 0.117188 0.990234 0.117188 0.992188 0.121094 0.988281 0.125000 0.988281 0.126953 0.986328 0.130859 0.990234 0.128906 0.992188 0.126953 0.992188 0.128906 0.992188 0.130859 0.990234 0.132812 0.990234 0.134766 0.988281 0.136719 0.990234 0.136719 0.994141 0.138672 0.994141 0.136719 0.992188 0.136719 0.988281 0.138672 0.986328 0.140625 0.986328 0.142578 0.988281 0.140625 0.990234 0.142578 0.992188 0.146484 0.992188 0.146484 0.990234 0.152344 0.984375 0.150391 0.984375 0.148438 0.982422 0.152344 0.978516 0.158203 0.984375 0.158203 0.980469 0.156250 0.980469 0.154297 0.978516 0.156250 0.976562 0.158203 0.976562 0.160156 0.974609 0.162109 0.974609 0.160156 0.974609 0.158203 0.972656 0.160156 0.974609 0.158203 0.976562 0.156250 0.976562 0.154297 0.974609 0.148438 0.974609 0.146484 0.972656 0.152344 0.966797 0.154297 0.966797 0.156250 0.964844 0.154297 0.964844 0.152344 0.962891 0.152344 0.960938
2 0.193359 0.958984 0.191406 0.960938 0.187500 0.960938 0.187500 0.962891 0.185547 0.964844 0.189453 0.968750 0.185547 0.972656 0.183594 0.972656 0.181641 0.974609 0.177734 0.970703 0.173828 0.974609 0.175781 0.974609 0.177734 0.972656 0.179688 0.972656 0.181641 0.974609 0.179688 0.976562 0.181641 0.978516 0.183594 0.976562 0.185547 0.978516 0.185547 0.980469 0.179688 0.986328 0.177734 0.984375 0.177734 0.982422 0.171875 0.982422 0.171875 0.986328 0.169922 0.988281 0.167969 0.988281 0.164062 0.984375 0.164062 0.986328 0.162109 0.988281 0.158203 0.988281 0.158203 0.990234 0.160156 0.992188 0.158203 0.994141 0.160156 0.992188 0.162109 0.992188 0.162109 0.990234 0.166016 0.986328 0.167969 0.988281 0.167969 0.990234 0.166016 0.992188 0.166016 0.994141 0.164062 0.996094 0.164062 0.998047 0.164062 0.996094 0.166016 0.994141 0.167969 0.996094 0.167969 0.998047 0.173828 0.998047 0.175781 0.996094 0.173828 0.994141 0.175781 0.992188 0.177734 0.992188 0.175781 0.990234 0.177734 0.988281 0.179688 0.988281 0.181641 0.986328 0.183594 0.988281 0.183594 0.984375 0.185547 0.982422 0.185547 0.980469 0.187500 0.978516 0.189453 0.978516 0.191406 0.980469 0.193359 0.980469 0.195312 0.982422 0.193359 0.984375 0.195312 0.982422 0.197266 0.984375 0.197266 0.986328 0.199219 0.988281 0.199219 0.990234 0.197266 0.992188 0.193359 0.988281 0.191406 0.988281 0.189453 0.990234 0.187500 0.990234 0.185547 0.992188 0.185547 0.994141 0.183594 0.996094 0.181641 0.996094 0.179688 0.998047 0.181641 0.996094 0.183594 0.996094 0.185547 0.994141 0.185547 0.992188 0.187500 0.990234 0.191406 0.990234 0.193359 0.988281 0.197266 0.992188 0.191406 0.998047 0.199219 0.998047 0.199219 0.996094 0.197266 0.998047 0.195312 0.996094 0.195312 0.994141 0.197266 0.992188 0.199219 0.992188 0.201172 0.990234 0.201172 0.986328 0.203125 0.984375 0.205078 0.986328 0.205078 0.990234 0.207031 0.988281 0.207031 0.984375 0.208984 0.982422 0.214844 0.982422 0.216797 0.984375 0.216797 0.986328 0.214844 0.988281 0.212891 0.988281 0.210938 0.986328 0.210938 0.992188 0.208984 0.994141 0.205078 0.994141 0.208984 0.998047 0.210938 0.998047 0.210938 0.996094 0.208984 0.994141 0.210938 0.992188 0.214844 0.992188 0.218750 0.996094 0.216797 0.998047 0.218750 0.996094 0.220703 0.998047 0.222656 0.998047 0.226562 0.994141 0.224609 0.992188 0.228516 0.988281 0.226562 0.990234 0.224609 0.990234 0.222656 0.988281 0.222656 0.986328 0.218750 0.986328 0.214844 0.982422 0.214844 0.978516 0.210938 0.978516 0.207031 0.974609 0.207031 0.976562 0.208984 0.978516 0.205078 0.982422 0.203125 0.982422 0.201172 0.984375 0.201172 0.986328 0.199219 0.988281 0.197266 0.986328 0.197266 0.980469 0.199219 0.978516 0.201172 0.978516 0.201172 0.976562 0.199219 0.976562 0.197266 0.974609 0.201172 0.970703 0.203125 0.972656 0.203125 0.970703 0.205078 0.968750 0.207031 0.968750 0.208984 0.970703 0.210938 0.968750 0.212891 0.968750 0.214844 0.966797 0.214844 0.964844 0.214844 0.966797 0.212891 0.968750 0.210938 0.968750 0.208984 0.966797 0.207031 0.966797 0.203125 0.970703 0.201172 0.968750 0.201172 0.966797 0.199219 0.966797 0.197266 0.964844 0.197266 0.960938 0.195312 0.958984
2 0.054688 0.937500 0.056641 0.939453 0.058594 0.939453 0.060547 0.941406 0.056641 0.945312 0.056641 0.947266 0.058594 0.949219 0.056641 0.951172 0.058594 0.949219 0.062500 0.953125 0.060547 0.955078 0.058594 0.955078 0.056641 0.957031 0.056641 0.958984 0.062500 0.953125 0.064453 0.955078 0.064453 0.957031 0.068359 0.960938 0.068359 0.962891 0.066406 0.964844 0.064453 0.964844 0.062500 0.962891 0.062500 0.960938 0.062500 0.962891 0.064453 0.964844 0.064453 0.968750 0.066406 0.970703 0.066406 0.972656 0.066406 0.968750 0.070312 0.964844 0.072266 0.964844 0.074219 0.962891 0.074219 0.957031 0.076172 0.955078 0.078125 0.957031 0.076172 0.955078 0.078125 0.953125 0.082031 0.953125 0.083984 0.955078 0.082031 0.957031 0.083984 0.958984 0.085938 0.958984 0.087891 0.960938 0.087891 0.964844 0.085938 0.966797 0.085938 0.968750 0.089844 0.968750 0.091797 0.966797 0.095703 0.970703 0.091797 0.974609 0.085938 0.974609 0.083984 0.976562 0.085938 0.976562 0.087891 0.974609 0.089844 0.974609 0.091797 0.976562 0.091797 0.978516 0.093750 0.978516 0.091797 0.976562 0.093750 0.974609 0.093750 0.972656 0.095703 0.970703 0.097656 0.970703 0.099609 0.972656 0.097656 0.970703 0.097656 0.966797 0.099609 0.964844 0.099609 0.960938 0.101562 0.958984 0.103516 0.960938 0.103516 0.962891 0.105469 0.964844 0.107422 0.964844 0.109375 0.966797 0.107422 0.968750 0.107422 0.970703 0.107422 0.968750 0.109375 0.966797 0.107422 0.964844 0.105469 0.964844 0.103516 0.962891 0.103516 0.957031 0.105469 0.955078 0.107422 0.955078 0.109375 0.957031 0.107422 0.955078 0.107422 0.953125 0.099609 0.960938 0.097656 0.960938 0.097656 0.966797 0.095703 0.968750 0.093750 0.966797 0.093750 0.964844 0.091797 0.966797 0.089844 0.964844 0.089844 0.960938 0.087891 0.960938 0.085938 0.958984 0.087891 0.957031 0.091797 0.957031 0.093750 0.958984 0.095703 0.957031 0.093750 0.955078 0.093750 0.953125 0.089844 0.949219 0.091797 0.947266 0.093750 0.947266 0.097656 0.943359 0.099609 0.945312 0.099609 0.943359 0.101562 0.941406 0.103516 0.941406 0.105469 0.943359 0.103516 0.945312 0.105469 0.947266 0.105469 0.949219 0.111328 0.949219 0.113281 0.951172 0.111328 0.953125 0.113281 0.955078 0.115234 0.953125 0.119141 0.957031 0.119141 0.958984 0.121094 0.958984 0.119141 0.957031 0.121094 0.955078 0.121094 0.951172 0.119141 0.953125 0.117188 0.951172 0.117188 0.949219 0.115234 0.947266 0.117188 0.945312 0.119141 0.945312 0.117188 0.945312 0.115234 0.943359 0.115234 0.941406 0.115234 0.943359 0.117188 0.945312 0.115234 0.947266 0.113281 0.947266 0.111328 0.945312 0.109375 0.947266 0.107422 0.947266 0.105469 0.945312 0.105469 0.943359 0.107422 0.941406 0.105469 0.943359 0.103516 0.941406 0.101562 0.941406 0.099609 0.943359 0.095703 0.943359 0.095703 0.945312 0.093750 0.947266 0.091797 0.945312 0.091797 0.943359 0.089844 0.945312 0.087891 0.945312 0.085938 0.947266 0.083984 0.945312 0.083984 0.943359 0.085938 0.941406 0.083984 0.941406 0.082031 0.943359 0.080078 0.943359 0.078125 0.941406 0.078125 0.939453 0.076172 0.939453 0.076172 0.943359 0.074219 0.945312 0.072266 0.943359 0.072266 0.939453 0.070312 0.939453 0.068359 0.941406 0.060547 0.941406 0.058594 0.939453 0.060547 0.937500 0.064453 0.937500 0.060547 0.937500 0.058594 0.939453 0.056641 0.937500
2 0.404297 0.919922 0.406250 0.921875 0.404297 0.923828 0.400391 0.923828 0.400391 0.925781 0.398438 0.927734 0.396484 0.927734 0.394531 0.929688 0.394531 0.931641 0.392578 0.933594 0.392578 0.935547 0.394531 0.937500 0.392578 0.939453 0.386719 0.939453 0.384766 0.937500 0.386719 0.935547 0.384766 0.933594 0.384766 0.935547 0.380859 0.939453 0.378906 0.939453 0.376953 0.941406 0.373047 0.941406 0.371094 0.939453 0.369141 0.939453 0.367188 0.941406 0.363281 0.937500 0.363281 0.933594 0.363281 0.937500 0.361328 0.939453 0.359375 0.937500 0.359375 0.939453 0.361328 0.939453 0.365234 0.943359 0.363281 0.945312 0.359375 0.945312 0.363281 0.949219 0.361328 0.951172 0.359375 0.951172 0.357422 0.953125 0.357422 0.955078 0.359375 0.953125 0.361328 0.955078 0.361328 0.958984 0.359375 0.960938 0.351562 0.960938 0.351562 0.962891 0.347656 0.966797 0.345703 0.966797 0.345703 0.970703 0.343750 0.972656 0.345703 0.970703 0.345703 0.968750 0.347656 0.966797 0.353516 0.966797 0.355469 0.968750 0.351562 0.972656 0.353516 0.974609 0.351562 0.976562 0.353516 0.974609 0.351562 0.972656 0.355469 0.968750 0.357422 0.968750 0.359375 0.966797 0.361328 0.968750 0.361328 0.970703 0.365234 0.970703 0.363281 0.970703 0.361328 0.968750 0.365234 0.964844 0.367188 0.964844 0.369141 0.962891 0.373047 0.962891 0.373047 0.957031 0.375000 0.955078 0.378906 0.955078 0.380859 0.957031 0.384766 0.957031 0.386719 0.955078 0.388672 0.957031 0.390625 0.955078 0.394531 0.955078 0.394531 0.953125 0.398438 0.949219 0.400391 0.949219 0.404297 0.953125 0.406250 0.953125 0.404297 0.953125 0.402344 0.951172 0.404297 0.949219 0.406250 0.949219 0.406250 0.947266 0.408203 0.945312 0.414062 0.945312 0.417969 0.941406 0.416016 0.939453 0.416016 0.937500 0.417969 0.935547 0.419922 0.937500 0.423828 0.937500 0.423828 0.935547 0.421875 0.933594 0.423828 0.931641 0.421875 0.929688 0.423828 0.927734 0.423828 0.921875 0.421875 0.921875 0.423828 0.923828 0.421875 0.925781 0.419922 0.925781 0.419922 0.931641 0.417969 0.933594 0.416016 0.931641 0.416016 0.933594 0.412109 0.937500 0.414062 0.935547 0.416016 0.937500 0.416016 0.939453 0.417969 0.941406 0.416016 0.943359 0.412109 0.943359 0.410156 0.945312 0.408203 0.943359 0.408203 0.941406 0.404297 0.941406 0.402344 0.939453 0.404297 0.937500 0.404297 0.935547 0.406250 0.933594 0.406250 0.929688 0.404297 0.929688 0.402344 0.927734 0.402344 0.925781 0.406250 0.921875 0.412109 0.927734 0.414062 0.927734 0.414062 0.925781 0.412109 0.927734
2 0.033203 0.886719 0.031250 0.888672 0.031250 0.892578 0.029297 0.894531 0.031250 0.896484 0.027344 0.900391 0.017578 0.900391 0.017578 0.902344 0.015625 0.904297 0.013672 0.904297 0.015625 0.906250 0.017578 0.904297 0.021484 0.904297 0.025391 0.908203 0.025391 0.910156 0.027344 0.912109 0.025391 0.914062 0.025391 0.916016 0.027344 0.917969 0.031250 0.917969 0.033203 0.919922 0.033203 0.923828 0.033203 0.919922 0.035156 0.917969 0.041016 0.917969 0.044922 0.921875 0.044922 0.925781 0.046875 0.923828 0.046875 0.917969 0.042969 0.917969 0.041016 0.916016 0.042969 0.914062 0.041016 0.912109 0.042969 0.910156 0.044922 0.910156 0.042969 0.908203 0.044922 0.906250 0.044922 0.904297 0.041016 0.904297 0.039062 0.902344 0.039062 0.900391 0.041016 0.898438 0.039062 0.900391 0.037109 0.898438 0.037109 0.896484 0.039062 0.894531 0.033203 0.900391 0.031250 0.898438 0.031250 0.896484 0.033203 0.894531
2 0.988281 0.876953 0.988281 0.878906 0.986328 0.880859 0.986328 0.884766 0.988281 0.886719 0.988281 0.888672 0.990234 0.890625 0.990234 0.892578 0.992188 0.894531 0.990234 0.896484 0.990234 0.898438 0.988281 0.900391 0.986328 0.898438 0.986328 0.894531 0.984375 0.894531 0.982422 0.896484 0.984375 0.898438 0.984375 0.900391 0.986328 0.902344 0.984375 0.904297 0.982422 0.904297 0.982422 0.908203 0.980469 0.910156 0.978516 0.910156 0.976562 0.908203 0.972656 0.912109 0.974609 0.914062 0.976562 0.912109 0.978516 0.912109 0.982422 0.908203 0.984375 0.910156 0.984375 0.919922 0.980469 0.923828 0.976562 0.923828 0.972656 0.919922 0.970703 0.919922 0.970703 0.921875 0.968750 0.923828 0.966797 0.921875 0.966797 0.923828 0.968750 0.925781 0.962891 0.931641 0.960938 0.929688 0.958984 0.929688 0.957031 0.931641 0.955078 0.931641 0.953125 0.929688 0.955078 0.931641 0.955078 0.935547 0.957031 0.937500 0.955078 0.939453 0.953125 0.939453 0.951172 0.941406 0.949219 0.941406 0.951172 0.941406 0.953125 0.939453 0.955078 0.941406 0.955078 0.943359 0.951172 0.947266 0.953125 0.949219 0.951172 0.951172 0.949219 0.951172 0.947266 0.949219 0.945312 0.949219 0.943359 0.947266 0.945312 0.945312 0.947266 0.945312 0.943359 0.945312 0.941406 0.947266 0.941406 0.951172 0.939453 0.953125 0.937500 0.951172 0.937500 0.955078 0.939453 0.957031 0.937500 0.958984 0.935547 0.958984 0.937500 0.960938 0.937500 0.966797 0.937500 0.964844 0.939453 0.962891 0.943359 0.966797 0.939453 0.970703 0.937500 0.970703 0.943359 0.970703 0.945312 0.972656 0.947266 0.972656 0.949219 0.974609 0.951172 0.974609 0.949219 0.974609 0.947266 0.972656 0.945312 0.972656 0.943359 0.970703 0.943359 0.966797 0.945312 0.964844 0.947266 0.964844 0.947266 0.958984 0.949219 0.957031 0.951172 0.957031 0.949219 0.955078 0.945312 0.955078 0.943359 0.953125 0.945312 0.951172 0.953125 0.951172 0.953125 0.949219 0.955078 0.947266 0.957031 0.947266 0.958984 0.949219 0.960938 0.949219 0.962891 0.951172 0.962891 0.953125 0.960938 0.955078 0.958984 0.953125 0.957031 0.953125 0.955078 0.955078 0.955078 0.957031 0.957031 0.958984 0.958984 0.958984 0.960938 0.960938 0.960938 0.962891 0.960938 0.955078 0.962891 0.953125 0.964844 0.953125 0.964844 0.951172 0.966797 0.949219 0.968750 0.951172 0.968750 0.955078 0.966797 0.957031 0.966797 0.958984 0.968750 0.958984 0.970703 0.960938 0.970703 0.964844 0.972656 0.962891 0.972656 0.960938 0.970703 0.958984 0.972656 0.957031 0.974609 0.957031 0.976562 0.958984 0.976562 0.962891 0.976562 0.955078 0.978516 0.953125 0.980469 0.953125 0.976562 0.949219 0.978516 0.947266 0.980469 0.947266 0.982422 0.949219 0.984375 0.947266 0.986328 0.949219 0.982422 0.945312 0.982422 0.941406 0.984375 0.939453 0.986328 0.941406 0.986328 0.943359 0.988281 0.945312 0.990234 0.943359 0.992188 0.943359 0.988281 0.943359 0.986328 0.941406 0.988281 0.939453 0.992188 0.939453 0.994141 0.937500 0.996094 0.937500 0.994141 0.937500 0.992188 0.939453 0.990234 0.937500 0.986328 0.937500 0.984375 0.935547 0.986328 0.933594 0.986328 0.929688 0.988281 0.927734 0.992188 0.931641 0.990234 0.933594 0.992188 0.931641 0.988281 0.927734 0.986328 0.929688 0.982422 0.929688 0.982422 0.931641 0.984375 0.931641 0.986328 0.933594 0.984375 0.935547 0.984375 0.937500 0.982422 0.939453 0.980469 0.939453 0.974609 0.945312 0.970703 0.945312 0.968750 0.943359 0.970703 0.941406 0.968750 0.939453 0.966797 0.941406 0.960938 0.935547 0.962891 0.933594 0.962891 0.931641 0.964844 0.929688 0.966797 0.931641 0.966797 0.929688 0.970703 0.925781 0.972656 0.925781 0.972656 0.923828 0.974609 0.921875 0.978516 0.925781 0.982422 0.921875 0.990234 0.921875 0.988281 0.921875 0.986328 0.919922 0.990234 0.916016 0.988281 0.914062 0.988281 0.912109 0.986328 0.910156 0.986328 0.908203 0.984375 0.906250 0.984375 0.904297 0.986328 0.902344 0.988281 0.904297 0.990234 0.904297 0.992188 0.906250 0.992188 0.910156 0.994141 0.912109 0.996094 0.910156 0.998047 0.910156 0.998047 0.908203 0.996094 0.906250 0.998047 0.904297 0.994141 0.904297 0.992188 0.902344 0.992188 0.900391 0.994141 0.898438 0.998047 0.898438 0.998047 0.890625 0.996094 0.888672 0.996094 0.886719 0.992188 0.890625 0.990234 0.890625 0.988281 0.888672 0.988281 0.882812 0.990234 0.880859 0.988281 0.878906
2 0.285156 0.875000 0.283203 0.876953 0.285156 0.878906 0.283203 0.880859 0.279297 0.880859 0.277344 0.882812 0.275391 0.880859 0.277344 0.882812 0.277344 0.884766 0.275391 0.886719 0.273438 0.884766 0.269531 0.884766 0.267578 0.886719 0.267578 0.888672 0.269531 0.890625 0.269531 0.892578 0.269531 0.888672 0.267578 0.886719 0.269531 0.884766 0.273438 0.884766 0.277344 0.888672 0.275391 0.890625 0.275391 0.892578 0.275391 0.890625 0.277344 0.888672 0.279297 0.890625 0.279297 0.894531 0.277344 0.896484 0.277344 0.898438 0.275391 0.900391 0.273438 0.898438 0.273438 0.902344 0.271484 0.904297 0.269531 0.902344 0.269531 0.900391 0.267578 0.900391 0.265625 0.898438 0.265625 0.896484 0.265625 0.898438 0.263672 0.900391 0.261719 0.900391 0.259766 0.902344 0.257812 0.902344 0.257812 0.908203 0.255859 0.910156 0.253906 0.910156 0.251953 0.908203 0.251953 0.910156 0.253906 0.912109 0.251953 0.914062 0.251953 0.919922 0.250000 0.921875 0.248047 0.919922 0.248047 0.917969 0.246094 0.916016 0.246094 0.912109 0.244141 0.910156 0.244141 0.908203 0.244141 0.912109 0.242188 0.914062 0.240234 0.912109 0.236328 0.912109 0.234375 0.914062 0.230469 0.914062 0.232422 0.916016 0.232422 0.917969 0.230469 0.919922 0.228516 0.917969 0.226562 0.919922 0.226562 0.921875 0.224609 0.923828 0.222656 0.921875 0.222656 0.923828 0.226562 0.923828 0.228516 0.921875 0.230469 0.923828 0.230469 0.921875 0.232422 0.919922 0.234375 0.919922 0.234375 0.917969 0.236328 0.916016 0.242188 0.916016 0.244141 0.914062 0.246094 0.916016 0.246094 0.917969 0.244141 0.919922 0.240234 0.919922 0.240234 0.921875 0.242188 0.923828 0.238281 0.927734 0.232422 0.927734 0.234375 0.927734 0.236328 0.929688 0.238281 0.929688 0.240234 0.931641 0.236328 0.935547 0.234375 0.933594 0.232422 0.933594 0.230469 0.935547 0.228516 0.933594 0.230469 0.935547 0.228516 0.937500 0.230469 0.935547 0.234375 0.935547 0.236328 0.937500 0.234375 0.939453 0.232422 0.939453 0.230469 0.941406 0.226562 0.941406 0.222656 0.937500 0.222656 0.933594 0.226562 0.929688 0.222656 0.929688 0.220703 0.931641 0.218750 0.931641 0.216797 0.929688 0.216797 0.931641 0.220703 0.931641 0.222656 0.933594 0.220703 0.935547 0.222656 0.937500 0.222656 0.939453 0.220703 0.941406 0.218750 0.941406 0.216797 0.943359 0.214844 0.943359 0.212891 0.945312 0.208984 0.941406 0.208984 0.939453 0.207031 0.937500 0.207031 0.935547 0.210938 0.931641 0.210938 0.929688 0.208984 0.929688 0.207031 0.927734 0.207031 0.925781 0.208984 0.923828 0.210938 0.925781 0.210938 0.923828 0.214844 0.919922 0.216797 0.921875 0.216797 0.923828 0.218750 0.923828 0.218750 0.919922 0.220703 0.917969 0.222656 0.917969 0.222656 0.914062 0.220703 0.912109 0.222656 0.910156 0.224609 0.910156 0.226562 0.912109 0.226562 0.910156 0.228516 0.908203 0.230469 0.910156 0.230469 0.908203 0.232422 0.906250 0.234375 0.906250 0.236328 0.908203 0.238281 0.906250 0.236328 0.904297 0.238281 0.902344 0.236328 0.900391 0.236328 0.902344 0.234375 0.904297 0.232422 0.904297 0.230469 0.902344 0.220703 0.902344 0.218750 0.904297 0.214844 0.904297 0.212891 0.902344 0.212891 0.898438 0.214844 0.896484 0.212891 0.896484 0.210938 0.898438 0.208984 0.896484 0.208984 0.900391 0.207031 0.902344 0.203125 0.898438 0.203125 0.900391 0.201172 0.902344 0.199219 0.902344 0.197266 0.900391 0.199219 0.898438 0.197266 0.900391 0.189453 0.900391 0.197266 0.900391 0.199219 0.902344 0.199219 0.908203 0.201172 0.906250 0.205078 0.906250 0.207031 0.908203 0.205078 0.910156 0.207031 0.908203 0.208984 0.910156 0.210938 0.910156 0.212891 0.908203 0.214844 0.910156 0.216797 0.910156 0.218750 0.912109 0.218750 0.914062 0.220703 0.914062 0.222656 0.916016 0.218750 0.919922 0.214844 0.919922 0.212891 0.917969 0.210938 0.917969 0.208984 0.919922 0.207031 0.919922 0.205078 0.917969 0.207031 0.919922 0.205078 0.921875 0.203125 0.921875 0.201172 0.919922 0.199219 0.921875 0.195312 0.917969 0.195312 0.916016 0.193359 0.917969 0.189453 0.917969 0.187500 0.916016 0.187500 0.917969 0.185547 0.919922 0.187500 0.917969 0.189453 0.917969 0.193359 0.921875 0.189453 0.925781 0.187500 0.923828 0.187500 0.927734 0.185547 0.929688 0.185547 0.931641 0.185547 0.929688 0.189453 0.925781 0.191406 0.927734 0.191406 0.929688 0.189453 0.931641 0.191406 0.929688 0.193359 0.931641 0.193359 0.935547 0.191406 0.937500 0.191406 0.939453 0.193359 0.937500 0.195312 0.937500 0.197266 0.935547 0.199219 0.935547 0.199219 0.931641 0.201172 0.929688 0.203125 0.931641 0.203125 0.935547 0.203125 0.933594 0.205078 0.931641 0.207031 0.933594 0.207031 0.937500 0.199219 0.945312 0.197266 0.945312 0.195312 0.943359 0.197266 0.941406 0.195312 0.941406 0.193359 0.943359 0.195312 0.943359 0.197266 0.945312 0.199219 0.945312 0.201172 0.943359 0.203125 0.945312 0.203125 0.947266 0.203125 0.945312 0.201172 0.943359 0.203125 0.941406 0.205078 0.941406 0.208984 0.945312 0.208984 0.949219 0.208984 0.945312 0.210938 0.943359 0.212891 0.945312 0.214844 0.945312 0.216797 0.947266 0.220703 0.947266 0.222656 0.949219 0.222656 0.951172 0.224609 0.953125 0.222656 0.955078 0.226562 0.955078 0.228516 0.957031 0.226562 0.958984 0.226562 0.962891 0.226562 0.958984 0.228516 0.957031 0.230469 0.957031 0.232422 0.958984 0.232422 0.966797 0.234375 0.966797 0.236328 0.968750 0.234375 0.970703 0.232422 0.970703 0.234375 0.970703 0.236328 0.972656 0.236328 0.974609 0.234375 0.976562 0.230469 0.976562 0.228516 0.974609 0.226562 0.974609 0.226562 0.978516 0.226562 0.976562 0.228516 0.974609 0.230469 0.976562 0.236328 0.976562 0.238281 0.978516 0.234375 0.982422 0.232422 0.982422 0.230469 0.980469 0.230469 0.982422 0.228516 0.984375 0.226562 0.984375 0.234375 0.984375 0.234375 0.982422 0.238281 0.978516 0.240234 0.978516 0.242188 0.980469 0.240234 0.982422 0.242188 0.980469 0.244141 0.980469 0.246094 0.982422 0.240234 0.976562 0.240234 0.974609 0.242188 0.972656 0.242188 0.968750 0.244141 0.966797 0.240234 0.966797 0.242188 0.968750 0.240234 0.970703 0.238281 0.970703 0.236328 0.968750 0.236328 0.966797 0.234375 0.964844 0.234375 0.960938 0.238281 0.957031 0.236328 0.955078 0.236328 0.953125 0.238281 0.951172 0.240234 0.951172 0.240234 0.949219 0.238281 0.947266 0.236328 0.949219 0.234375 0.947266 0.234375 0.945312 0.232422 0.945312 0.232422 0.947266 0.234375 0.947266 0.236328 0.949219 0.234375 0.951172 0.232422 0.951172 0.234375 0.951172 0.236328 0.953125 0.236328 0.955078 0.238281 0.957031 0.236328 0.958984 0.232422 0.958984 0.226562 0.953125 0.228516 0.951172 0.226562 0.953125 0.222656 0.949219 0.230469 0.941406 0.234375 0.941406 0.236328 0.939453 0.238281 0.941406 0.238281 0.943359 0.240234 0.943359 0.244141 0.947266 0.242188 0.945312 0.242188 0.941406 0.244141 0.939453 0.246094 0.939453 0.248047 0.941406 0.248047 0.945312 0.251953 0.945312 0.253906 0.947266 0.253906 0.951172 0.250000 0.955078 0.242188 0.955078 0.244141 0.957031 0.242188 0.958984 0.244141 0.958984 0.244141 0.957031 0.246094 0.955078 0.248047 0.955078 0.250000 0.957031 0.250000 0.962891 0.250000 0.955078 0.251953 0.953125 0.253906 0.953125 0.255859 0.955078 0.255859 0.958984 0.253906 0.960938 0.253906 0.962891 0.255859 0.964844 0.255859 0.966797 0.255859 0.964844 0.253906 0.962891 0.253906 0.960938 0.255859 0.958984 0.257812 0.958984 0.259766 0.960938 0.259766 0.964844 0.261719 0.966797 0.263672 0.964844 0.263672 0.960938 0.265625 0.958984 0.267578 0.958984 0.267578 0.957031 0.269531 0.955078 0.273438 0.958984 0.271484 0.960938 0.271484 0.964844 0.273438 0.964844 0.275391 0.966797 0.271484 0.970703 0.267578 0.966797 0.267578 0.964844 0.267578 0.966797 0.265625 0.968750 0.267578 0.970703 0.271484 0.970703 0.275391 0.966797 0.275391 0.964844 0.277344 0.962891 0.279297 0.962891 0.281250 0.964844 0.283203 0.964844 0.281250 0.964844 0.279297 0.962891 0.279297 0.958984 0.277344 0.960938 0.277344 0.962891 0.275391 0.964844 0.273438 0.964844 0.271484 0.962891 0.271484 0.960938 0.273438 0.958984 0.273438 0.957031 0.275391 0.955078 0.279297 0.955078 0.279297 0.951172 0.279297 0.953125 0.277344 0.955078 0.275391 0.953125 0.275391 0.951172 0.273438 0.949219 0.275391 0.947266 0.285156 0.947266 0.287109 0.949219 0.291016 0.949219 0.291016 0.947266 0.289062 0.945312 0.287109 0.947266 0.285156 0.947266 0.283203 0.945312 0.283203 0.941406 0.281250 0.943359 0.279297 0.941406 0.279297 0.937500 0.281250 0.935547 0.283203 0.937500 0.283203 0.931641 0.285156 0.929688 0.287109 0.931641 0.287109 0.937500 0.289062 0.935547 0.287109 0.933594 0.287109 0.931641 0.285156 0.929688 0.283203 0.929688 0.281250 0.931641 0.275391 0.931641 0.273438 0.929688 0.273438 0.927734 0.271484 0.929688 0.269531 0.929688 0.267578 0.927734 0.271484 0.923828 0.273438 0.923828 0.275391 0.921875 0.277344 0.923828 0.277344 0.925781 0.279297 0.927734 0.279297 0.925781 0.275391 0.921875 0.273438 0.921875 0.271484 0.919922 0.271484 0.917969 0.273438 0.916016 0.275391 0.917969 0.277344 0.917969 0.281250 0.921875 0.285156 0.921875 0.287109 0.923828 0.287109 0.925781 0.289062 0.923828 0.291016 0.925781 0.289062 0.923828 0.292969 0.919922 0.294922 0.919922 0.291016 0.919922 0.289062 0.917969 0.289062 0.908203 0.291016 0.906250 0.291016 0.900391 0.292969 0.898438 0.294922 0.898438 0.296875 0.896484 0.298828 0.898438 0.298828 0.900391 0.302734 0.904297 0.302734 0.906250 0.300781 0.908203 0.298828 0.908203 0.296875 0.906250 0.292969 0.910156 0.292969 0.912109 0.294922 0.914062 0.294922 0.916016 0.298828 0.912109 0.300781 0.914062 0.300781 0.919922 0.296875 0.923828 0.298828 0.925781 0.294922 0.929688 0.291016 0.929688 0.294922 0.929688 0.298828 0.933594 0.296875 0.935547 0.296875 0.937500 0.294922 0.939453 0.291016 0.939453 0.289062 0.941406 0.287109 0.941406 0.289062 0.941406 0.291016 0.939453 0.292969 0.941406 0.294922 0.939453 0.296875 0.939453 0.296875 0.937500 0.298828 0.935547 0.298828 0.933594 0.296875 0.931641 0.298828 0.929688 0.298828 0.925781 0.296875 0.923828 0.302734 0.917969 0.304688 0.917969 0.308594 0.921875 0.304688 0.925781 0.302734 0.925781 0.304688 0.925781 0.310547 0.919922 0.312500 0.921875 0.314453 0.921875 0.316406 0.923828 0.314453 0.921875 0.314453 0.919922 0.318359 0.916016 0.318359 0.914062 0.314453 0.917969 0.310547 0.914062 0.310547 0.910156 0.308594 0.910156 0.306641 0.908203 0.308594 0.906250 0.308594 0.904297 0.310547 0.902344 0.310547 0.900391 0.308594 0.898438 0.308594 0.896484 0.310547 0.894531 0.306641 0.898438 0.304688 0.896484 0.304688 0.890625 0.306641 0.888672 0.304688 0.890625 0.302734 0.890625 0.302734 0.896484 0.300781 0.898438 0.298828 0.898438 0.296875 0.896484 0.294922 0.898438 0.291016 0.898438 0.289062 0.900391 0.287109 0.900391 0.285156 0.902344 0.285156 0.904297 0.283203 0.906250 0.281250 0.904297 0.281250 0.902344 0.277344 0.898438 0.279297 0.896484 0.287109 0.896484 0.285156 0.896484 0.283203 0.894531 0.283203 0.890625 0.283203 0.892578 0.281250 0.894531 0.279297 0.892578 0.279297 0.890625 0.277344 0.888672 0.279297 0.886719 0.277344 0.884766 0.281250 0.880859 0.283203 0.882812 0.285156 0.880859
2 0.056641 0.833984 0.058594 0.835938 0.058594 0.837891 0.060547 0.839844 0.062500 0.837891 0.064453 0.839844 0.064453 0.847656 0.068359 0.851562 0.066406 0.853516 0.068359 0.855469 0.064453 0.859375 0.068359 0.863281 0.066406 0.865234 0.064453 0.865234 0.066406 0.865234 0.068359 0.867188 0.068359 0.869141 0.066406 0.871094 0.064453 0.869141 0.062500 0.871094 0.060547 0.869141 0.058594 0.869141 0.056641 0.867188 0.056641 0.865234 0.054688 0.865234 0.052734 0.867188 0.056641 0.867188 0.060547 0.871094 0.058594 0.873047 0.054688 0.873047 0.052734 0.875000 0.050781 0.873047 0.052734 0.875000 0.054688 0.873047 0.056641 0.875000 0.056641 0.876953 0.054688 0.878906 0.052734 0.878906 0.050781 0.880859 0.050781 0.882812 0.048828 0.884766 0.046875 0.882812 0.050781 0.886719 0.054688 0.886719 0.056641 0.888672 0.056641 0.892578 0.052734 0.896484 0.052734 0.900391 0.056641 0.904297 0.054688 0.906250 0.054688 0.914062 0.052734 0.916016 0.056641 0.916016 0.058594 0.917969 0.056641 0.919922 0.052734 0.919922 0.052734 0.921875 0.050781 0.923828 0.054688 0.919922 0.056641 0.921875 0.056641 0.923828 0.054688 0.925781 0.054688 0.927734 0.052734 0.929688 0.050781 0.927734 0.050781 0.929688 0.052734 0.929688 0.056641 0.933594 0.060547 0.929688 0.062500 0.931641 0.064453 0.929688 0.066406 0.931641 0.068359 0.929688 0.066406 0.929688 0.064453 0.927734 0.066406 0.925781 0.068359 0.925781 0.068359 0.923828 0.066406 0.923828 0.064453 0.921875 0.066406 0.919922 0.066406 0.917969 0.066406 0.919922 0.064453 0.921875 0.062500 0.919922 0.062500 0.917969 0.060547 0.916016 0.060547 0.914062 0.058594 0.912109 0.062500 0.908203 0.064453 0.910156 0.064453 0.914062 0.068359 0.914062 0.066406 0.912109 0.066406 0.910156 0.064453 0.910156 0.062500 0.908203 0.064453 0.906250 0.066406 0.906250 0.064453 0.906250 0.062500 0.904297 0.060547 0.904297 0.058594 0.906250 0.056641 0.904297 0.056641 0.902344 0.058594 0.900391 0.060547 0.900391 0.062500 0.898438 0.066406 0.902344 0.068359 0.902344 0.072266 0.906250 0.074219 0.906250 0.076172 0.908203 0.072266 0.912109 0.072266 0.916016 0.070312 0.917969 0.072266 0.919922 0.072266 0.923828 0.076172 0.927734 0.078125 0.927734 0.080078 0.929688 0.076172 0.933594 0.072266 0.933594 0.072266 0.935547 0.074219 0.933594 0.082031 0.933594 0.083984 0.935547 0.083984 0.937500 0.083984 0.935547 0.085938 0.933594 0.087891 0.935547 0.097656 0.935547 0.095703 0.933594 0.097656 0.931641 0.099609 0.931641 0.101562 0.933594 0.101562 0.935547 0.103516 0.933594 0.105469 0.935547 0.103516 0.933594 0.105469 0.931641 0.109375 0.931641 0.111328 0.929688 0.109375 0.929688 0.107422 0.931641 0.105469 0.929688 0.101562 0.933594 0.099609 0.931641 0.099609 0.929688 0.103516 0.925781 0.107422 0.925781 0.109375 0.923828 0.111328 0.925781 0.109375 0.923828 0.111328 0.921875 0.115234 0.921875 0.115234 0.919922 0.111328 0.919922 0.107422 0.916016 0.107422 0.914062 0.105469 0.912109 0.107422 0.914062 0.105469 0.916016 0.105469 0.921875 0.103516 0.923828 0.103516 0.925781 0.101562 0.927734 0.099609 0.925781 0.097656 0.925781 0.095703 0.923828 0.093750 0.925781 0.087891 0.925781 0.085938 0.923828 0.087891 0.921875 0.091797 0.921875 0.091797 0.917969 0.089844 0.916016 0.085938 0.916016 0.085938 0.919922 0.087891 0.921875 0.085938 0.923828 0.087891 0.925781 0.085938 0.927734 0.085938 0.929688 0.087891 0.931641 0.085938 0.933594 0.082031 0.933594 0.080078 0.931641 0.082031 0.929688 0.080078 0.929688 0.078125 0.927734 0.078125 0.925781 0.080078 0.923828 0.082031 0.925781 0.082031 0.923828 0.080078 0.921875 0.080078 0.919922 0.082031 0.917969 0.082031 0.916016 0.080078 0.914062 0.080078 0.921875 0.078125 0.923828 0.076172 0.921875 0.076172 0.919922 0.074219 0.919922 0.072266 0.917969 0.074219 0.916016 0.076172 0.916016 0.076172 0.910156 0.078125 0.908203 0.078125 0.906250 0.080078 0.904297 0.082031 0.904297 0.085938 0.908203 0.083984 0.910156 0.082031 0.910156 0.083984 0.910156 0.085938 0.908203 0.089844 0.908203 0.089844 0.906250 0.091797 0.904297 0.089844 0.902344 0.089844 0.900391 0.091797 0.898438 0.093750 0.898438 0.095703 0.900391 0.095703 0.906250 0.093750 0.908203 0.093750 0.910156 0.097656 0.910156 0.097656 0.906250 0.099609 0.904297 0.097656 0.906250 0.095703 0.904297 0.095703 0.898438 0.097656 0.896484 0.103516 0.896484 0.105469 0.894531 0.107422 0.894531 0.107422 0.886719 0.103516 0.882812 0.103516 0.880859 0.097656 0.886719 0.095703 0.884766 0.095703 0.882812 0.093750 0.884766 0.091797 0.882812 0.091797 0.880859 0.089844 0.882812 0.085938 0.882812 0.085938 0.884766 0.083984 0.886719 0.082031 0.884766 0.080078 0.886719 0.076172 0.882812 0.078125 0.880859 0.080078 0.880859 0.082031 0.878906 0.083984 0.878906 0.085938 0.876953 0.089844 0.876953 0.087891 0.876953 0.085938 0.875000 0.085938 0.876953 0.083984 0.878906 0.082031 0.878906 0.080078 0.880859 0.076172 0.876953 0.076172 0.873047 0.078125 0.871094 0.082031 0.875000 0.082031 0.873047 0.080078 0.873047 0.078125 0.871094 0.078125 0.869141 0.080078 0.867188 0.082031 0.869141 0.085938 0.869141 0.085938 0.865234 0.087891 0.863281 0.089844 0.863281 0.091797 0.865234 0.091797 0.859375 0.087891 0.859375 0.087891 0.861328 0.085938 0.863281 0.083984 0.863281 0.083984 0.867188 0.082031 0.869141 0.080078 0.867188 0.076172 0.871094 0.076172 0.875000 0.074219 0.876953 0.072266 0.875000 0.072266 0.876953 0.074219 0.876953 0.076172 0.878906 0.076172 0.880859 0.074219 0.882812 0.074219 0.884766 0.078125 0.884766 0.082031 0.888672 0.082031 0.892578 0.083984 0.894531 0.085938 0.892578 0.085938 0.888672 0.087891 0.886719 0.089844 0.886719 0.091797 0.884766 0.093750 0.886719 0.093750 0.892578 0.089844 0.896484 0.087891 0.896484 0.087891 0.898438 0.085938 0.900391 0.085938 0.902344 0.083984 0.904297 0.082031 0.902344 0.082031 0.900391 0.080078 0.898438 0.080078 0.902344 0.076172 0.906250 0.074219 0.904297 0.074219 0.902344 0.076172 0.900391 0.074219 0.898438 0.076172 0.896484 0.076172 0.894531 0.074219 0.896484 0.074219 0.904297 0.072266 0.906250 0.068359 0.902344 0.070312 0.900391 0.070312 0.898438 0.070312 0.900391 0.068359 0.902344 0.066406 0.900391 0.066406 0.896484 0.068359 0.894531 0.070312 0.894531 0.072266 0.892578 0.072266 0.890625 0.072266 0.892578 0.070312 0.894531 0.068359 0.892578 0.068359 0.890625 0.066406 0.888672 0.068359 0.886719 0.066406 0.886719 0.064453 0.884766 0.066406 0.886719 0.062500 0.890625 0.060547 0.888672 0.056641 0.888672 0.054688 0.886719 0.056641 0.884766 0.054688 0.882812 0.056641 0.880859 0.054688 0.878906 0.056641 0.876953 0.056641 0.875000 0.058594 0.873047 0.064453 0.878906 0.066406 0.878906 0.068359 0.880859 0.068359 0.882812 0.070312 0.882812 0.070312 0.880859 0.068359 0.880859 0.066406 0.878906 0.068359 0.876953 0.066406 0.875000 0.068359 0.873047 0.068359 0.863281 0.066406 0.861328 0.066406 0.859375 0.068359 0.857422 0.072266 0.861328 0.070312 0.859375 0.070312 0.857422 0.072266 0.855469 0.070312 0.855469 0.068359 0.853516 0.068359 0.851562 0.064453 0.847656 0.066406 0.845703 0.068359 0.845703 0.068359 0.841797 0.064453 0.837891 0.066406 0.835938 0.064453 0.837891 0.060547 0.837891
2 0.875000 0.800781 0.875000 0.802734 0.871094 0.806641 0.871094 0.810547 0.873047 0.810547 0.875000 0.812500 0.876953 0.812500 0.878906 0.814453 0.876953 0.816406 0.867188 0.816406 0.865234 0.818359 0.863281 0.816406 0.861328 0.816406 0.863281 0.816406 0.865234 0.818359 0.865234 0.822266 0.863281 0.824219 0.861328 0.824219 0.859375 0.826172 0.857422 0.826172 0.863281 0.826172 0.865234 0.828125 0.865234 0.830078 0.867188 0.828125 0.869141 0.830078 0.869141 0.835938 0.869141 0.830078 0.873047 0.826172 0.875000 0.828125 0.876953 0.828125 0.878906 0.826172 0.880859 0.826172 0.882812 0.824219 0.888672 0.824219 0.886719 0.822266 0.888672 0.820312 0.888672 0.818359 0.890625 0.816406 0.894531 0.816406 0.896484 0.814453 0.898438 0.814453 0.900391 0.816406 0.900391 0.820312 0.902344 0.820312 0.902344 0.816406 0.900391 0.816406 0.898438 0.814453 0.894531 0.814453 0.892578 0.812500 0.890625 0.812500 0.888672 0.814453 0.886719 0.812500 0.886719 0.810547 0.884766 0.812500 0.882812 0.810547 0.882812 0.808594 0.884766 0.806641 0.886719 0.806641 0.888672 0.804688 0.886719 0.806641 0.884766 0.806641 0.882812 0.808594 0.875000 0.808594 0.873047 0.806641 0.875000 0.804688 0.876953 0.804688 0.878906 0.802734 0.876953 0.800781
2 0.521484 0.781250 0.519531 0.783203 0.517578 0.783203 0.515625 0.785156 0.513672 0.783203 0.511719 0.785156 0.513672 0.783203 0.515625 0.785156 0.515625 0.787109 0.519531 0.787109 0.521484 0.789062 0.519531 0.791016 0.517578 0.791016 0.521484 0.791016 0.523438 0.792969 0.523438 0.796875 0.521484 0.798828 0.513672 0.798828 0.511719 0.796875 0.513672 0.794922 0.511719 0.794922 0.509766 0.792969 0.507812 0.792969 0.511719 0.796875 0.511719 0.798828 0.513672 0.800781 0.511719 0.802734 0.513672 0.804688 0.511719 0.806641 0.511719 0.810547 0.509766 0.812500 0.507812 0.812500 0.505859 0.810547 0.507812 0.808594 0.507812 0.806641 0.505859 0.806641 0.507812 0.808594 0.505859 0.810547 0.507812 0.812500 0.505859 0.814453 0.505859 0.820312 0.507812 0.820312 0.509766 0.822266 0.507812 0.824219 0.507812 0.826172 0.509766 0.824219 0.509766 0.822266 0.511719 0.820312 0.513672 0.822266 0.513672 0.828125 0.515625 0.830078 0.513672 0.832031 0.509766 0.832031 0.507812 0.830078 0.507812 0.833984 0.509766 0.835938 0.507812 0.837891 0.503906 0.837891 0.505859 0.837891 0.509766 0.841797 0.507812 0.843750 0.511719 0.839844 0.511719 0.837891 0.513672 0.835938 0.515625 0.837891 0.515625 0.839844 0.517578 0.837891 0.519531 0.837891 0.515625 0.837891 0.513672 0.835938 0.511719 0.837891 0.509766 0.835938 0.509766 0.833984 0.511719 0.832031 0.513672 0.832031 0.515625 0.830078 0.517578 0.832031 0.519531 0.832031 0.523438 0.828125 0.525391 0.830078 0.525391 0.828125 0.517578 0.828125 0.515625 0.826172 0.515625 0.816406 0.517578 0.814453 0.519531 0.814453 0.521484 0.816406 0.523438 0.814453 0.525391 0.816406 0.525391 0.820312 0.523438 0.822266 0.521484 0.822266 0.523438 0.824219 0.527344 0.820312 0.527344 0.818359 0.529297 0.816406 0.531250 0.818359 0.531250 0.820312 0.531250 0.814453 0.533203 0.812500 0.533203 0.810547 0.531250 0.810547 0.531250 0.812500 0.529297 0.814453 0.527344 0.812500 0.527344 0.810547 0.523438 0.806641 0.525391 0.804688 0.527344 0.804688 0.529297 0.806641 0.535156 0.806641 0.533203 0.804688 0.535156 0.802734 0.537109 0.802734 0.537109 0.796875 0.539062 0.794922 0.537109 0.792969 0.537109 0.789062 0.539062 0.787109 0.539062 0.781250 0.537109 0.783203 0.535156 0.783203 0.537109 0.783203 0.539062 0.785156 0.539062 0.787109 0.537109 0.789062 0.537109 0.794922 0.535156 0.796875 0.533203 0.794922 0.533203 0.792969 0.531250 0.792969 0.529297 0.791016 0.529297 0.789062 0.527344 0.791016 0.525391 0.789062 0.523438 0.791016 0.519531 0.787109 0.517578 0.787109 0.515625 0.785156 0.517578 0.783203 0.519531 0.783203 0.521484 0.781250 0.523438 0.783203 0.523438 0.785156 0.523438 0.783203
2 0.310547 0.757812 0.310547 0.761719 0.312500 0.763672 0.310547 0.765625 0.308594 0.765625 0.308594 0.769531 0.306641 0.771484 0.300781 0.771484 0.298828 0.769531 0.296875 0.769531 0.300781 0.773438 0.300781 0.775391 0.298828 0.777344 0.296875 0.775391 0.294922 0.775391 0.292969 0.773438 0.289062 0.773438 0.289062 0.775391 0.291016 0.775391 0.292969 0.777344 0.292969 0.779297 0.289062 0.783203 0.291016 0.783203 0.291016 0.781250 0.292969 0.779297 0.294922 0.781250 0.294922 0.783203 0.300781 0.783203 0.302734 0.785156 0.300781 0.787109 0.298828 0.787109 0.296875 0.789062 0.294922 0.789062 0.292969 0.787109 0.285156 0.787109 0.283203 0.785156 0.285156 0.783203 0.283203 0.781250 0.285156 0.779297 0.285156 0.775391 0.283203 0.773438 0.281250 0.773438 0.279297 0.771484 0.279297 0.769531 0.279297 0.775391 0.281250 0.773438 0.283203 0.773438 0.285156 0.775391 0.281250 0.779297 0.281250 0.781250 0.283203 0.781250 0.285156 0.783203 0.281250 0.787109 0.283203 0.787109 0.285156 0.789062 0.287109 0.787109 0.292969 0.787109 0.296875 0.791016 0.298828 0.789062 0.300781 0.791016 0.304688 0.791016 0.306641 0.792969 0.308594 0.791016 0.310547 0.792969 0.312500 0.791016 0.312500 0.781250 0.316406 0.777344 0.318359 0.779297 0.318359 0.781250 0.318359 0.779297 0.316406 0.777344 0.318359 0.775391 0.320312 0.775391 0.318359 0.775391 0.316406 0.773438 0.316406 0.771484 0.318359 0.769531 0.318359 0.761719 0.314453 0.765625 0.310547 0.761719
2 0.677734 0.736328 0.677734 0.738281 0.675781 0.740234 0.673828 0.740234 0.671875 0.738281 0.671875 0.740234 0.675781 0.740234 0.677734 0.742188 0.675781 0.744141 0.673828 0.744141 0.673828 0.748047 0.675781 0.748047 0.675781 0.746094 0.677734 0.744141 0.679688 0.744141 0.681641 0.746094 0.681641 0.751953 0.679688 0.753906 0.681641 0.753906 0.685547 0.750000 0.687500 0.751953 0.689453 0.750000 0.691406 0.750000 0.693359 0.751953 0.693359 0.753906 0.689453 0.757812 0.687500 0.757812 0.685547 0.755859 0.683594 0.757812 0.681641 0.757812 0.681641 0.759766 0.685547 0.755859 0.687500 0.757812 0.687500 0.759766 0.689453 0.759766 0.691406 0.757812 0.693359 0.757812 0.695312 0.755859 0.697266 0.757812 0.697266 0.761719 0.695312 0.763672 0.693359 0.761719 0.691406 0.763672 0.691406 0.767578 0.697266 0.761719 0.699219 0.761719 0.703125 0.757812 0.705078 0.759766 0.705078 0.763672 0.707031 0.765625 0.708984 0.765625 0.710938 0.763672 0.712891 0.765625 0.712891 0.767578 0.714844 0.769531 0.712891 0.771484 0.714844 0.771484 0.714844 0.767578 0.712891 0.765625 0.714844 0.763672 0.708984 0.763672 0.707031 0.761719 0.708984 0.759766 0.710938 0.759766 0.710938 0.757812 0.707031 0.753906 0.707031 0.750000 0.705078 0.750000 0.705078 0.751953 0.703125 0.753906 0.701172 0.753906 0.699219 0.755859 0.697266 0.755859 0.695312 0.753906 0.699219 0.750000 0.697266 0.748047 0.697266 0.746094 0.699219 0.744141 0.701172 0.744141 0.703125 0.742188 0.705078 0.742188 0.707031 0.740234 0.710938 0.744141 0.710938 0.750000 0.712891 0.750000 0.710938 0.748047 0.710938 0.746094 0.712891 0.744141 0.712891 0.742188 0.714844 0.740234 0.716797 0.740234 0.718750 0.742188 0.718750 0.744141 0.720703 0.744141 0.722656 0.742188 0.724609 0.742188 0.722656 0.742188 0.720703 0.744141 0.718750 0.742188 0.718750 0.740234 0.716797 0.738281 0.716797 0.736328 0.716797 0.738281 0.712891 0.742188 0.710938 0.740234 0.710938 0.738281 0.708984 0.738281 0.707031 0.740234 0.705078 0.740234 0.703125 0.738281 0.691406 0.738281 0.689453 0.740234 0.687500 0.738281 0.687500 0.736328 0.687500 0.738281 0.685547 0.740234 0.683594 0.738281 0.681641 0.740234 0.681641 0.742188 0.679688 0.744141 0.675781 0.740234 0.677734 0.738281
2 0.248047 0.724609 0.248047 0.726562 0.246094 0.728516 0.246094 0.730469 0.248047 0.732422 0.246094 0.734375 0.246094 0.736328 0.248047 0.738281 0.248047 0.744141 0.246094 0.746094 0.242188 0.746094 0.240234 0.744141 0.240234 0.742188 0.238281 0.742188 0.238281 0.744141 0.236328 0.746094 0.234375 0.744141 0.232422 0.744141 0.234375 0.744141 0.236328 0.746094 0.236328 0.748047 0.234375 0.750000 0.232422 0.750000 0.234375 0.750000 0.236328 0.751953 0.236328 0.753906 0.234375 0.755859 0.232422 0.755859 0.230469 0.753906 0.226562 0.753906 0.224609 0.751953 0.224609 0.750000 0.224609 0.751953 0.222656 0.753906 0.220703 0.751953 0.220703 0.750000 0.218750 0.750000 0.218750 0.751953 0.220703 0.751953 0.222656 0.753906 0.230469 0.753906 0.232422 0.755859 0.232422 0.757812 0.234375 0.757812 0.238281 0.761719 0.246094 0.761719 0.246094 0.757812 0.248047 0.755859 0.248047 0.753906 0.250000 0.751953 0.251953 0.753906 0.253906 0.753906 0.255859 0.755859 0.255859 0.753906 0.257812 0.751953 0.259766 0.751953 0.261719 0.750000 0.263672 0.751953 0.265625 0.751953 0.269531 0.748047 0.271484 0.750000 0.273438 0.748047 0.273438 0.744141 0.273438 0.748047 0.271484 0.750000 0.269531 0.748047 0.269531 0.742188 0.267578 0.740234 0.267578 0.734375 0.263672 0.734375 0.261719 0.736328 0.259766 0.736328 0.257812 0.734375 0.255859 0.734375 0.253906 0.732422 0.253906 0.730469 0.255859 0.728516 0.253906 0.728516 0.251953 0.730469 0.250000 0.728516 0.250000 0.726562 0.251953 0.724609
2 0.671875 0.712891 0.669922 0.714844 0.666016 0.714844 0.666016 0.716797 0.667969 0.718750 0.664062 0.722656 0.658203 0.722656 0.658203 0.724609 0.656250 0.726562 0.654297 0.724609 0.654297 0.720703 0.658203 0.716797 0.662109 0.716797 0.654297 0.716797 0.654297 0.722656 0.652344 0.724609 0.650391 0.722656 0.650391 0.726562 0.652344 0.728516 0.650391 0.730469 0.650391 0.734375 0.648438 0.736328 0.646484 0.734375 0.650391 0.738281 0.648438 0.740234 0.648438 0.742188 0.650391 0.740234 0.652344 0.742188 0.652344 0.748047 0.652344 0.746094 0.654297 0.744141 0.656250 0.746094 0.656250 0.750000 0.654297 0.751953 0.656250 0.751953 0.658203 0.753906 0.666016 0.753906 0.667969 0.755859 0.667969 0.757812 0.671875 0.757812 0.673828 0.759766 0.677734 0.759766 0.677734 0.757812 0.675781 0.755859 0.675781 0.753906 0.673828 0.751953 0.669922 0.755859 0.667969 0.755859 0.666016 0.753906 0.666016 0.751953 0.664062 0.750000 0.666016 0.748047 0.666016 0.742188 0.664062 0.740234 0.666016 0.738281 0.666016 0.728516 0.667969 0.726562 0.666016 0.726562 0.664062 0.728516 0.662109 0.726562 0.660156 0.726562 0.658203 0.724609 0.660156 0.722656 0.667969 0.722656 0.666016 0.720703 0.667969 0.718750 0.666016 0.716797 0.667969 0.714844 0.669922 0.714844 0.671875 0.716797 0.673828 0.716797 0.675781 0.718750 0.671875 0.722656 0.671875 0.724609 0.673828 0.722656 0.675781 0.724609 0.673828 0.722656 0.673828 0.720703 0.675781 0.718750 0.671875 0.714844
2 0.015625 0.695312 0.015625 0.697266 0.017578 0.699219 0.017578 0.701172 0.015625 0.703125 0.013672 0.701172 0.011719 0.701172 0.011719 0.703125 0.009766 0.705078 0.007812 0.703125 0.007812 0.701172 0.007812 0.703125 0.011719 0.707031 0.009766 0.708984 0.007812 0.708984 0.003906 0.705078 0.003906 0.703125 0.001953 0.703125 0.007812 0.708984 0.005859 0.710938 0.003906 0.710938 0.005859 0.710938 0.007812 0.708984 0.009766 0.708984 0.013672 0.712891 0.009766 0.716797 0.009766 0.720703 0.007812 0.722656 0.003906 0.718750 0.003906 0.716797 0.005859 0.714844 0.003906 0.714844 0.003906 0.716797 0.001953 0.718750 0.003906 0.718750 0.005859 0.720703 0.005859 0.722656 0.007812 0.722656 0.011719 0.726562 0.013672 0.726562 0.015625 0.724609 0.013672 0.724609 0.011719 0.722656 0.015625 0.718750 0.017578 0.720703 0.019531 0.720703 0.021484 0.722656 0.021484 0.724609 0.023438 0.726562 0.025391 0.726562 0.027344 0.724609 0.027344 0.722656 0.025391 0.720703 0.027344 0.718750 0.029297 0.718750 0.031250 0.716797 0.031250 0.710938 0.033203 0.708984 0.033203 0.707031 0.031250 0.708984 0.025391 0.703125 0.027344 0.701172 0.025391 0.701172 0.023438 0.703125 0.019531 0.699219 0.019531 0.695312
2 0.892578 0.693359 0.892578 0.697266 0.888672 0.701172 0.890625 0.701172 0.892578 0.703125 0.892578 0.705078 0.894531 0.705078 0.894531 0.703125 0.896484 0.701172 0.898438 0.703125 0.898438 0.705078 0.902344 0.705078 0.904297 0.707031 0.904297 0.712891 0.902344 0.714844 0.904297 0.712891 0.908203 0.712891 0.910156 0.714844 0.906250 0.718750 0.904297 0.718750 0.902344 0.720703 0.904297 0.720703 0.906250 0.718750 0.916016 0.718750 0.917969 0.720703 0.914062 0.724609 0.912109 0.724609 0.912109 0.726562 0.910156 0.728516 0.908203 0.726562 0.904297 0.726562 0.904297 0.728516 0.906250 0.728516 0.910156 0.732422 0.910156 0.734375 0.908203 0.736328 0.906250 0.734375 0.904297 0.734375 0.902344 0.736328 0.902344 0.738281 0.904297 0.740234 0.900391 0.744141 0.898438 0.742188 0.898438 0.736328 0.896484 0.734375 0.898438 0.732422 0.894531 0.736328 0.894531 0.738281 0.896484 0.738281 0.898438 0.740234 0.896484 0.742188 0.898438 0.744141 0.898438 0.750000 0.896484 0.751953 0.894531 0.751953 0.894531 0.755859 0.892578 0.757812 0.890625 0.755859 0.890625 0.751953 0.888672 0.751953 0.886719 0.750000 0.886719 0.751953 0.884766 0.753906 0.882812 0.753906 0.882812 0.755859 0.884766 0.757812 0.886719 0.757812 0.888672 0.755859 0.890625 0.755859 0.892578 0.757812 0.888672 0.761719 0.898438 0.751953 0.902344 0.755859 0.898438 0.759766 0.896484 0.759766 0.894531 0.761719 0.896484 0.763672 0.896484 0.765625 0.892578 0.769531 0.890625 0.767578 0.890625 0.765625 0.888672 0.767578 0.886719 0.765625 0.884766 0.765625 0.884766 0.767578 0.886719 0.767578 0.888672 0.769531 0.888672 0.773438 0.890625 0.773438 0.892578 0.775391 0.894531 0.775391 0.896484 0.773438 0.894531 0.775391 0.892578 0.775391 0.890625 0.773438 0.890625 0.771484 0.892578 0.769531 0.900391 0.769531 0.896484 0.769531 0.894531 0.767578 0.898438 0.763672 0.900391 0.763672 0.902344 0.761719 0.900391 0.759766 0.900391 0.757812 0.902344 0.755859 0.906250 0.755859 0.904297 0.755859 0.902344 0.753906 0.900391 0.753906 0.898438 0.751953 0.898438 0.750000 0.900391 0.748047 0.902344 0.750000 0.904297 0.748047 0.910156 0.748047 0.914062 0.751953 0.914062 0.755859 0.916016 0.755859 0.914062 0.753906 0.914062 0.751953 0.916016 0.750000 0.919922 0.750000 0.919922 0.744141 0.921875 0.742188 0.923828 0.744141 0.923828 0.748047 0.927734 0.751953 0.925781 0.753906 0.923828 0.753906 0.925781 0.755859 0.927734 0.755859 0.929688 0.753906 0.931641 0.753906 0.933594 0.755859 0.933594 0.757812 0.935547 0.757812 0.933594 0.755859 0.933594 0.753906 0.935547 0.751953 0.937500 0.751953 0.937500 0.750000 0.939453 0.748047 0.941406 0.750000 0.941406 0.751953 0.941406 0.746094 0.939453 0.746094 0.939453 0.748047 0.937500 0.750000 0.935547 0.750000 0.935547 0.751953 0.933594 0.753906 0.929688 0.753906 0.925781 0.750000 0.927734 0.748047 0.927734 0.744141 0.929688 0.742188 0.929688 0.738281 0.927734 0.736328 0.929688 0.734375 0.929688 0.728516 0.927734 0.730469 0.927734 0.734375 0.925781 0.736328 0.923828 0.734375 0.923828 0.732422 0.921875 0.730469 0.923828 0.728516 0.923828 0.726562 0.921875 0.724609 0.921875 0.722656 0.919922 0.720703 0.919922 0.718750 0.921875 0.716797 0.923828 0.716797 0.925781 0.714844 0.923828 0.712891 0.925781 0.710938 0.925781 0.708984 0.923828 0.708984 0.923828 0.710938 0.919922 0.714844 0.916016 0.710938 0.919922 0.707031 0.917969 0.705078 0.917969 0.703125 0.916016 0.703125 0.914062 0.701172 0.914062 0.695312 0.912109 0.695312 0.910156 0.697266 0.908203 0.697266 0.908203 0.699219 0.906250 0.701172 0.904297 0.699219 0.902344 0.701172 0.900391 0.699219 0.896484 0.699219 0.892578 0.695312
2 0.763672 0.683594 0.763672 0.685547 0.761719 0.687500 0.761719 0.689453 0.759766 0.691406 0.757812 0.689453 0.757812 0.685547 0.757812 0.689453 0.755859 0.691406 0.753906 0.689453 0.753906 0.687500 0.751953 0.689453 0.748047 0.689453 0.746094 0.691406 0.746094 0.695312 0.744141 0.697266 0.740234 0.697266 0.746094 0.697266 0.746094 0.695312 0.748047 0.693359 0.750000 0.693359 0.751953 0.691406 0.753906 0.691406 0.755859 0.693359 0.753906 0.695312 0.755859 0.697266 0.753906 0.699219 0.751953 0.699219 0.750000 0.697266 0.751953 0.699219 0.757812 0.699219 0.759766 0.697266 0.761719 0.699219 0.761719 0.701172 0.757812 0.705078 0.755859 0.703125 0.755859 0.707031 0.757812 0.707031 0.757812 0.705078 0.759766 0.703125 0.761719 0.703125 0.763672 0.705078 0.761719 0.707031 0.761719 0.708984 0.759766 0.710938 0.755859 0.710938 0.759766 0.714844 0.757812 0.716797 0.759766 0.716797 0.763672 0.720703 0.761719 0.722656 0.767578 0.728516 0.765625 0.730469 0.763672 0.730469 0.761719 0.728516 0.759766 0.728516 0.757812 0.730469 0.755859 0.728516 0.755859 0.722656 0.753906 0.720703 0.753906 0.718750 0.751953 0.718750 0.750000 0.716797 0.750000 0.714844 0.751953 0.712891 0.750000 0.710938 0.750000 0.708984 0.748047 0.708984 0.746094 0.707031 0.750000 0.710938 0.750000 0.712891 0.748047 0.714844 0.746094 0.712891 0.748047 0.714844 0.742188 0.720703 0.742188 0.724609 0.740234 0.726562 0.736328 0.726562 0.736328 0.730469 0.734375 0.732422 0.732422 0.732422 0.732422 0.736328 0.734375 0.736328 0.736328 0.738281 0.734375 0.740234 0.732422 0.740234 0.736328 0.740234 0.738281 0.742188 0.738281 0.750000 0.740234 0.750000 0.742188 0.748047 0.744141 0.748047 0.746094 0.750000 0.744141 0.751953 0.744141 0.753906 0.742188 0.755859 0.740234 0.753906 0.738281 0.755859 0.742188 0.759766 0.740234 0.757812 0.744141 0.753906 0.746094 0.755859 0.746094 0.753906 0.748047 0.751953 0.750000 0.751953 0.751953 0.753906 0.753906 0.751953 0.751953 0.753906 0.750000 0.751953 0.750000 0.746094 0.748047 0.744141 0.750000 0.742188 0.751953 0.742188 0.753906 0.744141 0.753906 0.748047 0.755859 0.748047 0.755859 0.746094 0.757812 0.744141 0.761719 0.744141 0.763672 0.742188 0.765625 0.744141 0.765625 0.750000 0.771484 0.750000 0.773438 0.748047 0.773438 0.742188 0.769531 0.738281 0.769531 0.734375 0.767578 0.732422 0.767578 0.730469 0.769531 0.728516 0.769531 0.726562 0.767578 0.724609 0.771484 0.720703 0.769531 0.718750 0.769531 0.720703 0.765625 0.724609 0.763672 0.722656 0.763672 0.718750 0.771484 0.710938 0.773438 0.712891 0.773438 0.710938 0.775391 0.708984 0.779297 0.708984 0.781250 0.710938 0.781250 0.712891 0.779297 0.714844 0.777344 0.712891 0.779297 0.714844 0.781250 0.714844 0.783203 0.716797 0.781250 0.718750 0.779297 0.718750 0.777344 0.720703 0.775391 0.720703 0.777344 0.722656 0.777344 0.724609 0.773438 0.728516 0.775391 0.726562 0.777344 0.726562 0.777344 0.720703 0.779297 0.718750 0.781250 0.718750 0.783203 0.716797 0.785156 0.718750 0.785156 0.720703 0.785156 0.718750 0.783203 0.716797 0.787109 0.712891 0.783203 0.716797 0.781250 0.714844 0.781250 0.710938 0.779297 0.708984 0.783203 0.705078 0.787109 0.708984 0.787109 0.707031 0.785156 0.705078 0.783203 0.705078 0.779297 0.701172 0.779297 0.699219 0.779297 0.701172 0.777344 0.703125 0.773438 0.699219 0.773438 0.697266 0.771484 0.699219 0.769531 0.699219 0.773438 0.703125 0.771484 0.705078 0.773438 0.707031 0.769531 0.710938 0.767578 0.708984 0.767578 0.707031 0.765625 0.705078 0.763672 0.705078 0.761719 0.703125 0.761719 0.701172 0.765625 0.697266 0.765625 0.695312 0.765625 0.697266 0.763672 0.699219 0.759766 0.695312 0.759766 0.691406 0.761719 0.689453 0.763672 0.689453 0.761719 0.687500 0.765625 0.683594
2 0.054688 0.675781 0.054688 0.679688 0.052734 0.681641 0.056641 0.685547 0.054688 0.687500 0.052734 0.687500 0.050781 0.685547 0.048828 0.685547 0.046875 0.683594 0.042969 0.683594 0.042969 0.687500 0.044922 0.689453 0.042969 0.691406 0.044922 0.689453 0.046875 0.691406 0.046875 0.697266 0.048828 0.695312 0.052734 0.699219 0.052734 0.701172 0.050781 0.703125 0.048828 0.701172 0.046875 0.703125 0.044922 0.701172 0.042969 0.701172 0.041016 0.703125 0.042969 0.701172 0.044922 0.701172 0.046875 0.703125 0.048828 0.703125 0.050781 0.705078 0.044922 0.710938 0.041016 0.710938 0.039062 0.708984 0.037109 0.708984 0.037109 0.710938 0.041016 0.710938 0.042969 0.712891 0.041016 0.714844 0.037109 0.714844 0.037109 0.716797 0.035156 0.718750 0.035156 0.720703 0.033203 0.722656 0.035156 0.722656 0.037109 0.720703 0.042969 0.720703 0.044922 0.722656 0.042969 0.724609 0.039062 0.724609 0.039062 0.726562 0.041016 0.724609 0.042969 0.726562 0.044922 0.726562 0.042969 0.724609 0.046875 0.720703 0.048828 0.720703 0.052734 0.724609 0.050781 0.726562 0.052734 0.728516 0.054688 0.728516 0.056641 0.726562 0.054688 0.728516 0.052734 0.728516 0.050781 0.726562 0.052734 0.724609 0.052734 0.722656 0.050781 0.722656 0.048828 0.720703 0.052734 0.716797 0.054688 0.716797 0.056641 0.718750 0.056641 0.722656 0.058594 0.722656 0.056641 0.720703 0.058594 0.718750 0.056641 0.716797 0.058594 0.714844 0.060547 0.714844 0.064453 0.718750 0.062500 0.716797 0.062500 0.714844 0.060547 0.712891 0.060547 0.710938 0.060547 0.712891 0.056641 0.716797 0.054688 0.716797 0.052734 0.714844 0.056641 0.710938 0.056641 0.708984 0.058594 0.707031 0.060547 0.707031 0.062500 0.705078 0.066406 0.708984 0.064453 0.710938 0.066406 0.710938 0.068359 0.708984 0.068359 0.707031 0.066406 0.707031 0.064453 0.705078 0.066406 0.703125 0.068359 0.703125 0.066406 0.701172 0.068359 0.699219 0.068359 0.697266 0.066406 0.695312 0.064453 0.697266 0.060547 0.697266 0.058594 0.695312 0.058594 0.693359 0.060547 0.691406 0.062500 0.691406 0.066406 0.687500 0.068359 0.689453 0.068359 0.687500 0.066406 0.687500 0.064453 0.685547 0.062500 0.685547 0.060547 0.687500 0.058594 0.687500 0.056641 0.685547 0.056641 0.683594 0.060547 0.679688 0.062500 0.681641 0.066406 0.681641 0.068359 0.683594 0.068359 0.679688 0.066406 0.681641 0.064453 0.679688 0.060547 0.679688 0.056641 0.683594 0.054688 0.683594 0.052734 0.681641 0.054688 0.679688
2 0.951172 0.640625 0.949219 0.642578 0.951172 0.642578 0.953125 0.644531 0.951172 0.646484 0.951172 0.648438 0.949219 0.650391 0.945312 0.650391 0.941406 0.654297 0.939453 0.654297 0.939453 0.656250 0.941406 0.654297 0.945312 0.658203 0.943359 0.660156 0.943359 0.662109 0.947266 0.662109 0.949219 0.664062 0.949219 0.666016 0.951172 0.664062 0.957031 0.664062 0.958984 0.666016 0.957031 0.667969 0.955078 0.667969 0.953125 0.669922 0.955078 0.671875 0.957031 0.671875 0.958984 0.669922 0.962891 0.669922 0.962891 0.667969 0.964844 0.666016 0.966797 0.667969 0.966797 0.669922 0.968750 0.671875 0.966797 0.673828 0.962891 0.673828 0.964844 0.673828 0.966797 0.675781 0.966797 0.677734 0.966797 0.675781 0.968750 0.673828 0.970703 0.675781 0.970703 0.679688 0.972656 0.681641 0.972656 0.683594 0.970703 0.685547 0.968750 0.685547 0.966797 0.687500 0.960938 0.687500 0.958984 0.685547 0.960938 0.683594 0.958984 0.685547 0.958984 0.689453 0.960938 0.689453 0.962891 0.691406 0.960938 0.693359 0.960938 0.695312 0.962891 0.697266 0.960938 0.699219 0.958984 0.699219 0.958984 0.701172 0.960938 0.703125 0.960938 0.701172 0.962891 0.699219 0.964844 0.701172 0.968750 0.701172 0.970703 0.703125 0.972656 0.703125 0.974609 0.701172 0.972656 0.699219 0.972656 0.695312 0.974609 0.693359 0.976562 0.695312 0.978516 0.693359 0.980469 0.693359 0.982422 0.691406 0.984375 0.691406 0.986328 0.689453 0.992188 0.689453 0.994141 0.687500 0.996094 0.687500 0.996094 0.685547 0.992188 0.689453 0.986328 0.689453 0.984375 0.687500 0.984375 0.683594 0.986328 0.681641 0.994141 0.681641 0.992188 0.679688 0.994141 0.677734 0.994141 0.675781 0.992188 0.673828 0.992188 0.679688 0.990234 0.681641 0.984375 0.681641 0.982422 0.679688 0.984375 0.677734 0.984375 0.675781 0.984375 0.677734 0.982422 0.679688 0.980469 0.677734 0.980469 0.671875 0.986328 0.666016 0.984375 0.666016 0.980469 0.662109 0.978516 0.664062 0.980469 0.664062 0.984375 0.667969 0.982422 0.669922 0.980469 0.669922 0.978516 0.667969 0.974609 0.667969 0.972656 0.666016 0.974609 0.664062 0.972656 0.662109 0.972656 0.658203 0.966797 0.658203 0.966797 0.660156 0.964844 0.662109 0.962891 0.660156 0.962891 0.658203 0.960938 0.656250 0.960938 0.654297 0.958984 0.652344 0.958984 0.658203 0.960938 0.660156 0.958984 0.662109 0.957031 0.662109 0.955078 0.660156 0.955078 0.658203 0.953125 0.660156 0.955078 0.662109 0.953125 0.664062 0.949219 0.664062 0.947266 0.662109 0.949219 0.660156 0.949219 0.656250 0.945312 0.656250 0.943359 0.654297 0.943359 0.652344 0.945312 0.650391 0.947266 0.650391 0.949219 0.652344 0.953125 0.652344 0.953125 0.650391 0.955078 0.648438 0.958984 0.648438 0.955078 0.648438 0.953125 0.646484 0.955078 0.644531
2 0.431641 0.638672 0.429688 0.640625 0.431641 0.642578 0.431641 0.644531 0.433594 0.646484 0.433594 0.648438 0.431641 0.650391 0.433594 0.652344 0.431641 0.654297 0.433594 0.652344 0.435547 0.652344 0.437500 0.654297 0.435547 0.656250 0.435547 0.658203 0.437500 0.656250 0.439453 0.656250 0.441406 0.658203 0.439453 0.660156 0.441406 0.660156 0.445312 0.664062 0.443359 0.666016 0.441406 0.666016 0.439453 0.667969 0.437500 0.667969 0.439453 0.667969 0.441406 0.666016 0.443359 0.666016 0.445312 0.664062 0.447266 0.664062 0.451172 0.667969 0.453125 0.666016 0.455078 0.666016 0.457031 0.667969 0.457031 0.669922 0.464844 0.669922 0.466797 0.671875 0.466797 0.673828 0.464844 0.675781 0.464844 0.677734 0.466797 0.679688 0.468750 0.679688 0.470703 0.681641 0.472656 0.681641 0.472656 0.679688 0.470703 0.679688 0.468750 0.677734 0.468750 0.675781 0.472656 0.671875 0.474609 0.671875 0.474609 0.669922 0.476562 0.667969 0.478516 0.669922 0.478516 0.671875 0.480469 0.671875 0.482422 0.673828 0.478516 0.669922 0.478516 0.667969 0.476562 0.666016 0.476562 0.664062 0.474609 0.664062 0.472656 0.666016 0.474609 0.664062 0.476562 0.666016 0.476562 0.667969 0.474609 0.669922 0.470703 0.669922 0.468750 0.667969 0.468750 0.664062 0.466797 0.662109 0.470703 0.658203 0.472656 0.658203 0.470703 0.656250 0.470703 0.654297 0.466797 0.650391 0.464844 0.650391 0.458984 0.644531 0.455078 0.644531 0.451172 0.640625 0.445312 0.640625 0.445312 0.642578 0.443359 0.644531 0.447266 0.644531 0.449219 0.646484 0.451172 0.646484 0.453125 0.648438 0.453125 0.652344 0.451172 0.654297 0.451172 0.656250 0.449219 0.658203 0.443359 0.658203 0.441406 0.656250 0.441406 0.654297 0.439453 0.656250 0.433594 0.650391 0.433594 0.646484 0.437500 0.642578 0.439453 0.642578 0.437500 0.640625 0.435547 0.642578
2 0.035156 0.634766 0.033203 0.636719 0.031250 0.636719 0.033203 0.638672 0.035156 0.638672 0.037109 0.640625 0.037109 0.648438 0.035156 0.650391 0.033203 0.650391 0.031250 0.652344 0.031250 0.654297 0.033203 0.656250 0.031250 0.658203 0.035156 0.658203 0.037109 0.660156 0.037109 0.662109 0.037109 0.660156 0.035156 0.658203 0.039062 0.654297 0.042969 0.658203 0.041016 0.656250 0.044922 0.652344 0.046875 0.652344 0.050781 0.656250 0.050781 0.662109 0.052734 0.664062 0.052734 0.669922 0.058594 0.669922 0.060547 0.671875 0.064453 0.671875 0.066406 0.669922 0.068359 0.669922 0.068359 0.667969 0.066406 0.666016 0.066406 0.664062 0.064453 0.662109 0.066406 0.660156 0.070312 0.660156 0.072266 0.662109 0.070312 0.664062 0.074219 0.667969 0.072266 0.669922 0.072266 0.673828 0.074219 0.671875 0.074219 0.666016 0.076172 0.664062 0.078125 0.666016 0.076172 0.664062 0.074219 0.664062 0.070312 0.660156 0.072266 0.658203 0.074219 0.658203 0.070312 0.658203 0.068359 0.660156 0.062500 0.660156 0.060547 0.658203 0.062500 0.656250 0.064453 0.656250 0.062500 0.656250 0.060547 0.658203 0.058594 0.658203 0.056641 0.656250 0.054688 0.656250 0.052734 0.654297 0.054688 0.652344 0.060547 0.652344 0.060547 0.650391 0.058594 0.648438 0.060547 0.646484 0.058594 0.646484 0.058594 0.648438 0.054688 0.652344 0.050781 0.652344 0.048828 0.654297 0.046875 0.652344 0.046875 0.650391 0.042969 0.646484 0.039062 0.646484 0.037109 0.644531 0.039062 0.642578 0.042969 0.642578 0.042969 0.638672 0.041016 0.636719 0.037109 0.636719
2 0.773438 0.595703 0.775391 0.597656 0.771484 0.601562 0.769531 0.599609 0.767578 0.599609 0.765625 0.601562 0.763672 0.599609 0.763672 0.597656 0.761719 0.597656 0.763672 0.599609 0.763672 0.601562 0.765625 0.603516 0.765625 0.607422 0.763672 0.609375 0.761719 0.607422 0.759766 0.607422 0.757812 0.609375 0.755859 0.609375 0.753906 0.607422 0.755859 0.605469 0.755859 0.603516 0.757812 0.601562 0.759766 0.601562 0.757812 0.601562 0.755859 0.603516 0.755859 0.605469 0.751953 0.609375 0.748047 0.605469 0.748047 0.599609 0.748047 0.607422 0.746094 0.609375 0.744141 0.609375 0.742188 0.611328 0.740234 0.611328 0.742188 0.611328 0.744141 0.609375 0.746094 0.609375 0.748047 0.607422 0.750000 0.609375 0.751953 0.609375 0.753906 0.607422 0.755859 0.609375 0.755859 0.611328 0.757812 0.611328 0.761719 0.607422 0.763672 0.609375 0.763672 0.611328 0.761719 0.613281 0.761719 0.623047 0.763672 0.623047 0.765625 0.625000 0.761719 0.628906 0.761719 0.632812 0.757812 0.636719 0.759766 0.638672 0.759766 0.640625 0.757812 0.642578 0.759766 0.642578 0.761719 0.640625 0.763672 0.640625 0.765625 0.638672 0.769531 0.638672 0.771484 0.640625 0.771484 0.642578 0.775391 0.642578 0.775391 0.640625 0.777344 0.638672 0.781250 0.638672 0.783203 0.640625 0.781250 0.642578 0.781250 0.644531 0.783203 0.642578 0.783203 0.640625 0.781250 0.638672 0.777344 0.638672 0.775391 0.640625 0.773438 0.638672 0.771484 0.640625 0.769531 0.638672 0.765625 0.638672 0.763672 0.640625 0.761719 0.640625 0.757812 0.636719 0.761719 0.632812 0.763672 0.634766 0.763672 0.632812 0.765625 0.630859 0.769531 0.630859 0.765625 0.626953 0.765625 0.625000 0.767578 0.623047 0.773438 0.628906 0.777344 0.625000 0.779297 0.626953 0.779297 0.628906 0.777344 0.630859 0.777344 0.632812 0.779297 0.634766 0.777344 0.632812 0.781250 0.628906 0.781250 0.625000 0.783203 0.623047 0.781250 0.623047 0.777344 0.619141 0.777344 0.617188 0.779297 0.615234 0.781250 0.617188 0.783203 0.615234 0.783203 0.613281 0.785156 0.611328 0.785156 0.609375 0.783203 0.607422 0.783203 0.601562 0.781250 0.601562 0.781250 0.607422 0.779297 0.609375 0.777344 0.609375 0.777344 0.611328 0.779297 0.613281 0.779297 0.615234 0.777344 0.617188 0.773438 0.613281 0.773438 0.609375 0.771484 0.607422 0.771484 0.601562 0.775391 0.597656
2 0.691406 0.583984 0.687500 0.587891 0.685547 0.587891 0.683594 0.585938 0.681641 0.587891 0.681641 0.591797 0.679688 0.593750 0.677734 0.591797 0.675781 0.591797 0.671875 0.587891 0.671875 0.585938 0.671875 0.587891 0.669922 0.589844 0.667969 0.587891 0.669922 0.589844 0.669922 0.593750 0.671875 0.593750 0.673828 0.595703 0.673828 0.597656 0.671875 0.599609 0.669922 0.599609 0.669922 0.601562 0.671875 0.603516 0.671875 0.607422 0.669922 0.609375 0.667969 0.607422 0.669922 0.609375 0.667969 0.611328 0.667969 0.615234 0.666016 0.617188 0.664062 0.617188 0.666016 0.617188 0.667969 0.619141 0.666016 0.621094 0.666016 0.623047 0.664062 0.625000 0.662109 0.623047 0.660156 0.623047 0.658203 0.621094 0.658203 0.617188 0.658203 0.621094 0.656250 0.623047 0.652344 0.623047 0.650391 0.621094 0.646484 0.625000 0.644531 0.625000 0.646484 0.625000 0.648438 0.623047 0.650391 0.623047 0.652344 0.625000 0.652344 0.628906 0.650391 0.630859 0.652344 0.632812 0.654297 0.632812 0.656250 0.634766 0.658203 0.634766 0.658203 0.630859 0.656250 0.628906 0.656250 0.623047 0.658203 0.621094 0.660156 0.623047 0.660156 0.625000 0.664062 0.625000 0.667969 0.621094 0.669922 0.623047 0.669922 0.625000 0.667969 0.626953 0.669922 0.625000 0.671875 0.626953 0.669922 0.625000 0.671875 0.623047 0.673828 0.623047 0.675781 0.625000 0.677734 0.625000 0.673828 0.621094 0.673828 0.619141 0.675781 0.617188 0.675781 0.613281 0.673828 0.611328 0.675781 0.609375 0.677734 0.609375 0.679688 0.611328 0.679688 0.615234 0.681641 0.617188 0.679688 0.619141 0.681641 0.617188 0.683594 0.617188 0.685547 0.615234 0.687500 0.615234 0.687500 0.613281 0.685547 0.611328 0.685547 0.603516 0.687500 0.601562 0.685547 0.601562 0.683594 0.599609 0.683594 0.597656 0.681641 0.597656 0.679688 0.595703 0.681641 0.593750 0.683594 0.593750 0.681641 0.591797 0.683594 0.589844 0.689453 0.589844 0.689453 0.587891 0.691406 0.585938
2 0.554688 0.578125 0.554688 0.582031 0.550781 0.585938 0.550781 0.587891 0.552734 0.589844 0.554688 0.587891 0.556641 0.589844 0.556641 0.591797 0.558594 0.593750 0.554688 0.597656 0.552734 0.597656 0.552734 0.599609 0.550781 0.601562 0.552734 0.603516 0.552734 0.605469 0.554688 0.605469 0.556641 0.607422 0.554688 0.609375 0.556641 0.607422 0.556641 0.603516 0.552734 0.603516 0.550781 0.601562 0.554688 0.597656 0.556641 0.597656 0.560547 0.601562 0.560547 0.607422 0.562500 0.609375 0.562500 0.611328 0.560547 0.613281 0.562500 0.615234 0.562500 0.611328 0.568359 0.605469 0.572266 0.609375 0.570312 0.611328 0.574219 0.611328 0.572266 0.609375 0.572266 0.607422 0.570312 0.607422 0.568359 0.605469 0.568359 0.603516 0.570312 0.601562 0.572266 0.601562 0.568359 0.601562 0.566406 0.599609 0.568359 0.597656 0.570312 0.597656 0.572266 0.595703 0.578125 0.595703 0.580078 0.597656 0.578125 0.599609 0.578125 0.601562 0.576172 0.603516 0.576172 0.605469 0.576172 0.603516 0.578125 0.601562 0.580078 0.603516 0.580078 0.607422 0.582031 0.605469 0.583984 0.605469 0.585938 0.607422 0.589844 0.607422 0.589844 0.603516 0.591797 0.601562 0.591797 0.599609 0.587891 0.599609 0.585938 0.597656 0.585938 0.593750 0.583984 0.593750 0.582031 0.595703 0.574219 0.595703 0.570312 0.591797 0.570312 0.589844 0.568359 0.591797 0.566406 0.591797 0.564453 0.589844 0.566406 0.587891 0.566406 0.585938 0.566406 0.587891 0.562500 0.591797 0.560547 0.591797 0.558594 0.589844 0.562500 0.585938 0.562500 0.583984 0.560547 0.583984
2 0.412109 0.576172 0.414062 0.578125 0.412109 0.580078 0.412109 0.582031 0.414062 0.583984 0.414062 0.585938 0.412109 0.587891 0.414062 0.589844 0.412109 0.591797 0.412109 0.593750 0.414062 0.595703 0.412109 0.597656 0.412109 0.599609 0.416016 0.603516 0.416016 0.607422 0.412109 0.611328 0.410156 0.609375 0.408203 0.611328 0.404297 0.611328 0.402344 0.613281 0.398438 0.609375 0.396484 0.609375 0.400391 0.613281 0.400391 0.615234 0.398438 0.617188 0.396484 0.617188 0.394531 0.619141 0.392578 0.619141 0.392578 0.623047 0.394531 0.625000 0.394531 0.626953 0.392578 0.628906 0.394531 0.630859 0.392578 0.632812 0.390625 0.632812 0.388672 0.630859 0.386719 0.632812 0.390625 0.632812 0.392578 0.634766 0.394531 0.632812 0.396484 0.632812 0.398438 0.634766 0.396484 0.636719 0.396484 0.638672 0.396484 0.636719 0.398438 0.634766 0.400391 0.636719 0.400391 0.640625 0.402344 0.638672 0.406250 0.638672 0.410156 0.642578 0.410156 0.646484 0.412109 0.646484 0.410156 0.644531 0.414062 0.640625 0.416016 0.642578 0.416016 0.648438 0.414062 0.650391 0.412109 0.650391 0.410156 0.652344 0.412109 0.654297 0.412109 0.656250 0.414062 0.658203 0.414062 0.660156 0.416016 0.662109 0.417969 0.662109 0.416016 0.660156 0.417969 0.658203 0.419922 0.658203 0.414062 0.658203 0.412109 0.656250 0.412109 0.654297 0.414062 0.652344 0.416016 0.652344 0.417969 0.650391 0.416016 0.648438 0.417969 0.646484 0.421875 0.646484 0.419922 0.644531 0.417969 0.644531 0.412109 0.638672 0.414062 0.636719 0.416016 0.636719 0.417969 0.634766 0.419922 0.636719 0.421875 0.636719 0.423828 0.638672 0.421875 0.640625 0.423828 0.638672 0.425781 0.640625 0.425781 0.636719 0.427734 0.634766 0.425781 0.636719 0.423828 0.636719 0.421875 0.634766 0.423828 0.632812 0.421875 0.632812 0.419922 0.634766 0.414062 0.634766 0.414062 0.636719 0.412109 0.638672 0.412109 0.640625 0.410156 0.642578 0.406250 0.638672 0.408203 0.636719 0.408203 0.634766 0.414062 0.628906 0.416016 0.628906 0.414062 0.628906 0.412109 0.626953 0.412109 0.623047 0.412109 0.628906 0.410156 0.630859 0.408203 0.628906 0.406250 0.628906 0.404297 0.626953 0.408203 0.623047 0.406250 0.623047 0.404297 0.621094 0.404297 0.615234 0.406250 0.613281 0.410156 0.613281 0.416016 0.607422 0.416016 0.603516 0.414062 0.601562 0.414062 0.599609 0.412109 0.597656 0.414062 0.595703 0.412109 0.593750 0.412109 0.591797 0.414062 0.589844 0.416016 0.589844 0.419922 0.585938 0.417969 0.587891 0.416016 0.587891 0.414062 0.585938 0.414062 0.583984 0.416016 0.582031 0.417969 0.582031 0.419922 0.580078 0.421875 0.580078 0.423828 0.582031 0.425781 0.582031 0.425781 0.580078 0.423828 0.578125 0.423828 0.576172 0.419922 0.580078 0.416016 0.580078
2 0.107422 0.572266 0.107422 0.576172 0.105469 0.578125 0.103516 0.576172 0.101562 0.576172 0.103516 0.576172 0.105469 0.578125 0.101562 0.582031 0.101562 0.587891 0.103516 0.589844 0.103516 0.591797 0.101562 0.593750 0.099609 0.591797 0.099609 0.593750 0.097656 0.595703 0.095703 0.593750 0.093750 0.595703 0.093750 0.597656 0.089844 0.601562 0.087891 0.601562 0.085938 0.599609 0.085938 0.595703 0.087891 0.593750 0.089844 0.593750 0.082031 0.593750 0.078125 0.589844 0.080078 0.587891 0.082031 0.587891 0.083984 0.589844 0.089844 0.589844 0.091797 0.587891 0.089844 0.585938 0.085938 0.585938 0.083984 0.583984 0.085938 0.582031 0.093750 0.582031 0.091797 0.580078 0.093750 0.578125 0.097656 0.578125 0.097656 0.576172 0.095703 0.576172 0.091797 0.580078 0.089844 0.578125 0.087891 0.578125 0.089844 0.578125 0.091797 0.580078 0.089844 0.582031 0.085938 0.582031 0.082031 0.578125 0.082031 0.576172 0.082031 0.578125 0.080078 0.580078 0.070312 0.580078 0.072266 0.582031 0.070312 0.583984 0.068359 0.583984 0.066406 0.585938 0.066406 0.587891 0.062500 0.591797 0.060547 0.589844 0.060547 0.587891 0.062500 0.585938 0.060547 0.585938 0.058594 0.583984 0.060547 0.582031 0.056641 0.582031 0.054688 0.583984 0.052734 0.583984 0.050781 0.585938 0.052734 0.585938 0.054688 0.587891 0.054688 0.591797 0.052734 0.593750 0.048828 0.589844 0.046875 0.591797 0.048828 0.593750 0.046875 0.595703 0.046875 0.599609 0.044922 0.601562 0.042969 0.599609 0.042969 0.595703 0.041016 0.593750 0.041016 0.591797 0.044922 0.587891 0.042969 0.589844 0.041016 0.587891 0.041016 0.589844 0.039062 0.591797 0.037109 0.589844 0.039062 0.591797 0.039062 0.595703 0.041016 0.595703 0.042969 0.597656 0.042969 0.599609 0.041016 0.601562 0.042969 0.601562 0.044922 0.603516 0.044922 0.605469 0.044922 0.601562 0.046875 0.599609 0.048828 0.601562 0.048828 0.609375 0.046875 0.611328 0.046875 0.613281 0.048828 0.611328 0.056641 0.611328 0.058594 0.613281 0.058594 0.615234 0.060547 0.617188 0.060547 0.619141 0.058594 0.621094 0.060547 0.623047 0.058594 0.625000 0.056641 0.625000 0.056641 0.626953 0.058594 0.628906 0.056641 0.630859 0.056641 0.632812 0.058594 0.634766 0.058594 0.632812 0.060547 0.630859 0.062500 0.632812 0.062500 0.634766 0.064453 0.634766 0.064453 0.630859 0.066406 0.628906 0.068359 0.628906 0.066406 0.626953 0.066406 0.625000 0.066406 0.628906 0.064453 0.630859 0.058594 0.625000 0.060547 0.623047 0.060547 0.621094 0.062500 0.619141 0.060547 0.617188 0.062500 0.615234 0.066406 0.615234 0.066406 0.609375 0.062500 0.605469 0.062500 0.603516 0.064453 0.601562 0.062500 0.601562 0.060547 0.599609 0.062500 0.597656 0.066406 0.597656 0.066406 0.595703 0.068359 0.593750 0.070312 0.593750 0.070312 0.589844 0.072266 0.587891 0.076172 0.591797 0.074219 0.593750 0.074219 0.595703 0.070312 0.599609 0.070312 0.601562 0.072266 0.603516 0.072266 0.605469 0.076172 0.609375 0.076172 0.611328 0.076172 0.607422 0.078125 0.605469 0.080078 0.607422 0.080078 0.609375 0.082031 0.609375 0.083984 0.611328 0.082031 0.609375 0.082031 0.599609 0.083984 0.597656 0.085938 0.599609 0.085938 0.605469 0.093750 0.605469 0.095703 0.607422 0.093750 0.609375 0.087891 0.609375 0.087891 0.613281 0.089844 0.613281 0.091797 0.615234 0.093750 0.615234 0.095703 0.617188 0.093750 0.619141 0.093750 0.621094 0.095703 0.623047 0.093750 0.625000 0.083984 0.625000 0.085938 0.625000 0.087891 0.626953 0.085938 0.628906 0.083984 0.628906 0.085938 0.630859 0.083984 0.632812 0.082031 0.632812 0.083984 0.634766 0.083984 0.632812 0.085938 0.630859 0.085938 0.628906 0.087891 0.626953 0.089844 0.626953 0.091797 0.625000 0.095703 0.625000 0.097656 0.626953 0.097656 0.628906 0.095703 0.630859 0.093750 0.628906 0.095703 0.630859 0.095703 0.632812 0.097656 0.634766 0.099609 0.632812 0.097656 0.634766 0.095703 0.632812 0.095703 0.630859 0.097656 0.628906 0.097656 0.626953 0.095703 0.625000 0.095703 0.621094 0.093750 0.619141 0.097656 0.615234 0.099609 0.615234 0.103516 0.619141 0.101562 0.621094 0.103516 0.621094 0.107422 0.625000 0.103516 0.628906 0.105469 0.628906 0.107422 0.626953 0.109375 0.628906 0.109375 0.630859 0.109375 0.628906 0.111328 0.626953 0.115234 0.626953 0.119141 0.623047 0.117188 0.621094 0.117188 0.617188 0.121094 0.613281 0.121094 0.611328 0.119141 0.611328 0.117188 0.613281 0.113281 0.609375 0.113281 0.607422 0.105469 0.607422 0.103516 0.609375 0.101562 0.607422 0.101562 0.599609 0.103516 0.597656 0.103516 0.595703 0.105469 0.593750 0.107422 0.595703 0.107422 0.599609 0.109375 0.599609 0.111328 0.601562 0.115234 0.601562 0.115234 0.599609 0.113281 0.597656 0.117188 0.593750 0.117188 0.591797 0.115234 0.591797 0.113281 0.589844 0.113281 0.587891 0.111328 0.585938 0.111328 0.583984 0.111328 0.585938 0.113281 0.587891 0.113281 0.589844 0.115234 0.591797 0.111328 0.595703 0.107422 0.595703 0.103516 0.591797 0.107422 0.587891 0.109375 0.589844 0.109375 0.591797 0.109375 0.589844 0.107422 0.587891 0.105469 0.587891 0.103516 0.585938 0.105469 0.583984 0.103516 0.583984 0.101562 0.582031 0.103516 0.580078 0.109375 0.580078 0.109375 0.578125 0.113281 0.574219 0.115234 0.576172 0.115234 0.578125 0.113281 0.580078 0.115234 0.580078 0.117188 0.582031 0.115234 0.583984 0.119141 0.587891 0.123047 0.587891 0.125000 0.585938 0.123047 0.583984 0.123047 0.585938 0.121094 0.587891 0.119141 0.587891 0.115234 0.583984 0.117188 0.582031 0.119141 0.582031 0.117188 0.580078 0.121094 0.576172 0.125000 0.576172 0.121094 0.576172 0.119141 0.574219 0.121094 0.572266 0.125000 0.572266 0.121094 0.572266 0.119141 0.574219 0.117188 0.572266 0.115234 0.572266 0.113281 0.574219 0.111328 0.572266
2 0.488281 0.556641 0.492188 0.560547 0.490234 0.562500 0.488281 0.562500 0.488281 0.564453 0.492188 0.560547 0.494141 0.562500 0.494141 0.564453 0.490234 0.568359 0.492188 0.570312 0.492188 0.572266 0.498047 0.572266 0.500000 0.574219 0.500000 0.576172 0.501953 0.578125 0.500000 0.580078 0.500000 0.582031 0.488281 0.593750 0.486328 0.591797 0.478516 0.591797 0.476562 0.589844 0.476562 0.585938 0.470703 0.585938 0.468750 0.583984 0.466797 0.585938 0.464844 0.583984 0.464844 0.585938 0.466797 0.585938 0.468750 0.587891 0.466797 0.589844 0.468750 0.591797 0.470703 0.591797 0.472656 0.593750 0.472656 0.595703 0.470703 0.597656 0.468750 0.597656 0.466797 0.595703 0.464844 0.597656 0.462891 0.595703 0.460938 0.597656 0.458984 0.597656 0.464844 0.597656 0.466797 0.595703 0.468750 0.597656 0.468750 0.599609 0.466797 0.601562 0.462891 0.601562 0.460938 0.603516 0.460938 0.605469 0.458984 0.607422 0.457031 0.605469 0.457031 0.603516 0.455078 0.603516 0.451172 0.599609 0.449219 0.599609 0.451172 0.601562 0.449219 0.603516 0.449219 0.605469 0.449219 0.603516 0.451172 0.601562 0.453125 0.601562 0.455078 0.603516 0.455078 0.605469 0.457031 0.607422 0.455078 0.609375 0.453125 0.609375 0.453125 0.611328 0.451172 0.613281 0.449219 0.611328 0.451172 0.613281 0.453125 0.613281 0.453125 0.611328 0.455078 0.609375 0.457031 0.611328 0.455078 0.609375 0.457031 0.607422 0.460938 0.607422 0.462891 0.609375 0.462891 0.611328 0.466797 0.615234 0.462891 0.619141 0.464844 0.619141 0.466797 0.617188 0.468750 0.617188 0.470703 0.619141 0.474609 0.619141 0.472656 0.617188 0.476562 0.613281 0.476562 0.609375 0.478516 0.607422 0.476562 0.609375 0.476562 0.611328 0.474609 0.613281 0.468750 0.613281 0.466797 0.615234 0.464844 0.613281 0.464844 0.611328 0.466797 0.609375 0.466797 0.607422 0.468750 0.605469 0.470703 0.607422 0.470703 0.609375 0.470703 0.599609 0.472656 0.597656 0.474609 0.599609 0.476562 0.599609 0.478516 0.597656 0.480469 0.599609 0.482422 0.599609 0.482422 0.597656 0.484375 0.595703 0.488281 0.595703 0.492188 0.599609 0.490234 0.601562 0.488281 0.601562 0.494141 0.601562 0.496094 0.603516 0.496094 0.605469 0.494141 0.607422 0.494141 0.611328 0.496094 0.613281 0.488281 0.621094 0.484375 0.617188 0.484375 0.615234 0.482422 0.613281 0.478516 0.617188 0.480469 0.615234 0.482422 0.615234 0.486328 0.619141 0.484375 0.621094 0.486328 0.623047 0.482422 0.626953 0.484375 0.625000 0.486328 0.625000 0.488281 0.623047 0.490234 0.625000 0.488281 0.623047 0.494141 0.617188 0.494141 0.615234 0.496094 0.613281 0.496094 0.609375 0.500000 0.605469 0.500000 0.603516 0.501953 0.601562 0.503906 0.603516 0.503906 0.605469 0.505859 0.607422 0.503906 0.609375 0.501953 0.609375 0.503906 0.609375 0.507812 0.605469 0.509766 0.607422 0.509766 0.609375 0.511719 0.611328 0.511719 0.615234 0.513672 0.615234 0.513672 0.613281 0.511719 0.611328 0.513672 0.609375 0.511719 0.611328 0.509766 0.609375 0.509766 0.607422 0.511719 0.605469 0.515625 0.605469 0.517578 0.607422 0.519531 0.607422 0.521484 0.605469 0.521484 0.603516 0.523438 0.601562 0.525391 0.603516 0.525391 0.605469 0.529297 0.605469 0.531250 0.607422 0.525391 0.613281 0.531250 0.619141 0.529297 0.617188 0.529297 0.615234 0.527344 0.613281 0.531250 0.609375 0.531250 0.607422 0.533203 0.605469 0.535156 0.605469 0.537109 0.607422 0.535156 0.609375 0.535156 0.611328 0.535156 0.609375 0.537109 0.607422 0.539062 0.609375 0.542969 0.609375 0.544922 0.611328 0.542969 0.613281 0.542969 0.619141 0.542969 0.615234 0.544922 0.613281 0.546875 0.613281 0.546875 0.611328 0.544922 0.609375 0.546875 0.607422 0.544922 0.607422 0.542969 0.609375 0.541016 0.609375 0.537109 0.605469 0.537109 0.603516 0.535156 0.601562 0.531250 0.601562 0.529297 0.599609 0.531250 0.597656 0.529297 0.595703 0.527344 0.597656 0.529297 0.599609 0.525391 0.603516 0.523438 0.601562 0.517578 0.601562 0.515625 0.599609 0.517578 0.597656 0.521484 0.597656 0.521484 0.595703 0.517578 0.595703 0.515625 0.593750 0.515625 0.591797 0.517578 0.589844 0.519531 0.589844 0.521484 0.587891 0.523438 0.589844 0.525391 0.589844 0.527344 0.591797 0.527344 0.587891 0.525391 0.589844 0.523438 0.589844 0.521484 0.587891 0.523438 0.585938 0.521484 0.587891 0.517578 0.587891 0.517578 0.589844 0.515625 0.591797 0.509766 0.591797 0.511719 0.593750 0.511719 0.597656 0.513672 0.599609 0.513672 0.601562 0.511719 0.603516 0.507812 0.599609 0.505859 0.599609 0.503906 0.597656 0.501953 0.599609 0.500000 0.597656 0.498047 0.597656 0.500000 0.599609 0.500000 0.601562 0.498047 0.603516 0.496094 0.601562 0.494141 0.601562 0.490234 0.597656 0.492188 0.595703 0.494141 0.595703 0.496094 0.593750 0.500000 0.593750 0.501953 0.591797 0.505859 0.591797 0.503906 0.589844 0.503906 0.587891 0.505859 0.585938 0.501953 0.589844 0.501953 0.591797 0.500000 0.593750 0.498047 0.593750 0.496094 0.591797 0.494141 0.593750 0.492188 0.591797 0.492188 0.589844 0.494141 0.587891 0.496094 0.587891 0.496094 0.585938 0.498047 0.583984 0.501953 0.583984 0.500000 0.582031 0.503906 0.578125 0.505859 0.580078 0.505859 0.582031 0.505859 0.580078 0.503906 0.578125 0.505859 0.576172 0.503906 0.576172 0.501953 0.578125 0.500000 0.576172 0.500000 0.574219 0.503906 0.570312 0.500000 0.566406 0.500000 0.564453 0.498047 0.564453 0.496094 0.566406 0.494141 0.564453 0.494141 0.562500
2 0.365234 0.533203 0.365234 0.537109 0.363281 0.539062 0.363281 0.541016 0.365234 0.542969 0.365234 0.544922 0.363281 0.546875 0.361328 0.546875 0.361328 0.550781 0.359375 0.552734 0.359375 0.554688 0.357422 0.556641 0.357422 0.558594 0.353516 0.562500 0.353516 0.564453 0.351562 0.566406 0.349609 0.566406 0.351562 0.566406 0.353516 0.568359 0.351562 0.570312 0.353516 0.570312 0.353516 0.562500 0.355469 0.560547 0.359375 0.560547 0.361328 0.562500 0.361328 0.566406 0.359375 0.568359 0.359375 0.570312 0.357422 0.572266 0.357422 0.576172 0.359375 0.574219 0.361328 0.576172 0.361328 0.580078 0.359375 0.582031 0.359375 0.583984 0.357422 0.585938 0.355469 0.583984 0.355469 0.582031 0.351562 0.585938 0.351562 0.589844 0.351562 0.587891 0.353516 0.585938 0.355469 0.587891 0.357422 0.585938 0.359375 0.585938 0.359375 0.582031 0.363281 0.578125 0.365234 0.580078 0.365234 0.583984 0.367188 0.585938 0.365234 0.587891 0.365234 0.589844 0.367188 0.591797 0.365234 0.593750 0.365234 0.607422 0.367188 0.609375 0.367188 0.611328 0.365234 0.613281 0.361328 0.613281 0.363281 0.613281 0.365234 0.615234 0.367188 0.615234 0.367188 0.609375 0.365234 0.607422 0.365234 0.603516 0.367188 0.601562 0.365234 0.599609 0.365234 0.593750 0.367188 0.591797 0.369141 0.593750 0.371094 0.593750 0.371094 0.585938 0.369141 0.583984 0.371094 0.582031 0.371094 0.576172 0.369141 0.576172 0.367188 0.574219 0.369141 0.572266 0.369141 0.570312 0.371094 0.568359 0.371094 0.564453 0.373047 0.562500 0.371094 0.560547 0.375000 0.556641 0.378906 0.556641 0.375000 0.556641 0.373047 0.554688 0.373047 0.552734 0.373047 0.558594 0.371094 0.560547 0.369141 0.558594 0.367188 0.560547 0.363281 0.556641 0.365234 0.554688 0.367188 0.554688 0.367188 0.548828 0.365234 0.548828 0.363281 0.546875 0.365234 0.544922
2 0.912109 0.500000 0.910156 0.501953 0.906250 0.501953 0.906250 0.503906 0.908203 0.501953 0.912109 0.505859 0.910156 0.507812 0.906250 0.507812 0.906250 0.511719 0.904297 0.513672 0.904297 0.515625 0.902344 0.517578 0.900391 0.515625 0.898438 0.515625 0.896484 0.513672 0.894531 0.515625 0.894531 0.519531 0.896484 0.519531 0.900391 0.515625 0.902344 0.517578 0.904297 0.515625 0.906250 0.517578 0.908203 0.517578 0.910156 0.519531 0.910156 0.521484 0.916016 0.527344 0.912109 0.531250 0.910156 0.531250 0.908203 0.529297 0.908203 0.525391 0.906250 0.523438 0.904297 0.523438 0.902344 0.521484 0.900391 0.521484 0.902344 0.523438 0.898438 0.527344 0.896484 0.527344 0.898438 0.527344 0.900391 0.529297 0.900391 0.531250 0.902344 0.533203 0.902344 0.537109 0.898438 0.541016 0.898438 0.546875 0.896484 0.548828 0.894531 0.546875 0.892578 0.546875 0.890625 0.548828 0.890625 0.552734 0.892578 0.552734 0.894531 0.554688 0.892578 0.556641 0.892578 0.562500 0.894531 0.560547 0.894531 0.558594 0.896484 0.556641 0.896484 0.554688 0.894531 0.554688 0.892578 0.552734 0.892578 0.550781 0.894531 0.548828 0.898438 0.548828 0.900391 0.550781 0.898438 0.548828 0.904297 0.542969 0.906250 0.542969 0.906250 0.541016 0.904297 0.541016 0.902344 0.539062 0.906250 0.535156 0.906250 0.533203 0.908203 0.531250 0.910156 0.533203 0.910156 0.537109 0.912109 0.535156 0.912109 0.533203 0.914062 0.531250 0.916016 0.531250 0.917969 0.533203 0.917969 0.535156 0.916016 0.537109 0.917969 0.535156 0.919922 0.537109 0.919922 0.539062 0.919922 0.533203 0.921875 0.531250 0.923828 0.531250 0.925781 0.533203 0.925781 0.535156 0.923828 0.537109 0.923828 0.541016 0.921875 0.542969 0.921875 0.544922 0.919922 0.546875 0.916016 0.546875 0.919922 0.546875 0.921875 0.544922 0.921875 0.542969 0.923828 0.541016 0.925781 0.541016 0.927734 0.542969 0.925781 0.544922 0.925781 0.546875 0.927734 0.546875 0.927734 0.544922 0.929688 0.542969 0.929688 0.541016 0.927734 0.542969 0.925781 0.541016 0.925781 0.533203 0.927734 0.531250 0.927734 0.529297 0.925781 0.527344 0.925781 0.525391 0.919922 0.525391 0.917969 0.527344 0.916016 0.527344 0.914062 0.525391 0.916016 0.523438 0.914062 0.523438 0.912109 0.521484 0.914062 0.519531 0.917969 0.519531 0.919922 0.521484 0.923828 0.521484 0.921875 0.521484 0.919922 0.519531 0.921875 0.517578 0.919922 0.515625 0.917969 0.515625 0.916016 0.513672 0.916016 0.511719 0.914062 0.509766 0.914062 0.507812 0.912109 0.505859 0.912109 0.503906 0.910156 0.501953
2 0.300781 0.500000 0.298828 0.501953 0.298828 0.503906 0.294922 0.507812 0.292969 0.505859 0.292969 0.503906 0.291016 0.505859 0.285156 0.505859 0.285156 0.513672 0.283203 0.515625 0.279297 0.515625 0.277344 0.517578 0.273438 0.513672 0.273438 0.509766 0.273438 0.517578 0.271484 0.519531 0.273438 0.517578 0.275391 0.519531 0.275391 0.523438 0.277344 0.525391 0.275391 0.527344 0.275391 0.529297 0.277344 0.531250 0.275391 0.533203 0.273438 0.533203 0.271484 0.531250 0.269531 0.531250 0.267578 0.533203 0.265625 0.533203 0.263672 0.531250 0.261719 0.533203 0.261719 0.535156 0.261719 0.533203 0.263672 0.531250 0.265625 0.533203 0.265625 0.535156 0.267578 0.537109 0.271484 0.537109 0.273438 0.539062 0.273438 0.544922 0.269531 0.548828 0.267578 0.548828 0.265625 0.546875 0.265625 0.544922 0.257812 0.544922 0.255859 0.542969 0.257812 0.544922 0.255859 0.546875 0.255859 0.548828 0.253906 0.550781 0.248047 0.550781 0.246094 0.548828 0.244141 0.550781 0.242188 0.548828 0.242188 0.544922 0.240234 0.542969 0.240234 0.541016 0.244141 0.537109 0.244141 0.533203 0.242188 0.533203 0.240234 0.531250 0.242188 0.533203 0.242188 0.535156 0.238281 0.539062 0.234375 0.535156 0.234375 0.529297 0.230469 0.529297 0.232422 0.531250 0.232422 0.535156 0.234375 0.535156 0.236328 0.537109 0.234375 0.539062 0.232422 0.539062 0.230469 0.541016 0.226562 0.537109 0.224609 0.537109 0.222656 0.535156 0.222656 0.533203 0.224609 0.531250 0.224609 0.529297 0.224609 0.531250 0.222656 0.533203 0.220703 0.533203 0.220703 0.535156 0.222656 0.535156 0.224609 0.537109 0.224609 0.539062 0.228516 0.539062 0.230469 0.541016 0.228516 0.542969 0.226562 0.542969 0.228516 0.542969 0.230469 0.544922 0.230469 0.548828 0.232422 0.546875 0.236328 0.546875 0.232422 0.546875 0.228516 0.542969 0.230469 0.541016 0.234375 0.541016 0.236328 0.539062 0.238281 0.541016 0.238281 0.542969 0.242188 0.546875 0.242188 0.548828 0.240234 0.550781 0.240234 0.554688 0.238281 0.556641 0.234375 0.552734 0.232422 0.552734 0.234375 0.552734 0.238281 0.556641 0.236328 0.558594 0.236328 0.560547 0.234375 0.562500 0.226562 0.562500 0.220703 0.556641 0.220703 0.560547 0.224609 0.564453 0.222656 0.566406 0.224609 0.568359 0.220703 0.572266 0.218750 0.572266 0.216797 0.570312 0.218750 0.568359 0.216797 0.568359 0.216797 0.570312 0.218750 0.572266 0.216797 0.574219 0.214844 0.574219 0.210938 0.578125 0.207031 0.574219 0.207031 0.576172 0.205078 0.578125 0.207031 0.578125 0.208984 0.580078 0.207031 0.582031 0.203125 0.582031 0.199219 0.578125 0.201172 0.576172 0.201172 0.574219 0.197266 0.570312 0.199219 0.572266 0.199219 0.574219 0.195312 0.578125 0.197266 0.580078 0.197266 0.582031 0.195312 0.583984 0.191406 0.580078 0.191406 0.582031 0.193359 0.583984 0.189453 0.587891 0.191406 0.589844 0.191406 0.591797 0.189453 0.593750 0.189453 0.595703 0.187500 0.597656 0.185547 0.597656 0.183594 0.595703 0.183594 0.589844 0.179688 0.585938 0.181641 0.583984 0.181641 0.582031 0.179688 0.580078 0.177734 0.582031 0.177734 0.583984 0.179688 0.585938 0.179688 0.587891 0.181641 0.587891 0.183594 0.589844 0.181641 0.591797 0.179688 0.591797 0.181641 0.593750 0.179688 0.595703 0.179688 0.597656 0.181641 0.597656 0.183594 0.599609 0.179688 0.603516 0.177734 0.603516 0.173828 0.599609 0.173828 0.597656 0.175781 0.595703 0.173828 0.597656 0.173828 0.599609 0.171875 0.601562 0.167969 0.601562 0.169922 0.603516 0.169922 0.605469 0.167969 0.607422 0.166016 0.607422 0.164062 0.609375 0.162109 0.607422 0.160156 0.607422 0.162109 0.607422 0.164062 0.609375 0.164062 0.611328 0.162109 0.613281 0.160156 0.613281 0.156250 0.609375 0.156250 0.603516 0.158203 0.601562 0.162109 0.601562 0.158203 0.601562 0.156250 0.599609 0.158203 0.601562 0.156250 0.603516 0.156250 0.613281 0.158203 0.611328 0.160156 0.613281 0.160156 0.615234 0.158203 0.617188 0.156250 0.617188 0.156250 0.619141 0.158203 0.619141 0.158203 0.617188 0.160156 0.615234 0.162109 0.615234 0.162109 0.613281 0.164062 0.611328 0.164062 0.609375 0.166016 0.607422 0.167969 0.607422 0.169922 0.609375 0.167969 0.611328 0.167969 0.613281 0.166016 0.615234 0.166016 0.619141 0.164062 0.621094 0.169922 0.621094 0.169922 0.615234 0.171875 0.613281 0.173828 0.615234 0.173828 0.617188 0.173828 0.611328 0.175781 0.609375 0.173828 0.609375 0.171875 0.611328 0.167969 0.607422 0.169922 0.605469 0.177734 0.605469 0.179688 0.607422 0.179688 0.611328 0.177734 0.613281 0.177734 0.615234 0.179688 0.613281 0.179688 0.609375 0.181641 0.607422 0.183594 0.609375 0.183594 0.611328 0.185547 0.611328 0.185547 0.609375 0.183594 0.607422 0.185547 0.605469 0.185547 0.603516 0.187500 0.601562 0.189453 0.603516 0.189453 0.607422 0.191406 0.605469 0.191406 0.599609 0.189453 0.599609 0.187500 0.597656 0.191406 0.593750 0.193359 0.595703 0.191406 0.593750 0.191406 0.589844 0.189453 0.587891 0.191406 0.585938 0.193359 0.585938 0.197266 0.582031 0.199219 0.583984 0.199219 0.585938 0.201172 0.583984 0.203125 0.585938 0.203125 0.583984 0.205078 0.582031 0.207031 0.583984 0.207031 0.582031 0.210938 0.578125 0.212891 0.578125 0.214844 0.580078 0.216797 0.578125 0.218750 0.578125 0.220703 0.580078 0.216797 0.583984 0.214844 0.583984 0.212891 0.585938 0.212891 0.587891 0.210938 0.589844 0.208984 0.589844 0.210938 0.589844 0.212891 0.591797 0.212891 0.589844 0.214844 0.587891 0.218750 0.587891 0.220703 0.589844 0.220703 0.591797 0.222656 0.589844 0.224609 0.589844 0.224609 0.587891 0.222656 0.585938 0.220703 0.587891 0.218750 0.585938 0.218750 0.583984 0.220703 0.582031 0.222656 0.582031 0.224609 0.580078 0.226562 0.582031 0.226562 0.583984 0.228516 0.585938 0.228516 0.589844 0.230469 0.587891 0.232422 0.589844 0.234375 0.589844 0.236328 0.591797 0.238281 0.591797 0.240234 0.593750 0.242188 0.591797 0.244141 0.591797 0.246094 0.589844 0.248047 0.591797 0.250000 0.591797 0.250000 0.589844 0.248047 0.587891 0.248047 0.582031 0.250000 0.580078 0.255859 0.580078 0.257812 0.582031 0.253906 0.585938 0.251953 0.583984 0.255859 0.587891 0.255859 0.589844 0.253906 0.591797 0.253906 0.595703 0.251953 0.597656 0.250000 0.597656 0.248047 0.595703 0.246094 0.597656 0.244141 0.595703 0.244141 0.597656 0.253906 0.597656 0.255859 0.599609 0.253906 0.601562 0.257812 0.601562 0.257812 0.599609 0.255859 0.597656 0.257812 0.595703 0.255859 0.593750 0.255859 0.591797 0.257812 0.589844 0.253906 0.585938 0.259766 0.580078 0.263672 0.583984 0.263672 0.587891 0.263672 0.583984 0.261719 0.582031 0.263672 0.580078 0.265625 0.580078 0.267578 0.582031 0.267578 0.583984 0.269531 0.582031 0.273438 0.582031 0.273438 0.580078 0.277344 0.576172 0.279297 0.578125 0.279297 0.582031 0.277344 0.583984 0.277344 0.585938 0.279297 0.583984 0.281250 0.585938 0.283203 0.583984 0.285156 0.583984 0.287109 0.585938 0.289062 0.585938 0.291016 0.587891 0.291016 0.589844 0.287109 0.593750 0.283203 0.593750 0.279297 0.589844 0.287109 0.597656 0.285156 0.599609 0.283203 0.599609 0.287109 0.599609 0.291016 0.603516 0.291016 0.605469 0.289062 0.607422 0.291016 0.609375 0.292969 0.609375 0.294922 0.611328 0.292969 0.613281 0.287109 0.613281 0.291016 0.613281 0.292969 0.615234 0.292969 0.617188 0.291016 0.619141 0.289062 0.619141 0.287109 0.617188 0.289062 0.619141 0.291016 0.619141 0.292969 0.621094 0.292969 0.623047 0.291016 0.625000 0.289062 0.623047 0.287109 0.623047 0.283203 0.619141 0.283203 0.615234 0.281250 0.615234 0.283203 0.617188 0.281250 0.619141 0.277344 0.619141 0.275391 0.621094 0.271484 0.617188 0.271484 0.615234 0.273438 0.613281 0.275391 0.613281 0.277344 0.611328 0.277344 0.609375 0.275391 0.609375 0.275391 0.611328 0.273438 0.613281 0.269531 0.609375 0.267578 0.611328 0.265625 0.611328 0.263672 0.609375 0.265625 0.607422 0.263672 0.605469 0.263672 0.603516 0.267578 0.599609 0.265625 0.599609 0.261719 0.595703 0.263672 0.593750 0.261719 0.595703 0.265625 0.599609 0.265625 0.601562 0.263672 0.603516 0.263672 0.605469 0.261719 0.607422 0.263672 0.609375 0.263672 0.613281 0.261719 0.615234 0.259766 0.613281 0.259766 0.611328 0.253906 0.617188 0.255859 0.615234 0.257812 0.615234 0.259766 0.617188 0.261719 0.615234 0.263672 0.617188 0.265625 0.615234 0.267578 0.615234 0.267578 0.613281 0.269531 0.611328 0.271484 0.613281 0.271484 0.617188 0.273438 0.619141 0.273438 0.621094 0.271484 0.623047 0.275391 0.623047 0.277344 0.625000 0.277344 0.626953 0.275391 0.628906 0.279297 0.628906 0.277344 0.626953 0.277344 0.625000 0.279297 0.623047 0.281250 0.625000 0.279297 0.623047 0.279297 0.621094 0.281250 0.619141 0.283203 0.619141 0.289062 0.625000 0.285156 0.628906 0.287109 0.626953 0.289062 0.626953 0.291016 0.628906 0.291016 0.634766 0.291016 0.628906 0.292969 0.626953 0.294922 0.626953 0.296875 0.628906 0.294922 0.630859 0.296875 0.632812 0.294922 0.634766 0.294922 0.638672 0.294922 0.634766 0.296875 0.632812 0.294922 0.630859 0.296875 0.628906 0.298828 0.628906 0.294922 0.625000 0.296875 0.623047 0.298828 0.623047 0.300781 0.625000 0.304688 0.625000 0.306641 0.623047 0.308594 0.623047 0.306641 0.621094 0.302734 0.621094 0.300781 0.619141 0.294922 0.625000 0.292969 0.623047 0.292969 0.613281 0.294922 0.611328 0.296875 0.613281 0.300781 0.613281 0.302734 0.615234 0.306641 0.615234 0.302734 0.615234 0.300781 0.613281 0.300781 0.609375 0.296875 0.605469 0.296875 0.603516 0.298828 0.601562 0.300781 0.601562 0.298828 0.599609 0.296875 0.599609 0.296875 0.601562 0.294922 0.603516 0.294922 0.607422 0.292969 0.609375 0.291016 0.607422 0.291016 0.603516 0.289062 0.601562 0.294922 0.595703 0.292969 0.593750 0.292969 0.591797 0.294922 0.589844 0.296875 0.589844 0.296875 0.587891 0.294922 0.589844 0.292969 0.587891 0.291016 0.587891 0.289062 0.585938 0.289062 0.583984 0.287109 0.582031 0.287109 0.580078 0.291016 0.576172 0.291016 0.574219 0.287109 0.570312 0.289062 0.568359 0.291016 0.568359 0.292969 0.570312 0.294922 0.568359 0.296875 0.570312 0.296875 0.572266 0.294922 0.574219 0.294922 0.576172 0.296875 0.576172 0.300781 0.580078 0.300781 0.578125 0.298828 0.578125 0.294922 0.574219 0.296875 0.572266 0.296875 0.570312 0.300781 0.566406 0.298828 0.564453 0.298828 0.562500 0.296875 0.560547 0.298828 0.562500 0.298828 0.566406 0.296875 0.568359 0.294922 0.566406 0.292969 0.566406 0.291016 0.564453 0.292969 0.562500 0.292969 0.558594 0.296875 0.554688 0.294922 0.554688 0.292969 0.552734 0.291016 0.554688 0.289062 0.552734 0.287109 0.554688 0.285156 0.552734 0.283203 0.552734 0.281250 0.550781 0.281250 0.548828 0.283203 0.546875 0.285156 0.548828 0.283203 0.546875 0.285156 0.544922 0.283203 0.544922 0.279297 0.541016 0.279297 0.542969 0.277344 0.544922 0.277344 0.546875 0.275391 0.548828 0.273438 0.548828 0.271484 0.546875 0.273438 0.544922 0.273438 0.541016 0.275391 0.539062 0.275391 0.537109 0.277344 0.535156 0.277344 0.533203 0.279297 0.531250 0.279297 0.529297 0.277344 0.531250 0.275391 0.529297 0.275391 0.527344 0.277344 0.525391 0.275391 0.523438 0.277344 0.521484 0.279297 0.521484 0.281250 0.523438 0.281250 0.525391 0.283203 0.527344 0.283203 0.517578 0.285156 0.515625 0.296875 0.515625 0.298828 0.513672 0.300781 0.515625 0.302734 0.513672 0.304688 0.513672 0.304688 0.503906 0.302734 0.503906 0.300781 0.501953
2 0.992188 0.474609 0.994141 0.474609 0.996094 0.476562 0.994141 0.478516 0.992188 0.478516 0.992188 0.480469 0.990234 0.482422 0.990234 0.484375 0.988281 0.486328 0.984375 0.486328 0.984375 0.488281 0.982422 0.490234 0.980469 0.488281 0.978516 0.488281 0.976562 0.490234 0.974609 0.488281 0.976562 0.490234 0.974609 0.492188 0.972656 0.492188 0.970703 0.490234 0.968750 0.492188 0.968750 0.494141 0.966797 0.496094 0.964844 0.494141 0.964844 0.492188 0.964844 0.494141 0.962891 0.496094 0.962891 0.498047 0.964844 0.500000 0.962891 0.498047 0.964844 0.496094 0.966797 0.496094 0.968750 0.494141 0.974609 0.500000 0.972656 0.501953 0.974609 0.503906 0.968750 0.509766 0.966797 0.509766 0.970703 0.509766 0.972656 0.511719 0.974609 0.509766 0.978516 0.513672 0.976562 0.515625 0.970703 0.515625 0.968750 0.517578 0.962891 0.511719 0.966797 0.515625 0.964844 0.517578 0.962891 0.517578 0.960938 0.515625 0.964844 0.519531 0.962891 0.521484 0.960938 0.521484 0.958984 0.519531 0.957031 0.519531 0.957031 0.521484 0.955078 0.523438 0.957031 0.525391 0.955078 0.527344 0.953125 0.527344 0.951172 0.525391 0.949219 0.527344 0.949219 0.529297 0.951172 0.527344 0.953125 0.529297 0.957031 0.525391 0.958984 0.527344 0.958984 0.531250 0.962891 0.527344 0.964844 0.529297 0.964844 0.531250 0.962891 0.533203 0.962891 0.535156 0.960938 0.537109 0.958984 0.537109 0.957031 0.539062 0.958984 0.537109 0.962891 0.537109 0.964844 0.539062 0.964844 0.537109 0.966797 0.535156 0.970703 0.535156 0.970703 0.533203 0.968750 0.533203 0.966797 0.531250 0.968750 0.529297 0.970703 0.529297 0.972656 0.527344 0.968750 0.527344 0.966797 0.525391 0.968750 0.523438 0.974609 0.523438 0.976562 0.525391 0.976562 0.529297 0.978516 0.527344 0.978516 0.525391 0.976562 0.525391 0.972656 0.521484 0.974609 0.519531 0.974609 0.517578 0.976562 0.515625 0.980469 0.515625 0.982422 0.513672 0.984375 0.515625 0.986328 0.515625 0.988281 0.517578 0.988281 0.515625 0.990234 0.513672 0.992188 0.515625 0.992188 0.513672 0.990234 0.513672 0.988281 0.515625 0.984375 0.515625 0.982422 0.513672 0.984375 0.511719 0.986328 0.511719 0.982422 0.511719 0.982422 0.513672 0.980469 0.515625 0.976562 0.511719 0.980469 0.507812 0.982422 0.507812 0.982422 0.501953 0.984375 0.500000 0.988281 0.503906 0.988281 0.505859 0.986328 0.507812 0.988281 0.505859 0.990234 0.505859 0.992188 0.503906 0.994141 0.503906 0.996094 0.505859 0.998047 0.505859 0.998047 0.500000 0.996094 0.498047 0.994141 0.498047 0.992188 0.496094 0.994141 0.494141 0.996094 0.494141 0.996094 0.492188 0.992188 0.488281 0.996094 0.484375 0.998047 0.484375 0.996094 0.482422 0.992188 0.486328 0.990234 0.484375 0.990234 0.482422 0.994141 0.478516 0.996094 0.478516 0.996094 0.474609
2 0.484375 0.458984 0.482422 0.460938 0.476562 0.460938 0.476562 0.462891 0.474609 0.464844 0.472656 0.464844 0.468750 0.468750 0.468750 0.470703 0.466797 0.472656 0.466797 0.478516 0.466797 0.472656 0.468750 0.470703 0.468750 0.468750 0.470703 0.466797 0.472656 0.468750 0.472656 0.480469 0.474609 0.480469 0.476562 0.482422 0.472656 0.486328 0.468750 0.482422 0.472656 0.486328 0.476562 0.486328 0.478516 0.488281 0.492188 0.488281 0.490234 0.486328 0.488281 0.488281 0.484375 0.484375 0.484375 0.482422 0.486328 0.480469 0.490234 0.480469 0.492188 0.482422 0.498047 0.482422 0.498047 0.480469 0.500000 0.478516 0.501953 0.478516 0.505859 0.482422 0.507812 0.480469 0.509766 0.480469 0.509766 0.478516 0.511719 0.476562 0.515625 0.476562 0.517578 0.474609 0.519531 0.474609 0.517578 0.474609 0.515625 0.472656 0.517578 0.470703 0.521484 0.470703 0.521484 0.468750 0.525391 0.464844 0.531250 0.464844 0.533203 0.466797 0.533203 0.470703 0.537109 0.474609 0.537109 0.476562 0.539062 0.478516 0.539062 0.480469 0.541016 0.482422 0.537109 0.486328 0.535156 0.484375 0.533203 0.486328 0.531250 0.484375 0.525391 0.484375 0.523438 0.482422 0.523438 0.486328 0.521484 0.488281 0.523438 0.488281 0.523438 0.486328 0.525391 0.484375 0.527344 0.484375 0.529297 0.486328 0.527344 0.488281 0.529297 0.486328 0.531250 0.488281 0.533203 0.486328 0.539062 0.486328 0.541016 0.484375 0.542969 0.484375 0.544922 0.482422 0.542969 0.482422 0.541016 0.480469 0.541016 0.478516 0.539062 0.476562 0.539062 0.472656 0.541016 0.470703 0.544922 0.474609 0.544922 0.476562 0.546875 0.478516 0.546875 0.472656 0.544922 0.470703 0.544922 0.468750 0.542969 0.466797 0.544922 0.468750 0.542969 0.470703 0.541016 0.470703 0.537109 0.466797 0.539062 0.464844 0.521484 0.464844 0.521484 0.466797 0.519531 0.468750 0.505859 0.468750 0.505859 0.472656 0.507812 0.474609 0.505859 0.476562 0.494141 0.476562 0.492188 0.474609 0.494141 0.472656 0.500000 0.472656 0.498047 0.470703 0.500000 0.468750 0.500000 0.466797 0.501953 0.464844 0.505859 0.464844 0.507812 0.462891 0.509766 0.462891 0.511719 0.464844 0.515625 0.464844 0.511719 0.464844 0.509766 0.462891 0.509766 0.460938 0.494141 0.460938 0.494141 0.462891 0.490234 0.466797 0.486328 0.466797 0.484375 0.464844
2 0.416016 0.439453 0.417969 0.441406 0.414062 0.445312 0.414062 0.447266 0.410156 0.451172 0.412109 0.451172 0.417969 0.457031 0.417969 0.458984 0.416016 0.460938 0.416016 0.462891 0.408203 0.470703 0.406250 0.470703 0.406250 0.472656 0.404297 0.474609 0.402344 0.472656 0.402344 0.466797 0.404297 0.464844 0.402344 0.466797 0.402344 0.468750 0.400391 0.470703 0.400391 0.472656 0.398438 0.474609 0.392578 0.468750 0.392578 0.458984 0.392578 0.462891 0.390625 0.464844 0.390625 0.470703 0.392578 0.472656 0.392578 0.476562 0.390625 0.478516 0.388672 0.476562 0.382812 0.476562 0.380859 0.474609 0.382812 0.472656 0.382812 0.470703 0.384766 0.468750 0.382812 0.466797 0.382812 0.464844 0.384766 0.462891 0.384766 0.460938 0.384766 0.462891 0.382812 0.464844 0.380859 0.464844 0.378906 0.466797 0.376953 0.464844 0.375000 0.464844 0.375000 0.468750 0.373047 0.470703 0.371094 0.468750 0.369141 0.470703 0.369141 0.472656 0.373047 0.472656 0.375000 0.474609 0.373047 0.476562 0.371094 0.476562 0.371094 0.478516 0.373047 0.478516 0.375000 0.480469 0.371094 0.484375 0.371094 0.486328 0.373047 0.488281 0.373047 0.490234 0.375000 0.492188 0.376953 0.492188 0.378906 0.490234 0.380859 0.490234 0.378906 0.488281 0.380859 0.486328 0.380859 0.484375 0.382812 0.482422 0.384766 0.484375 0.384766 0.486328 0.386719 0.488281 0.386719 0.492188 0.384766 0.494141 0.380859 0.494141 0.378906 0.496094 0.375000 0.496094 0.371094 0.500000 0.369141 0.500000 0.365234 0.496094 0.367188 0.498047 0.367188 0.500000 0.369141 0.501953 0.369141 0.503906 0.371094 0.505859 0.373047 0.505859 0.373047 0.503906 0.375000 0.501953 0.376953 0.501953 0.380859 0.505859 0.380859 0.509766 0.378906 0.511719 0.378906 0.513672 0.378906 0.511719 0.380859 0.509766 0.380859 0.507812 0.384766 0.503906 0.386719 0.503906 0.386719 0.501953 0.384766 0.500000 0.384766 0.496094 0.386719 0.494141 0.392578 0.494141 0.390625 0.492188 0.392578 0.490234 0.394531 0.490234 0.396484 0.492188 0.396484 0.494141 0.398438 0.496094 0.402344 0.496094 0.404297 0.494141 0.406250 0.496094 0.410156 0.496094 0.410156 0.494141 0.406250 0.494141 0.404297 0.492188 0.402344 0.494141 0.400391 0.492188 0.400391 0.490234 0.402344 0.488281 0.404297 0.488281 0.402344 0.486328 0.400391 0.486328 0.398438 0.488281 0.394531 0.484375 0.400391 0.478516 0.402344 0.478516 0.406250 0.474609 0.408203 0.476562 0.408203 0.478516 0.406250 0.480469 0.408203 0.478516 0.408203 0.476562 0.406250 0.474609 0.408203 0.472656 0.408203 0.470703 0.410156 0.468750 0.412109 0.468750 0.414062 0.470703 0.414062 0.474609 0.414062 0.470703 0.416016 0.468750 0.414062 0.466797 0.416016 0.464844 0.416016 0.460938 0.417969 0.458984 0.419922 0.460938 0.419922 0.462891 0.419922 0.457031 0.417969 0.457031 0.412109 0.451172 0.412109 0.449219 0.414062 0.447266 0.416016 0.449219 0.416016 0.447266 0.414062 0.445312 0.417969 0.441406 0.423828 0.441406 0.427734 0.445312 0.427734 0.451172 0.429688 0.451172 0.427734 0.449219 0.427734 0.445312 0.421875 0.439453 0.419922 0.441406 0.417969 0.441406
2 0.763672 0.423828 0.765625 0.423828 0.769531 0.427734 0.771484 0.427734 0.773438 0.429688 0.773438 0.431641 0.775391 0.433594 0.773438 0.435547 0.775391 0.437500 0.775391 0.441406 0.773438 0.443359 0.767578 0.443359 0.765625 0.445312 0.761719 0.441406 0.763672 0.439453 0.761719 0.439453 0.761719 0.441406 0.759766 0.443359 0.759766 0.445312 0.757812 0.447266 0.753906 0.447266 0.753906 0.451172 0.755859 0.449219 0.757812 0.451172 0.761719 0.451172 0.763672 0.453125 0.765625 0.453125 0.767578 0.455078 0.767578 0.462891 0.763672 0.466797 0.765625 0.468750 0.765625 0.470703 0.763672 0.472656 0.761719 0.470703 0.759766 0.472656 0.757812 0.472656 0.755859 0.470703 0.755859 0.466797 0.757812 0.464844 0.755859 0.466797 0.753906 0.466797 0.753906 0.468750 0.755859 0.470703 0.755859 0.472656 0.759766 0.472656 0.761719 0.474609 0.763672 0.472656 0.769531 0.478516 0.765625 0.482422 0.765625 0.484375 0.771484 0.484375 0.773438 0.486328 0.775391 0.486328 0.777344 0.484375 0.775391 0.486328 0.773438 0.484375 0.773438 0.482422 0.771484 0.484375 0.769531 0.482422 0.769531 0.480469 0.771484 0.478516 0.769531 0.478516 0.765625 0.474609 0.765625 0.472656 0.767578 0.470703 0.771484 0.474609 0.771484 0.470703 0.773438 0.468750 0.773438 0.466797 0.777344 0.462891 0.777344 0.460938 0.775391 0.458984 0.775391 0.455078 0.777344 0.453125 0.781250 0.457031 0.779297 0.455078 0.785156 0.449219 0.781250 0.453125 0.779297 0.453125 0.777344 0.451172 0.779297 0.449219 0.779297 0.447266 0.777344 0.447266 0.775391 0.449219 0.773438 0.447266 0.773438 0.445312 0.777344 0.441406 0.779297 0.443359 0.781250 0.441406 0.783203 0.443359 0.783203 0.445312 0.783203 0.443359 0.785156 0.441406 0.787109 0.441406 0.789062 0.439453 0.787109 0.441406 0.785156 0.439453 0.783203 0.439453 0.781250 0.441406 0.777344 0.441406 0.775391 0.439453 0.775391 0.437500 0.773438 0.435547 0.775391 0.433594 0.777344 0.433594 0.775391 0.433594 0.773438 0.431641 0.773438 0.429688 0.775391 0.427734 0.773438 0.425781 0.773438 0.423828 0.771484 0.425781 0.767578 0.425781 0.765625 0.423828
2 0.193359 0.417969 0.189453 0.421875 0.189453 0.423828 0.187500 0.425781 0.185547 0.423828 0.185547 0.421875 0.183594 0.423828 0.181641 0.423828 0.183594 0.425781 0.183594 0.427734 0.185547 0.429688 0.185547 0.427734 0.187500 0.425781 0.189453 0.425781 0.191406 0.427734 0.193359 0.427734 0.195312 0.429688 0.193359 0.431641 0.191406 0.431641 0.183594 0.439453 0.181641 0.439453 0.179688 0.441406 0.177734 0.439453 0.175781 0.439453 0.177734 0.439453 0.179688 0.441406 0.177734 0.443359 0.175781 0.443359 0.179688 0.443359 0.181641 0.441406 0.183594 0.443359 0.183594 0.445312 0.181641 0.447266 0.177734 0.447266 0.175781 0.449219 0.173828 0.449219 0.177734 0.449219 0.179688 0.451172 0.177734 0.453125 0.175781 0.453125 0.177734 0.453125 0.179688 0.451172 0.183594 0.455078 0.183594 0.458984 0.181641 0.460938 0.179688 0.460938 0.179688 0.462891 0.177734 0.464844 0.175781 0.464844 0.173828 0.462891 0.173828 0.460938 0.173828 0.462891 0.171875 0.464844 0.173828 0.466797 0.171875 0.468750 0.169922 0.468750 0.166016 0.464844 0.167969 0.466797 0.166016 0.468750 0.167969 0.470703 0.167969 0.472656 0.166016 0.474609 0.164062 0.472656 0.164062 0.474609 0.167969 0.474609 0.169922 0.476562 0.173828 0.476562 0.177734 0.480469 0.177734 0.482422 0.175781 0.484375 0.171875 0.484375 0.169922 0.486328 0.167969 0.484375 0.167969 0.482422 0.166016 0.480469 0.167969 0.482422 0.167969 0.488281 0.166016 0.490234 0.166016 0.492188 0.169922 0.492188 0.171875 0.490234 0.169922 0.488281 0.171875 0.486328 0.173828 0.486328 0.177734 0.490234 0.179688 0.488281 0.183594 0.488281 0.185547 0.490234 0.183594 0.492188 0.183594 0.494141 0.185547 0.494141 0.187500 0.492188 0.183594 0.488281 0.185547 0.486328 0.183594 0.486328 0.181641 0.484375 0.181641 0.482422 0.183594 0.480469 0.185547 0.480469 0.187500 0.478516 0.189453 0.478516 0.189453 0.474609 0.187500 0.472656 0.189453 0.470703 0.189453 0.468750 0.187500 0.470703 0.183594 0.466797 0.183594 0.458984 0.185547 0.457031 0.185547 0.455078 0.183594 0.455078 0.181641 0.453125 0.181641 0.451172 0.183594 0.449219 0.185547 0.451172 0.189453 0.451172 0.189453 0.447266 0.191406 0.445312 0.193359 0.445312 0.195312 0.443359 0.197266 0.443359 0.199219 0.441406 0.201172 0.443359 0.203125 0.443359 0.205078 0.445312 0.201172 0.449219 0.197266 0.449219 0.195312 0.451172 0.193359 0.449219 0.193359 0.451172 0.195312 0.453125 0.199219 0.449219 0.201172 0.449219 0.203125 0.451172 0.203125 0.453125 0.201172 0.455078 0.205078 0.455078 0.205078 0.445312 0.203125 0.443359 0.201172 0.443359 0.199219 0.441406 0.197266 0.443359 0.193359 0.439453 0.193359 0.437500 0.195312 0.435547 0.195312 0.433594 0.193359 0.431641 0.197266 0.427734 0.199219 0.429688 0.199219 0.427734 0.201172 0.425781 0.199219 0.427734 0.197266 0.427734 0.193359 0.423828 0.195312 0.421875 0.199219 0.421875 0.195312 0.421875 0.193359 0.419922
2 0.841797 0.406250 0.845703 0.410156 0.843750 0.412109 0.841797 0.412109 0.839844 0.414062 0.837891 0.414062 0.837891 0.416016 0.835938 0.417969 0.833984 0.417969 0.833984 0.421875 0.833984 0.419922 0.835938 0.417969 0.839844 0.417969 0.843750 0.421875 0.841797 0.423828 0.839844 0.423828 0.841797 0.423828 0.843750 0.425781 0.843750 0.427734 0.841797 0.429688 0.839844 0.427734 0.837891 0.427734 0.839844 0.429688 0.839844 0.431641 0.837891 0.433594 0.832031 0.433594 0.830078 0.435547 0.828125 0.435547 0.826172 0.433594 0.820312 0.433594 0.820312 0.435547 0.824219 0.435547 0.828125 0.439453 0.828125 0.443359 0.826172 0.445312 0.824219 0.443359 0.822266 0.443359 0.820312 0.441406 0.820312 0.439453 0.818359 0.439453 0.816406 0.441406 0.814453 0.439453 0.814453 0.437500 0.812500 0.437500 0.810547 0.435547 0.810547 0.433594 0.812500 0.431641 0.816406 0.431641 0.816406 0.427734 0.818359 0.425781 0.816406 0.423828 0.814453 0.425781 0.812500 0.423828 0.810547 0.423828 0.810547 0.427734 0.808594 0.429688 0.806641 0.427734 0.806641 0.423828 0.806641 0.429688 0.808594 0.429688 0.810547 0.431641 0.810547 0.433594 0.808594 0.435547 0.806641 0.435547 0.804688 0.433594 0.802734 0.433594 0.804688 0.433594 0.806641 0.435547 0.806641 0.437500 0.804688 0.439453 0.798828 0.439453 0.800781 0.441406 0.800781 0.447266 0.802734 0.449219 0.798828 0.453125 0.796875 0.453125 0.794922 0.451172 0.792969 0.451172 0.791016 0.449219 0.791016 0.447266 0.792969 0.445312 0.791016 0.445312 0.791016 0.447266 0.789062 0.449219 0.791016 0.449219 0.792969 0.451172 0.792969 0.453125 0.791016 0.455078 0.789062 0.455078 0.787109 0.453125 0.789062 0.455078 0.785156 0.458984 0.787109 0.458984 0.789062 0.460938 0.789062 0.464844 0.787109 0.466797 0.785156 0.466797 0.783203 0.464844 0.785156 0.466797 0.783203 0.468750 0.783203 0.470703 0.783203 0.468750 0.785156 0.466797 0.791016 0.466797 0.792969 0.468750 0.794922 0.468750 0.792969 0.468750 0.789062 0.464844 0.791016 0.462891 0.791016 0.455078 0.792969 0.453125 0.794922 0.455078 0.794922 0.464844 0.798828 0.464844 0.800781 0.466797 0.800781 0.468750 0.798828 0.470703 0.804688 0.470703 0.802734 0.470703 0.800781 0.468750 0.800781 0.466797 0.802734 0.464844 0.804688 0.464844 0.806641 0.462891 0.808594 0.462891 0.810547 0.464844 0.808594 0.466797 0.808594 0.470703 0.808594 0.466797 0.810547 0.464844 0.808594 0.462891 0.808594 0.460938 0.806641 0.460938 0.804688 0.458984 0.806641 0.457031 0.806641 0.455078 0.802734 0.455078 0.800781 0.453125 0.802734 0.451172 0.804688 0.451172 0.804688 0.449219 0.808594 0.445312 0.814453 0.451172 0.814453 0.453125 0.812500 0.455078 0.808594 0.451172 0.810547 0.453125 0.810547 0.457031 0.812500 0.455078 0.814453 0.457031 0.814453 0.458984 0.820312 0.458984 0.824219 0.455078 0.826172 0.457031 0.828125 0.457031 0.832031 0.460938 0.832031 0.462891 0.832031 0.460938 0.830078 0.458984 0.830078 0.455078 0.828125 0.453125 0.832031 0.449219 0.830078 0.449219 0.828125 0.447266 0.832031 0.443359 0.833984 0.445312 0.833984 0.441406 0.832031 0.439453 0.833984 0.437500 0.832031 0.435547 0.833984 0.433594 0.835938 0.433594 0.837891 0.435547 0.837891 0.441406 0.839844 0.443359 0.837891 0.445312 0.843750 0.445312 0.843750 0.437500 0.845703 0.435547 0.847656 0.437500 0.847656 0.439453 0.849609 0.441406 0.847656 0.443359 0.849609 0.443359 0.851562 0.445312 0.853516 0.445312 0.855469 0.447266 0.857422 0.447266 0.859375 0.445312 0.861328 0.447266 0.861328 0.445312 0.863281 0.443359 0.867188 0.447266 0.865234 0.449219 0.865234 0.451172 0.869141 0.451172 0.871094 0.453125 0.873047 0.451172 0.875000 0.453125 0.878906 0.453125 0.880859 0.455078 0.882812 0.455078 0.884766 0.457031 0.884766 0.458984 0.882812 0.460938 0.880859 0.458984 0.878906 0.460938 0.878906 0.462891 0.876953 0.464844 0.873047 0.464844 0.871094 0.466797 0.869141 0.466797 0.867188 0.464844 0.869141 0.466797 0.871094 0.466797 0.873047 0.464844 0.875000 0.466797 0.882812 0.466797 0.882812 0.464844 0.884766 0.462891 0.886719 0.462891 0.886719 0.460938 0.884766 0.458984 0.886719 0.457031 0.884766 0.457031 0.882812 0.455078 0.882812 0.453125 0.884766 0.451172 0.886719 0.451172 0.886719 0.447266 0.888672 0.445312 0.890625 0.447266 0.890625 0.449219 0.892578 0.449219 0.896484 0.445312 0.898438 0.445312 0.900391 0.447266 0.894531 0.453125 0.892578 0.453125 0.896484 0.457031 0.896484 0.455078 0.898438 0.453125 0.900391 0.455078 0.900391 0.453125 0.902344 0.451172 0.900391 0.451172 0.898438 0.449219 0.902344 0.445312 0.904297 0.447266 0.906250 0.447266 0.906250 0.445312 0.900391 0.445312 0.898438 0.443359 0.898438 0.441406 0.892578 0.435547 0.892578 0.431641 0.888672 0.427734 0.890625 0.429688 0.890625 0.431641 0.888672 0.433594 0.886719 0.431641 0.884766 0.431641 0.884766 0.435547 0.886719 0.435547 0.888672 0.437500 0.884766 0.441406 0.882812 0.441406 0.886719 0.445312 0.886719 0.449219 0.884766 0.451172 0.882812 0.451172 0.880859 0.449219 0.875000 0.449219 0.873047 0.451172 0.871094 0.451172 0.869141 0.449219 0.869141 0.447266 0.867188 0.447266 0.865234 0.445312 0.867188 0.443359 0.861328 0.443359 0.859375 0.441406 0.861328 0.439453 0.861328 0.435547 0.861328 0.439453 0.859375 0.441406 0.857422 0.439453 0.857422 0.435547 0.855469 0.435547 0.851562 0.431641 0.851562 0.429688 0.849609 0.427734 0.847656 0.429688 0.845703 0.427734 0.845703 0.423828 0.843750 0.421875 0.843750 0.419922 0.847656 0.416016 0.849609 0.416016 0.851562 0.417969 0.849609 0.419922 0.849609 0.423828 0.851562 0.423828 0.851562 0.419922 0.855469 0.416016 0.853516 0.414062 0.853516 0.416016 0.851562 0.417969 0.849609 0.416016 0.849609 0.410156 0.851562 0.408203 0.853516 0.410156 0.853516 0.408203 0.851562 0.406250 0.851562 0.408203 0.849609 0.410156 0.845703 0.410156
2 0.093750 0.406250 0.093750 0.408203 0.091797 0.410156 0.087891 0.410156 0.087891 0.414062 0.089844 0.414062 0.091797 0.416016 0.089844 0.417969 0.087891 0.417969 0.085938 0.419922 0.083984 0.419922 0.080078 0.416016 0.080078 0.414062 0.078125 0.414062 0.076172 0.416016 0.074219 0.416016 0.072266 0.414062 0.072266 0.410156 0.072266 0.414062 0.070312 0.416016 0.064453 0.410156 0.066406 0.408203 0.060547 0.414062 0.056641 0.410156 0.056641 0.408203 0.054688 0.408203 0.054688 0.410156 0.056641 0.410156 0.058594 0.412109 0.056641 0.414062 0.052734 0.414062 0.050781 0.412109 0.048828 0.412109 0.048828 0.414062 0.050781 0.414062 0.054688 0.417969 0.052734 0.419922 0.052734 0.421875 0.050781 0.423828 0.050781 0.425781 0.048828 0.427734 0.046875 0.427734 0.044922 0.425781 0.042969 0.425781 0.042969 0.427734 0.041016 0.429688 0.037109 0.425781 0.037109 0.423828 0.037109 0.429688 0.039062 0.431641 0.039062 0.435547 0.042969 0.439453 0.039062 0.443359 0.041016 0.443359 0.042969 0.441406 0.044922 0.441406 0.044922 0.439453 0.042969 0.439453 0.041016 0.437500 0.041016 0.433594 0.039062 0.431641 0.042969 0.427734 0.046875 0.427734 0.048828 0.429688 0.048828 0.427734 0.050781 0.425781 0.052734 0.425781 0.054688 0.423828 0.052734 0.421875 0.052734 0.419922 0.054688 0.417969 0.054688 0.416016 0.056641 0.414062 0.060547 0.417969 0.062500 0.417969 0.064453 0.416016 0.068359 0.416016 0.070312 0.417969 0.070312 0.419922 0.072266 0.419922 0.072266 0.417969 0.074219 0.416016 0.076172 0.416016 0.080078 0.419922 0.076172 0.423828 0.072266 0.423828 0.070312 0.425781 0.066406 0.425781 0.064453 0.423828 0.064453 0.421875 0.060547 0.421875 0.060547 0.423828 0.062500 0.425781 0.064453 0.423828 0.066406 0.425781 0.066406 0.427734 0.068359 0.425781 0.070312 0.425781 0.072266 0.427734 0.070312 0.425781 0.072266 0.423828 0.076172 0.423828 0.082031 0.417969 0.083984 0.419922 0.085938 0.419922 0.087891 0.421875 0.087891 0.423828 0.085938 0.425781 0.083984 0.423828 0.082031 0.423828 0.082031 0.425781 0.080078 0.427734 0.080078 0.429688 0.082031 0.431641 0.080078 0.433594 0.080078 0.435547 0.080078 0.433594 0.082031 0.431641 0.080078 0.429688 0.080078 0.427734 0.083984 0.423828 0.085938 0.425781 0.085938 0.427734 0.087891 0.429688 0.085938 0.431641 0.085938 0.433594 0.087891 0.435547 0.093750 0.435547 0.095703 0.437500 0.097656 0.437500 0.099609 0.439453 0.097656 0.441406 0.099609 0.441406 0.099609 0.439453 0.097656 0.437500 0.099609 0.435547 0.097656 0.433594 0.099609 0.431641 0.105469 0.431641 0.107422 0.433594 0.103516 0.437500 0.105469 0.437500 0.109375 0.433594 0.109375 0.431641 0.107422 0.431641 0.105469 0.429688 0.107422 0.427734 0.105469 0.425781 0.105469 0.429688 0.103516 0.431641 0.101562 0.429688 0.099609 0.429688 0.097656 0.427734 0.093750 0.427734 0.093750 0.429688 0.091797 0.431641 0.089844 0.429688 0.089844 0.427734 0.087891 0.427734 0.085938 0.425781 0.087891 0.423828 0.089844 0.423828 0.093750 0.419922 0.099609 0.419922 0.101562 0.417969 0.103516 0.419922 0.103516 0.421875 0.107422 0.421875 0.107422 0.419922 0.109375 0.417969 0.111328 0.419922 0.111328 0.425781 0.111328 0.419922 0.113281 0.417969 0.111328 0.416016 0.111328 0.414062 0.111328 0.416016 0.109375 0.417969 0.107422 0.416016 0.107422 0.417969 0.105469 0.419922 0.101562 0.416016 0.101562 0.414062 0.097656 0.417969 0.095703 0.417969 0.093750 0.419922 0.091797 0.417969 0.091797 0.416016 0.093750 0.414062 0.095703 0.414062 0.095703 0.412109 0.097656 0.410156 0.097656 0.408203 0.095703 0.406250
2 0.726562 0.388672 0.726562 0.390625 0.724609 0.392578 0.722656 0.392578 0.720703 0.394531 0.718750 0.392578 0.716797 0.392578 0.716797 0.394531 0.714844 0.396484 0.712891 0.394531 0.708984 0.398438 0.708984 0.404297 0.705078 0.408203 0.703125 0.408203 0.703125 0.410156 0.701172 0.412109 0.701172 0.416016 0.699219 0.417969 0.701172 0.419922 0.701172 0.421875 0.697266 0.425781 0.697266 0.435547 0.695312 0.437500 0.695312 0.441406 0.693359 0.443359 0.691406 0.441406 0.691406 0.443359 0.693359 0.445312 0.693359 0.447266 0.691406 0.449219 0.689453 0.449219 0.693359 0.449219 0.695312 0.447266 0.697266 0.449219 0.699219 0.449219 0.697266 0.447266 0.697266 0.445312 0.699219 0.443359 0.701172 0.443359 0.703125 0.441406 0.705078 0.441406 0.707031 0.443359 0.708984 0.443359 0.708984 0.441406 0.710938 0.439453 0.714844 0.443359 0.712891 0.445312 0.712891 0.447266 0.714844 0.447266 0.716797 0.445312 0.716797 0.443359 0.718750 0.441406 0.724609 0.447266 0.724609 0.449219 0.722656 0.451172 0.724609 0.451172 0.724609 0.447266 0.722656 0.445312 0.722656 0.443359 0.724609 0.441406 0.728516 0.441406 0.728516 0.439453 0.730469 0.437500 0.734375 0.437500 0.736328 0.435547 0.738281 0.435547 0.736328 0.433594 0.736328 0.431641 0.738281 0.429688 0.742188 0.429688 0.746094 0.425781 0.750000 0.425781 0.751953 0.427734 0.750000 0.425781 0.750000 0.419922 0.751953 0.417969 0.757812 0.423828 0.757812 0.427734 0.759766 0.429688 0.757812 0.427734 0.757812 0.421875 0.755859 0.421875 0.751953 0.417969 0.753906 0.416016 0.751953 0.414062 0.748047 0.414062 0.744141 0.417969 0.742188 0.416016 0.742188 0.412109 0.744141 0.410156 0.744141 0.408203 0.751953 0.400391 0.750000 0.398438 0.750000 0.394531 0.748047 0.394531 0.750000 0.396484 0.750000 0.402344 0.748047 0.404297 0.744141 0.400391 0.746094 0.398438 0.744141 0.396484 0.742188 0.396484 0.742188 0.398438 0.740234 0.400391 0.736328 0.396484 0.738281 0.394531 0.736328 0.392578 0.732422 0.392578 0.730469 0.394531 0.726562 0.390625
2 0.609375 0.332031 0.609375 0.337891 0.611328 0.339844 0.609375 0.341797 0.609375 0.345703 0.607422 0.347656 0.609375 0.347656 0.611328 0.349609 0.609375 0.351562 0.607422 0.351562 0.603516 0.355469 0.603516 0.357422 0.601562 0.359375 0.599609 0.357422 0.597656 0.357422 0.595703 0.359375 0.597656 0.357422 0.599609 0.359375 0.599609 0.361328 0.601562 0.363281 0.603516 0.363281 0.605469 0.361328 0.607422 0.363281 0.607422 0.365234 0.611328 0.365234 0.613281 0.367188 0.615234 0.367188 0.617188 0.369141 0.617188 0.365234 0.619141 0.363281 0.625000 0.363281 0.623047 0.361328 0.623047 0.359375 0.621094 0.361328 0.619141 0.361328 0.617188 0.359375 0.615234 0.359375 0.613281 0.357422 0.611328 0.357422 0.609375 0.355469 0.611328 0.353516 0.613281 0.353516 0.615234 0.351562 0.617188 0.351562 0.617188 0.349609 0.615234 0.347656 0.613281 0.349609 0.611328 0.349609 0.609375 0.347656 0.609375 0.345703 0.611328 0.343750 0.611328 0.339844 0.613281 0.337891 0.615234 0.337891 0.619141 0.333984 0.621094 0.335938 0.623047 0.335938 0.625000 0.337891 0.623047 0.339844 0.623047 0.341797 0.625000 0.343750 0.623047 0.345703 0.621094 0.345703 0.619141 0.343750 0.619141 0.339844 0.617188 0.341797 0.617188 0.343750 0.619141 0.343750 0.621094 0.345703 0.621094 0.347656 0.623047 0.347656 0.626953 0.351562 0.628906 0.351562 0.630859 0.353516 0.632812 0.351562 0.632812 0.349609 0.630859 0.351562 0.626953 0.351562 0.623047 0.347656 0.623047 0.345703 0.625000 0.343750 0.628906 0.347656 0.630859 0.345703 0.630859 0.343750 0.632812 0.341797 0.634766 0.341797 0.636719 0.343750 0.636719 0.345703 0.638672 0.347656 0.638672 0.349609 0.640625 0.351562 0.642578 0.351562 0.640625 0.351562 0.638672 0.349609 0.644531 0.343750 0.644531 0.341797 0.642578 0.341797 0.644531 0.343750 0.640625 0.347656 0.638672 0.347656 0.636719 0.345703 0.636719 0.339844 0.640625 0.335938 0.640625 0.332031 0.638672 0.333984 0.636719 0.333984 0.632812 0.337891 0.630859 0.337891 0.628906 0.335938 0.628906 0.333984 0.630859 0.332031 0.628906 0.333984 0.626953 0.333984 0.625000 0.332031 0.621094 0.332031 0.617188 0.335938 0.613281 0.332031 0.611328 0.333984
2 0.990234 0.316406 0.992188 0.318359 0.992188 0.320312 0.990234 0.322266 0.984375 0.322266 0.982422 0.320312 0.982422 0.318359 0.980469 0.318359 0.980469 0.324219 0.982422 0.326172 0.980469 0.328125 0.976562 0.328125 0.974609 0.330078 0.972656 0.330078 0.972656 0.333984 0.976562 0.337891 0.974609 0.339844 0.972656 0.339844 0.970703 0.337891 0.972656 0.339844 0.974609 0.339844 0.976562 0.337891 0.980469 0.337891 0.982422 0.339844 0.984375 0.339844 0.988281 0.343750 0.988281 0.345703 0.986328 0.347656 0.982422 0.347656 0.980469 0.345703 0.982422 0.343750 0.976562 0.343750 0.974609 0.345703 0.978516 0.349609 0.978516 0.355469 0.976562 0.357422 0.978516 0.355469 0.984375 0.355469 0.986328 0.353516 0.988281 0.355469 0.988281 0.359375 0.986328 0.361328 0.986328 0.363281 0.986328 0.361328 0.988281 0.359375 0.988281 0.357422 0.990234 0.355469 0.990234 0.353516 0.992188 0.351562 0.996094 0.351562 0.996094 0.349609 0.994141 0.351562 0.992188 0.351562 0.990234 0.349609 0.990234 0.347656 0.992188 0.345703 0.992188 0.343750 0.988281 0.339844 0.992188 0.335938 0.992188 0.333984 0.990234 0.332031 0.992188 0.330078 0.994141 0.330078 0.994141 0.328125 0.992188 0.330078 0.990234 0.328125 0.990234 0.322266 0.992188 0.320312 0.992188 0.318359
2 0.402344 0.312500 0.404297 0.314453 0.404297 0.322266 0.406250 0.320312 0.414062 0.320312 0.416016 0.322266 0.414062 0.324219 0.416016 0.324219 0.417969 0.326172 0.417969 0.330078 0.419922 0.332031 0.419922 0.335938 0.416016 0.339844 0.417969 0.339844 0.419922 0.341797 0.417969 0.343750 0.416016 0.343750 0.416016 0.347656 0.414062 0.349609 0.412109 0.347656 0.412109 0.341797 0.410156 0.339844 0.408203 0.339844 0.406250 0.337891 0.408203 0.339844 0.406250 0.341797 0.408203 0.341797 0.412109 0.345703 0.412109 0.349609 0.414062 0.351562 0.412109 0.353516 0.410156 0.353516 0.408203 0.351562 0.410156 0.353516 0.410156 0.355469 0.412109 0.357422 0.416016 0.357422 0.417969 0.355469 0.419922 0.357422 0.417969 0.355469 0.416016 0.355469 0.414062 0.353516 0.414062 0.349609 0.416016 0.347656 0.417969 0.347656 0.419922 0.349609 0.421875 0.347656 0.423828 0.347656 0.425781 0.349609 0.427734 0.347656 0.429688 0.347656 0.431641 0.345703 0.429688 0.345703 0.427734 0.343750 0.427734 0.341797 0.423828 0.341797 0.421875 0.339844 0.421875 0.337891 0.423828 0.335938 0.425781 0.337891 0.423828 0.335938 0.421875 0.337891 0.419922 0.335938 0.419922 0.333984 0.421875 0.332031 0.425781 0.332031 0.429688 0.328125 0.433594 0.332031 0.433594 0.333984 0.435547 0.335938 0.437500 0.335938 0.435547 0.333984 0.435547 0.332031 0.439453 0.328125 0.441406 0.330078 0.441406 0.332031 0.443359 0.330078 0.447266 0.330078 0.451172 0.333984 0.447266 0.337891 0.445312 0.337891 0.443359 0.335938 0.441406 0.337891 0.443359 0.339844 0.451172 0.339844 0.453125 0.337891 0.457031 0.341797 0.455078 0.343750 0.451172 0.343750 0.451172 0.345703 0.449219 0.347656 0.449219 0.349609 0.449219 0.347656 0.453125 0.343750 0.455078 0.345703 0.455078 0.347656 0.453125 0.349609 0.453125 0.351562 0.455078 0.351562 0.457031 0.353516 0.457031 0.347656 0.458984 0.345703 0.460938 0.347656 0.462891 0.347656 0.464844 0.349609 0.464844 0.353516 0.466797 0.353516 0.468750 0.355469 0.466797 0.357422 0.468750 0.355469 0.470703 0.357422 0.472656 0.357422 0.470703 0.357422 0.468750 0.355469 0.468750 0.353516 0.462891 0.347656 0.466797 0.343750 0.466797 0.339844 0.462891 0.335938 0.462891 0.333984 0.460938 0.332031 0.462891 0.330078 0.457031 0.330078 0.455078 0.332031 0.455078 0.335938 0.451172 0.339844 0.449219 0.337891 0.449219 0.335938 0.451172 0.333984 0.451172 0.332031 0.449219 0.332031 0.447266 0.330078 0.445312 0.330078 0.443359 0.328125 0.443359 0.324219 0.443359 0.326172 0.441406 0.328125 0.439453 0.326172 0.439453 0.322266 0.437500 0.324219 0.435547 0.322266 0.435547 0.318359 0.439453 0.314453 0.441406 0.314453 0.437500 0.314453 0.435547 0.316406 0.433594 0.316406 0.431641 0.318359 0.431641 0.322266 0.429688 0.324219 0.431641 0.326172 0.429688 0.328125 0.427734 0.328125 0.425781 0.326172 0.423828 0.326172 0.421875 0.328125 0.416016 0.322266 0.416016 0.318359 0.412109 0.318359 0.410156 0.316406 0.410156 0.314453 0.408203 0.316406 0.404297 0.312500
2 0.841797 0.279297 0.839844 0.281250 0.835938 0.281250 0.833984 0.283203 0.833984 0.287109 0.832031 0.289062 0.832031 0.291016 0.833984 0.289062 0.835938 0.291016 0.837891 0.291016 0.837891 0.289062 0.835938 0.287109 0.835938 0.285156 0.839844 0.281250 0.843750 0.285156 0.845703 0.285156 0.847656 0.287109 0.849609 0.287109 0.851562 0.289062 0.849609 0.291016 0.849609 0.292969 0.847656 0.294922 0.849609 0.296875 0.845703 0.300781 0.843750 0.300781 0.841797 0.298828 0.843750 0.296875 0.843750 0.292969 0.843750 0.296875 0.839844 0.300781 0.837891 0.300781 0.835938 0.302734 0.833984 0.300781 0.833984 0.296875 0.835938 0.294922 0.837891 0.296875 0.837891 0.294922 0.832031 0.294922 0.833984 0.296875 0.832031 0.298828 0.832031 0.300781 0.837891 0.306641 0.835938 0.308594 0.833984 0.308594 0.832031 0.306641 0.832031 0.308594 0.830078 0.310547 0.832031 0.312500 0.828125 0.316406 0.826172 0.316406 0.822266 0.312500 0.824219 0.310547 0.824219 0.308594 0.822266 0.308594 0.820312 0.310547 0.818359 0.308594 0.818359 0.306641 0.816406 0.308594 0.816406 0.310547 0.818359 0.310547 0.820312 0.312500 0.818359 0.314453 0.820312 0.312500 0.822266 0.312500 0.824219 0.314453 0.822266 0.316406 0.822266 0.320312 0.820312 0.322266 0.818359 0.320312 0.818359 0.318359 0.818359 0.320312 0.816406 0.322266 0.814453 0.320312 0.814453 0.318359 0.812500 0.316406 0.814453 0.314453 0.812500 0.316406 0.810547 0.314453 0.806641 0.314453 0.810547 0.318359 0.810547 0.320312 0.808594 0.322266 0.808594 0.324219 0.812500 0.324219 0.814453 0.326172 0.816406 0.324219 0.818359 0.326172 0.818359 0.328125 0.822266 0.328125 0.826172 0.332031 0.826172 0.333984 0.828125 0.332031 0.830078 0.333984 0.828125 0.332031 0.828125 0.330078 0.826172 0.330078 0.824219 0.328125 0.824219 0.326172 0.822266 0.324219 0.822266 0.316406 0.824219 0.314453 0.826172 0.316406 0.826172 0.320312 0.826172 0.318359 0.828125 0.316406 0.832031 0.316406 0.833984 0.314453 0.835938 0.314453 0.837891 0.316406 0.835938 0.314453 0.835938 0.308594 0.839844 0.304688 0.839844 0.300781 0.841797 0.298828 0.843750 0.300781 0.843750 0.302734 0.845703 0.304688 0.847656 0.304688 0.849609 0.306641 0.847656 0.308594 0.845703 0.308594 0.847656 0.310547 0.845703 0.312500 0.847656 0.312500 0.851562 0.316406 0.855469 0.316406 0.855469 0.312500 0.857422 0.310547 0.859375 0.310547 0.859375 0.308594 0.857422 0.308594 0.855469 0.306641 0.855469 0.304688 0.857422 0.302734 0.857422 0.298828 0.859375 0.296875 0.861328 0.298828 0.861328 0.302734 0.863281 0.302734 0.863281 0.300781 0.867188 0.296875 0.869141 0.298828 0.871094 0.298828 0.869141 0.296875 0.871094 0.294922 0.871094 0.292969 0.869141 0.291016 0.867188 0.292969 0.865234 0.291016 0.865234 0.289062 0.863281 0.289062 0.861328 0.287109 0.861328 0.285156 0.857422 0.285156 0.855469 0.287109 0.857422 0.289062 0.857422 0.292969 0.853516 0.296875 0.849609 0.296875 0.847656 0.294922 0.849609 0.292969 0.851562 0.292969 0.851562 0.289062 0.849609 0.287109 0.847656 0.287109 0.843750 0.283203 0.845703 0.281250 0.843750 0.279297
2 0.341797 0.279297 0.339844 0.281250 0.333984 0.281250 0.335938 0.283203 0.333984 0.285156 0.332031 0.285156 0.333984 0.287109 0.333984 0.289062 0.335938 0.291016 0.337891 0.291016 0.339844 0.292969 0.341797 0.292969 0.343750 0.294922 0.345703 0.294922 0.347656 0.296875 0.349609 0.294922 0.351562 0.296875 0.351562 0.298828 0.349609 0.300781 0.347656 0.300781 0.349609 0.302734 0.345703 0.306641 0.343750 0.304688 0.345703 0.306641 0.343750 0.308594 0.341797 0.308594 0.335938 0.302734 0.335938 0.300781 0.333984 0.298828 0.333984 0.300781 0.332031 0.302734 0.330078 0.300781 0.330078 0.298828 0.326172 0.302734 0.324219 0.300781 0.324219 0.302734 0.322266 0.304688 0.318359 0.304688 0.316406 0.306641 0.316406 0.310547 0.320312 0.310547 0.322266 0.312500 0.322266 0.308594 0.320312 0.306641 0.322266 0.304688 0.324219 0.304688 0.326172 0.306641 0.326172 0.308594 0.328125 0.308594 0.332031 0.312500 0.332031 0.314453 0.328125 0.318359 0.326172 0.318359 0.326172 0.320312 0.324219 0.322266 0.326172 0.324219 0.322266 0.328125 0.318359 0.324219 0.314453 0.324219 0.312500 0.322266 0.310547 0.324219 0.308594 0.322266 0.308594 0.318359 0.308594 0.320312 0.304688 0.324219 0.302734 0.324219 0.300781 0.322266 0.300781 0.324219 0.298828 0.326172 0.296875 0.326172 0.294922 0.324219 0.294922 0.322266 0.296875 0.320312 0.296875 0.318359 0.294922 0.318359 0.292969 0.316406 0.294922 0.318359 0.294922 0.320312 0.292969 0.322266 0.294922 0.324219 0.292969 0.326172 0.294922 0.328125 0.296875 0.326172 0.298828 0.326172 0.300781 0.328125 0.298828 0.330078 0.300781 0.332031 0.298828 0.333984 0.296875 0.333984 0.294922 0.332031 0.296875 0.333984 0.300781 0.333984 0.302734 0.332031 0.304688 0.332031 0.302734 0.332031 0.300781 0.330078 0.302734 0.328125 0.306641 0.328125 0.308594 0.330078 0.308594 0.328125 0.310547 0.326172 0.310547 0.324219 0.312500 0.322266 0.314453 0.324219 0.316406 0.324219 0.318359 0.326172 0.312500 0.332031 0.312500 0.333984 0.308594 0.337891 0.306641 0.335938 0.308594 0.337891 0.306641 0.339844 0.302734 0.339844 0.300781 0.337891 0.298828 0.337891 0.296875 0.339844 0.294922 0.337891 0.291016 0.341797 0.289062 0.341797 0.287109 0.339844 0.287109 0.343750 0.289062 0.343750 0.291016 0.341797 0.298828 0.341797 0.296875 0.339844 0.298828 0.337891 0.300781 0.337891 0.302734 0.339844 0.304688 0.339844 0.306641 0.341797 0.304688 0.343750 0.302734 0.343750 0.298828 0.347656 0.296875 0.347656 0.294922 0.345703 0.292969 0.345703 0.291016 0.347656 0.289062 0.347656 0.291016 0.347656 0.292969 0.345703 0.294922 0.345703 0.298828 0.349609 0.296875 0.351562 0.292969 0.351562 0.292969 0.353516 0.294922 0.355469 0.294922 0.357422 0.292969 0.359375 0.291016 0.357422 0.291016 0.359375 0.285156 0.365234 0.283203 0.363281 0.283203 0.359375 0.283203 0.361328 0.281250 0.363281 0.279297 0.361328 0.279297 0.357422 0.277344 0.357422 0.275391 0.355469 0.275391 0.351562 0.271484 0.347656 0.271484 0.349609 0.273438 0.349609 0.275391 0.351562 0.275391 0.353516 0.273438 0.355469 0.271484 0.353516 0.273438 0.355469 0.273438 0.357422 0.271484 0.359375 0.273438 0.361328 0.271484 0.363281 0.269531 0.363281 0.271484 0.365234 0.271484 0.369141 0.273438 0.371094 0.273438 0.373047 0.269531 0.376953 0.267578 0.376953 0.269531 0.378906 0.271484 0.376953 0.273438 0.376953 0.275391 0.378906 0.273438 0.380859 0.275391 0.378906 0.277344 0.380859 0.277344 0.382812 0.279297 0.384766 0.277344 0.386719 0.279297 0.384766 0.277344 0.382812 0.279297 0.380859 0.277344 0.380859 0.275391 0.378906 0.277344 0.376953 0.281250 0.376953 0.283203 0.378906 0.283203 0.376953 0.281250 0.375000 0.281250 0.373047 0.283203 0.371094 0.279297 0.367188 0.281250 0.365234 0.283203 0.365234 0.287109 0.369141 0.287109 0.371094 0.287109 0.367188 0.291016 0.363281 0.292969 0.365234 0.292969 0.367188 0.291016 0.369141 0.292969 0.371094 0.291016 0.373047 0.292969 0.373047 0.294922 0.371094 0.292969 0.371094 0.291016 0.369141 0.292969 0.367188 0.294922 0.367188 0.296875 0.365234 0.298828 0.367188 0.300781 0.367188 0.302734 0.369141 0.302734 0.371094 0.300781 0.373047 0.298828 0.371094 0.298828 0.373047 0.296875 0.375000 0.296875 0.376953 0.298828 0.376953 0.300781 0.378906 0.298828 0.380859 0.298828 0.382812 0.296875 0.384766 0.294922 0.384766 0.292969 0.386719 0.291016 0.384766 0.287109 0.384766 0.285156 0.386719 0.283203 0.384766 0.283203 0.382812 0.283203 0.384766 0.285156 0.386719 0.283203 0.388672 0.281250 0.388672 0.281250 0.390625 0.283203 0.392578 0.281250 0.394531 0.277344 0.394531 0.281250 0.398438 0.277344 0.402344 0.277344 0.404297 0.281250 0.400391 0.283203 0.402344 0.287109 0.402344 0.289062 0.400391 0.292969 0.400391 0.294922 0.402344 0.292969 0.404297 0.292969 0.406250 0.294922 0.406250 0.296875 0.404297 0.298828 0.404297 0.300781 0.402344 0.302734 0.404297 0.302734 0.406250 0.304688 0.406250 0.306641 0.408203 0.304688 0.410156 0.302734 0.410156 0.298828 0.414062 0.296875 0.412109 0.296875 0.410156 0.298828 0.408203 0.296875 0.410156 0.296875 0.412109 0.294922 0.414062 0.296875 0.414062 0.298828 0.416016 0.298828 0.417969 0.296875 0.419922 0.294922 0.419922 0.298828 0.423828 0.294922 0.427734 0.292969 0.425781 0.292969 0.423828 0.292969 0.425781 0.291016 0.427734 0.289062 0.427734 0.289062 0.429688 0.291016 0.429688 0.292969 0.431641 0.294922 0.431641 0.296875 0.433594 0.296875 0.437500 0.298828 0.435547 0.300781 0.437500 0.300781 0.439453 0.300781 0.435547 0.302734 0.433594 0.304688 0.433594 0.306641 0.431641 0.308594 0.431641 0.308594 0.429688 0.310547 0.427734 0.310547 0.425781 0.308594 0.427734 0.306641 0.425781 0.300781 0.425781 0.298828 0.423828 0.298828 0.421875 0.296875 0.419922 0.298828 0.417969 0.298828 0.414062 0.302734 0.410156 0.304688 0.410156 0.306641 0.412109 0.306641 0.416016 0.304688 0.417969 0.302734 0.417969 0.304688 0.417969 0.306641 0.416016 0.308594 0.417969 0.308594 0.419922 0.306641 0.421875 0.310547 0.417969 0.308594 0.417969 0.306641 0.416016 0.306641 0.414062 0.310547 0.410156 0.312500 0.410156 0.310547 0.410156 0.308594 0.412109 0.306641 0.410156 0.306641 0.408203 0.304688 0.406250 0.308594 0.402344 0.310547 0.402344 0.314453 0.406250 0.312500 0.404297 0.312500 0.402344 0.308594 0.402344 0.306641 0.404297 0.302734 0.404297 0.300781 0.402344 0.294922 0.402344 0.292969 0.400391 0.289062 0.400391 0.287109 0.398438 0.289062 0.396484 0.296875 0.396484 0.298828 0.394531 0.296875 0.392578 0.296875 0.388672 0.294922 0.386719 0.298828 0.382812 0.300781 0.384766 0.300781 0.386719 0.302734 0.388672 0.302734 0.392578 0.304688 0.392578 0.306641 0.394531 0.306641 0.396484 0.308594 0.398438 0.310547 0.398438 0.312500 0.396484 0.314453 0.398438 0.314453 0.396484 0.312500 0.396484 0.310547 0.394531 0.310547 0.392578 0.310547 0.394531 0.308594 0.396484 0.306641 0.394531 0.306641 0.386719 0.302734 0.386719 0.298828 0.382812 0.300781 0.380859 0.304688 0.380859 0.302734 0.380859 0.300781 0.378906 0.302734 0.376953 0.304688 0.376953 0.304688 0.375000 0.306641 0.373047 0.304688 0.371094 0.304688 0.369141 0.306641 0.367188 0.308594 0.369141 0.310547 0.369141 0.308594 0.367188 0.306641 0.367188 0.304688 0.365234 0.302734 0.365234 0.298828 0.361328 0.296875 0.363281 0.294922 0.361328 0.294922 0.355469 0.296875 0.353516 0.298828 0.355469 0.300781 0.355469 0.302734 0.353516 0.304688 0.353516 0.302734 0.353516 0.300781 0.355469 0.298828 0.353516 0.298828 0.351562 0.300781 0.349609 0.298828 0.347656 0.300781 0.345703 0.306641 0.345703 0.310547 0.349609 0.310547 0.357422 0.314453 0.357422 0.316406 0.355469 0.316406 0.353516 0.314453 0.353516 0.312500 0.351562 0.314453 0.349609 0.314453 0.345703 0.312500 0.343750 0.314453 0.341797 0.316406 0.341797 0.316406 0.339844 0.318359 0.337891 0.312500 0.343750 0.310547 0.343750 0.308594 0.341797 0.310547 0.339844 0.308594 0.337891 0.312500 0.333984 0.314453 0.335938 0.312500 0.333984 0.312500 0.332031 0.314453 0.330078 0.316406 0.332031 0.316406 0.330078 0.320312 0.326172 0.322266 0.328125 0.322266 0.330078 0.324219 0.330078 0.326172 0.332031 0.322266 0.335938 0.320312 0.333984 0.322266 0.335938 0.322266 0.343750 0.320312 0.345703 0.322266 0.347656 0.320312 0.349609 0.320312 0.353516 0.320312 0.349609 0.322266 0.347656 0.324219 0.349609 0.324219 0.353516 0.326172 0.353516 0.328125 0.355469 0.328125 0.357422 0.332031 0.361328 0.330078 0.363281 0.332031 0.363281 0.333984 0.361328 0.335938 0.361328 0.337891 0.363281 0.337891 0.365234 0.339844 0.365234 0.339844 0.363281 0.341797 0.361328 0.345703 0.365234 0.343750 0.367188 0.343750 0.369141 0.341797 0.371094 0.339844 0.369141 0.337891 0.371094 0.335938 0.371094 0.333984 0.373047 0.330078 0.373047 0.326172 0.376953 0.322266 0.376953 0.324219 0.378906 0.324219 0.382812 0.326172 0.382812 0.326172 0.380859 0.324219 0.378906 0.326172 0.376953 0.328125 0.376953 0.330078 0.378906 0.332031 0.376953 0.333984 0.376953 0.337891 0.380859 0.339844 0.380859 0.339844 0.378906 0.337891 0.378906 0.335938 0.376953 0.339844 0.373047 0.343750 0.373047 0.345703 0.375000 0.343750 0.376953 0.343750 0.378906 0.345703 0.376953 0.345703 0.371094 0.347656 0.369141 0.349609 0.369141 0.347656 0.369141 0.345703 0.367188 0.345703 0.365234 0.347656 0.363281 0.349609 0.363281 0.351562 0.365234 0.353516 0.365234 0.355469 0.367188 0.353516 0.369141 0.353516 0.373047 0.351562 0.375000 0.353516 0.376953 0.353516 0.371094 0.355469 0.369141 0.357422 0.369141 0.357422 0.363281 0.357422 0.365234 0.355469 0.367188 0.353516 0.365234 0.353516 0.361328 0.355469 0.359375 0.357422 0.359375 0.359375 0.357422 0.363281 0.357422 0.365234 0.359375 0.367188 0.359375 0.365234 0.357422 0.363281 0.357422 0.361328 0.355469 0.361328 0.353516 0.359375 0.351562 0.359375 0.341797 0.355469 0.337891 0.353516 0.337891 0.351562 0.335938 0.351562 0.333984 0.353516 0.332031 0.351562 0.330078 0.351562 0.328125 0.353516 0.326172 0.359375 0.332031 0.359375 0.333984 0.361328 0.335938 0.361328 0.337891 0.365234 0.341797 0.365234 0.343750 0.371094 0.349609 0.371094 0.351562 0.369141 0.353516 0.369141 0.355469 0.369141 0.353516 0.371094 0.351562 0.373047 0.353516 0.373047 0.355469 0.375000 0.357422 0.373047 0.359375 0.371094 0.359375 0.371094 0.361328 0.373047 0.361328 0.373047 0.359375 0.375000 0.357422 0.376953 0.357422 0.378906 0.359375 0.378906 0.361328 0.382812 0.365234 0.382812 0.369141 0.384766 0.371094 0.384766 0.375000 0.380859 0.378906 0.382812 0.380859 0.380859 0.378906 0.384766 0.375000 0.386719 0.376953 0.386719 0.378906 0.386719 0.376953 0.384766 0.375000 0.384766 0.373047 0.386719 0.371094 0.388672 0.371094 0.392578 0.375000 0.390625 0.376953 0.392578 0.376953 0.392578 0.375000 0.390625 0.373047 0.390625 0.371094 0.386719 0.367188 0.386719 0.363281 0.384766 0.361328 0.386719 0.359375 0.388672 0.359375 0.390625 0.357422 0.392578 0.359375 0.394531 0.357422 0.398438 0.361328 0.402344 0.361328 0.402344 0.357422 0.398438 0.361328 0.394531 0.357422 0.392578 0.359375 0.388672 0.355469 0.388672 0.357422 0.384766 0.361328 0.380859 0.357422 0.380859 0.355469 0.376953 0.351562 0.376953 0.349609 0.375000 0.349609 0.373047 0.351562 0.371094 0.349609 0.371094 0.347656 0.369141 0.345703 0.369141 0.343750 0.371094 0.341797 0.373047 0.341797 0.371094 0.339844 0.369141 0.339844 0.367188 0.341797 0.359375 0.333984 0.359375 0.330078 0.357422 0.328125 0.359375 0.326172 0.357422 0.326172 0.355469 0.324219 0.357422 0.322266 0.359375 0.322266 0.359375 0.318359 0.357422 0.318359 0.355469 0.316406 0.353516 0.318359 0.351562 0.316406 0.351562 0.314453 0.347656 0.314453 0.343750 0.318359 0.343750 0.320312 0.341797 0.322266 0.345703 0.326172 0.347656 0.326172 0.349609 0.328125 0.349609 0.330078 0.347656 0.332031 0.345703 0.332031 0.343750 0.330078 0.341797 0.332031 0.339844 0.330078 0.339844 0.326172 0.339844 0.328125 0.337891 0.330078 0.335938 0.328125 0.335938 0.324219 0.335938 0.326172 0.333984 0.328125 0.332031 0.326172 0.333984 0.328125 0.335938 0.328125 0.337891 0.330078 0.335938 0.332031 0.332031 0.332031 0.330078 0.330078 0.328125 0.332031 0.324219 0.328125 0.326172 0.326172 0.328125 0.326172 0.324219 0.322266 0.326172 0.320312 0.332031 0.320312 0.332031 0.318359 0.333984 0.316406 0.335938 0.318359 0.335938 0.320312 0.335938 0.312500 0.337891 0.310547 0.339844 0.310547 0.341797 0.308594 0.343750 0.310547 0.343750 0.312500 0.345703 0.310547 0.345703 0.306641 0.347656 0.304688 0.351562 0.304688 0.353516 0.302734 0.355469 0.304688 0.355469 0.302734 0.357422 0.300781 0.359375 0.300781 0.363281 0.304688 0.363281 0.308594 0.365234 0.310547 0.363281 0.308594 0.363281 0.304688 0.365234 0.302734 0.365234 0.300781 0.361328 0.300781 0.359375 0.298828 0.357422 0.298828 0.353516 0.302734 0.351562 0.300781 0.351562 0.296875 0.353516 0.294922 0.353516 0.292969 0.351562 0.291016 0.351562 0.289062 0.351562 0.291016 0.349609 0.292969 0.347656 0.292969 0.345703 0.294922 0.343750 0.292969 0.343750 0.291016 0.341797 0.291016 0.339844 0.292969 0.337891 0.291016 0.335938 0.291016 0.333984 0.289062 0.335938 0.287109 0.335938 0.283203 0.337891 0.281250 0.339844 0.283203 0.339844 0.285156 0.341797 0.283203 0.343750 0.285156 0.343750 0.287109 0.345703 0.287109 0.347656 0.289062 0.343750 0.285156 0.343750 0.283203 0.341797 0.283203 0.339844 0.281250
2 0.916016 0.273438 0.916016 0.279297 0.917969 0.281250 0.916016 0.283203 0.912109 0.283203 0.912109 0.285156 0.910156 0.287109 0.908203 0.285156 0.908203 0.279297 0.910156 0.277344 0.908203 0.279297 0.906250 0.279297 0.908203 0.281250 0.908203 0.287109 0.910156 0.289062 0.908203 0.291016 0.906250 0.291016 0.904297 0.289062 0.904297 0.283203 0.902344 0.283203 0.902344 0.285156 0.900391 0.287109 0.898438 0.287109 0.898438 0.289062 0.900391 0.289062 0.902344 0.291016 0.902344 0.296875 0.898438 0.300781 0.894531 0.300781 0.892578 0.298828 0.892578 0.296875 0.894531 0.294922 0.892578 0.292969 0.894531 0.291016 0.892578 0.289062 0.894531 0.287109 0.892578 0.289062 0.892578 0.291016 0.890625 0.292969 0.888672 0.292969 0.888672 0.294922 0.886719 0.296875 0.884766 0.294922 0.884766 0.292969 0.882812 0.292969 0.882812 0.296875 0.884766 0.298828 0.884766 0.300781 0.882812 0.302734 0.880859 0.300781 0.878906 0.302734 0.875000 0.302734 0.875000 0.304688 0.873047 0.306641 0.873047 0.308594 0.869141 0.312500 0.871094 0.312500 0.873047 0.310547 0.875000 0.312500 0.876953 0.312500 0.878906 0.310547 0.880859 0.312500 0.880859 0.314453 0.878906 0.316406 0.863281 0.316406 0.865234 0.318359 0.865234 0.320312 0.861328 0.324219 0.861328 0.326172 0.859375 0.328125 0.857422 0.328125 0.855469 0.330078 0.853516 0.328125 0.853516 0.326172 0.855469 0.324219 0.855469 0.322266 0.853516 0.324219 0.853516 0.326172 0.851562 0.328125 0.849609 0.326172 0.849609 0.322266 0.847656 0.322266 0.849609 0.324219 0.849609 0.326172 0.847656 0.328125 0.847656 0.330078 0.845703 0.332031 0.847656 0.332031 0.849609 0.333984 0.847656 0.335938 0.843750 0.335938 0.841797 0.333984 0.837891 0.337891 0.835938 0.337891 0.833984 0.335938 0.835938 0.333984 0.833984 0.335938 0.833984 0.339844 0.832031 0.341797 0.832031 0.345703 0.830078 0.347656 0.830078 0.349609 0.828125 0.351562 0.828125 0.353516 0.826172 0.355469 0.824219 0.353516 0.824219 0.349609 0.824219 0.359375 0.822266 0.361328 0.822266 0.363281 0.820312 0.365234 0.818359 0.363281 0.818359 0.361328 0.816406 0.363281 0.814453 0.361328 0.814453 0.359375 0.812500 0.359375 0.810547 0.357422 0.806641 0.361328 0.804688 0.359375 0.804688 0.357422 0.802734 0.357422 0.800781 0.355469 0.794922 0.355469 0.792969 0.357422 0.792969 0.359375 0.792969 0.357422 0.794922 0.355469 0.798828 0.355469 0.802734 0.359375 0.800781 0.361328 0.798828 0.361328 0.800781 0.363281 0.800781 0.365234 0.798828 0.367188 0.794922 0.367188 0.792969 0.365234 0.792969 0.363281 0.789062 0.363281 0.791016 0.365234 0.792969 0.365234 0.794922 0.367188 0.798828 0.367188 0.800781 0.369141 0.798828 0.371094 0.796875 0.371094 0.794922 0.373047 0.791016 0.373047 0.787109 0.369141 0.789062 0.371094 0.787109 0.373047 0.785156 0.373047 0.783203 0.371094 0.781250 0.373047 0.779297 0.373047 0.779297 0.375000 0.777344 0.376953 0.775391 0.375000 0.775391 0.373047 0.773438 0.371094 0.771484 0.373047 0.771484 0.376953 0.773438 0.375000 0.775391 0.375000 0.777344 0.376953 0.779297 0.375000 0.783203 0.375000 0.785156 0.373047 0.787109 0.375000 0.789062 0.375000 0.792969 0.378906 0.792969 0.382812 0.794922 0.384766 0.792969 0.386719 0.794922 0.384766 0.794922 0.380859 0.796875 0.378906 0.800781 0.382812 0.798828 0.384766 0.798828 0.386719 0.796875 0.388672 0.796875 0.390625 0.798828 0.390625 0.802734 0.394531 0.800781 0.396484 0.802734 0.394531 0.808594 0.394531 0.810547 0.396484 0.808594 0.398438 0.808594 0.400391 0.810547 0.398438 0.810547 0.396484 0.808594 0.394531 0.808594 0.392578 0.806641 0.390625 0.806641 0.388672 0.808594 0.386719 0.810547 0.386719 0.812500 0.388672 0.812500 0.390625 0.814453 0.390625 0.814453 0.384766 0.816406 0.382812 0.818359 0.384766 0.818359 0.390625 0.820312 0.390625 0.822266 0.392578 0.824219 0.390625 0.824219 0.388672 0.824219 0.390625 0.822266 0.392578 0.820312 0.390625 0.820312 0.386719 0.822266 0.384766 0.824219 0.384766 0.830078 0.378906 0.832031 0.378906 0.833984 0.376953 0.835938 0.376953 0.837891 0.378906 0.839844 0.378906 0.841797 0.380859 0.841797 0.382812 0.843750 0.382812 0.849609 0.388672 0.849609 0.390625 0.847656 0.392578 0.847656 0.394531 0.843750 0.398438 0.841797 0.396484 0.843750 0.398438 0.845703 0.396484 0.849609 0.396484 0.851562 0.394531 0.853516 0.396484 0.855469 0.396484 0.857422 0.398438 0.857422 0.394531 0.855469 0.392578 0.857422 0.390625 0.859375 0.390625 0.859375 0.388672 0.857422 0.388672 0.857422 0.390625 0.855469 0.392578 0.857422 0.394531 0.855469 0.396484 0.853516 0.396484 0.851562 0.394531 0.851562 0.392578 0.849609 0.390625 0.849609 0.386719 0.851562 0.384766 0.853516 0.384766 0.849609 0.384766 0.847656 0.382812 0.845703 0.382812 0.843750 0.380859 0.845703 0.378906 0.843750 0.380859 0.841797 0.380859 0.839844 0.378906 0.839844 0.376953 0.837891 0.378906 0.835938 0.376953 0.835938 0.375000 0.832031 0.375000 0.830078 0.373047 0.830078 0.371094 0.832031 0.369141 0.833984 0.371094 0.833984 0.369141 0.828125 0.369141 0.828125 0.371094 0.826172 0.373047 0.824219 0.373047 0.822266 0.371094 0.822266 0.369141 0.824219 0.367188 0.824219 0.365234 0.826172 0.363281 0.828125 0.363281 0.828125 0.357422 0.830078 0.355469 0.832031 0.357422 0.832031 0.359375 0.833984 0.361328 0.833984 0.365234 0.835938 0.363281 0.837891 0.365234 0.837891 0.367188 0.839844 0.365234 0.845703 0.365234 0.847656 0.363281 0.849609 0.365234 0.851562 0.365234 0.849609 0.363281 0.849609 0.359375 0.847656 0.361328 0.847656 0.363281 0.845703 0.365234 0.843750 0.365234 0.841797 0.363281 0.843750 0.361328 0.839844 0.357422 0.841797 0.355469 0.839844 0.353516 0.839844 0.351562 0.837891 0.351562 0.835938 0.349609 0.837891 0.347656 0.835938 0.347656 0.833984 0.345703 0.833984 0.343750 0.832031 0.341797 0.835938 0.337891 0.837891 0.339844 0.837891 0.341797 0.837891 0.339844 0.839844 0.337891 0.841797 0.339844 0.841797 0.341797 0.843750 0.341797 0.845703 0.343750 0.843750 0.341797 0.847656 0.337891 0.847656 0.335938 0.851562 0.332031 0.855469 0.332031 0.861328 0.326172 0.863281 0.328125 0.863281 0.330078 0.867188 0.326172 0.863281 0.322266 0.865234 0.320312 0.867188 0.320312 0.867188 0.318359 0.869141 0.316406 0.876953 0.316406 0.878906 0.318359 0.878906 0.320312 0.876953 0.322266 0.875000 0.322266 0.876953 0.322266 0.878906 0.324219 0.876953 0.326172 0.875000 0.326172 0.873047 0.328125 0.871094 0.326172 0.873047 0.328125 0.878906 0.328125 0.876953 0.326172 0.878906 0.324219 0.880859 0.324219 0.880859 0.318359 0.884766 0.314453 0.882812 0.316406 0.880859 0.314453 0.880859 0.310547 0.882812 0.308594 0.886719 0.308594 0.888672 0.310547 0.892578 0.310547 0.892578 0.308594 0.894531 0.306641 0.898438 0.310547 0.898438 0.306641 0.900391 0.304688 0.902344 0.306641 0.902344 0.308594 0.902344 0.306641 0.906250 0.302734 0.904297 0.300781 0.904297 0.298828 0.906250 0.296875 0.906250 0.294922 0.908203 0.292969 0.908203 0.291016 0.912109 0.287109 0.914062 0.289062 0.917969 0.289062 0.917969 0.287109 0.919922 0.285156 0.921875 0.287109 0.923828 0.287109 0.923828 0.285156 0.921875 0.287109 0.919922 0.285156 0.919922 0.283203 0.917969 0.281250 0.919922 0.279297 0.923828 0.279297 0.925781 0.277344 0.927734 0.279297 0.929688 0.279297 0.931641 0.277344 0.929688 0.279297 0.927734 0.279297 0.925781 0.277344 0.923828 0.279297 0.921875 0.277344 0.921875 0.275391 0.919922 0.273438
2 0.730469 0.269531 0.728516 0.271484 0.728516 0.275391 0.726562 0.277344 0.728516 0.279297 0.728516 0.281250 0.726562 0.283203 0.724609 0.283203 0.722656 0.281250 0.720703 0.283203 0.720703 0.285156 0.724609 0.289062 0.724609 0.292969 0.722656 0.294922 0.720703 0.292969 0.720703 0.291016 0.720703 0.292969 0.718750 0.294922 0.716797 0.294922 0.714844 0.296875 0.712891 0.294922 0.712891 0.292969 0.710938 0.292969 0.708984 0.291016 0.707031 0.291016 0.707031 0.294922 0.708984 0.296875 0.707031 0.298828 0.703125 0.298828 0.703125 0.302734 0.701172 0.304688 0.703125 0.306641 0.701172 0.308594 0.703125 0.310547 0.705078 0.310547 0.707031 0.312500 0.705078 0.314453 0.707031 0.314453 0.707031 0.312500 0.708984 0.310547 0.712891 0.314453 0.714844 0.314453 0.716797 0.316406 0.714844 0.318359 0.714844 0.320312 0.712891 0.322266 0.710938 0.320312 0.710938 0.318359 0.710938 0.324219 0.712891 0.322266 0.718750 0.322266 0.716797 0.320312 0.716797 0.318359 0.718750 0.316406 0.722656 0.316406 0.724609 0.318359 0.724609 0.320312 0.728516 0.320312 0.730469 0.322266 0.732422 0.320312 0.736328 0.320312 0.736328 0.318359 0.740234 0.314453 0.738281 0.314453 0.736328 0.312500 0.740234 0.308594 0.742188 0.310547 0.742188 0.302734 0.744141 0.300781 0.748047 0.304688 0.746094 0.306641 0.746094 0.308594 0.748047 0.310547 0.744141 0.314453 0.744141 0.316406 0.746094 0.316406 0.748047 0.318359 0.748047 0.322266 0.746094 0.324219 0.744141 0.322266 0.744141 0.324219 0.746094 0.324219 0.750000 0.328125 0.751953 0.328125 0.753906 0.326172 0.757812 0.330078 0.761719 0.330078 0.763672 0.332031 0.761719 0.333984 0.761719 0.335938 0.763672 0.333984 0.769531 0.333984 0.771484 0.335938 0.773438 0.335938 0.775391 0.337891 0.773438 0.339844 0.773438 0.343750 0.771484 0.345703 0.771484 0.347656 0.769531 0.349609 0.771484 0.349609 0.773438 0.351562 0.771484 0.349609 0.771484 0.345703 0.773438 0.343750 0.775391 0.345703 0.775391 0.347656 0.777344 0.349609 0.777344 0.345703 0.775391 0.345703 0.773438 0.343750 0.775391 0.341797 0.777344 0.341797 0.779297 0.339844 0.781250 0.339844 0.783203 0.341797 0.781250 0.343750 0.785156 0.343750 0.787109 0.345703 0.783203 0.349609 0.785156 0.351562 0.783203 0.353516 0.781250 0.353516 0.783203 0.353516 0.785156 0.351562 0.787109 0.351562 0.789062 0.349609 0.792969 0.349609 0.794922 0.351562 0.796875 0.351562 0.794922 0.351562 0.792969 0.349609 0.792969 0.347656 0.791016 0.347656 0.789062 0.345703 0.787109 0.345703 0.785156 0.343750 0.787109 0.341797 0.787109 0.337891 0.789062 0.335938 0.791016 0.337891 0.791016 0.341797 0.794922 0.341797 0.796875 0.343750 0.796875 0.345703 0.798828 0.345703 0.796875 0.343750 0.798828 0.341797 0.796875 0.343750 0.791016 0.337891 0.792969 0.335938 0.791016 0.333984 0.794922 0.330078 0.796875 0.332031 0.796875 0.337891 0.798828 0.335938 0.798828 0.332031 0.796875 0.332031 0.792969 0.328125 0.792969 0.326172 0.791016 0.326172 0.789062 0.324219 0.789062 0.322266 0.787109 0.320312 0.787109 0.318359 0.787109 0.320312 0.785156 0.322266 0.783203 0.320312 0.783203 0.314453 0.785156 0.312500 0.787109 0.312500 0.789062 0.314453 0.791016 0.312500 0.792969 0.312500 0.791016 0.310547 0.792969 0.308594 0.791016 0.306641 0.791016 0.302734 0.789062 0.304688 0.791016 0.306641 0.791016 0.308594 0.789062 0.310547 0.787109 0.310547 0.783203 0.314453 0.781250 0.314453 0.779297 0.312500 0.779297 0.310547 0.777344 0.312500 0.775391 0.310547 0.775391 0.312500 0.773438 0.314453 0.769531 0.314453 0.771484 0.316406 0.771484 0.320312 0.769531 0.322266 0.767578 0.322266 0.765625 0.320312 0.765625 0.316406 0.763672 0.314453 0.763672 0.312500 0.765625 0.310547 0.767578 0.310547 0.769531 0.308594 0.771484 0.310547 0.771484 0.308594 0.767578 0.308594 0.765625 0.306641 0.765625 0.304688 0.767578 0.302734 0.769531 0.302734 0.767578 0.300781 0.767578 0.298828 0.769531 0.296875 0.773438 0.300781 0.775391 0.300781 0.777344 0.298828 0.781250 0.302734 0.781250 0.304688 0.781250 0.302734 0.777344 0.298828 0.779297 0.296875 0.781250 0.296875 0.783203 0.298828 0.781250 0.296875 0.781250 0.294922 0.785156 0.291016 0.787109 0.292969 0.791016 0.292969 0.789062 0.291016 0.791016 0.289062 0.794922 0.289062 0.792969 0.289062 0.791016 0.287109 0.791016 0.289062 0.789062 0.291016 0.787109 0.289062 0.787109 0.287109 0.785156 0.285156 0.783203 0.285156 0.781250 0.283203 0.783203 0.285156 0.779297 0.289062 0.775391 0.285156 0.771484 0.285156 0.771484 0.291016 0.769531 0.292969 0.763672 0.292969 0.761719 0.291016 0.761719 0.289062 0.761719 0.291016 0.763672 0.292969 0.759766 0.296875 0.757812 0.294922 0.757812 0.296875 0.753906 0.300781 0.751953 0.298828 0.751953 0.296875 0.753906 0.294922 0.751953 0.294922 0.750000 0.292969 0.750000 0.291016 0.751953 0.289062 0.751953 0.287109 0.750000 0.287109 0.750000 0.292969 0.751953 0.294922 0.751953 0.298828 0.750000 0.300781 0.744141 0.300781 0.742188 0.302734 0.740234 0.300781 0.740234 0.294922 0.742188 0.292969 0.742188 0.289062 0.740234 0.287109 0.742188 0.285156 0.740234 0.285156 0.736328 0.281250 0.736328 0.277344 0.732422 0.277344 0.730469 0.275391
2 0.505859 0.246094 0.505859 0.248047 0.503906 0.250000 0.503906 0.253906 0.501953 0.255859 0.496094 0.255859 0.498047 0.255859 0.500000 0.257812 0.498047 0.259766 0.494141 0.259766 0.494141 0.261719 0.492188 0.263672 0.486328 0.263672 0.486328 0.267578 0.484375 0.269531 0.482422 0.267578 0.482422 0.265625 0.480469 0.265625 0.478516 0.263672 0.476562 0.263672 0.476562 0.267578 0.478516 0.265625 0.480469 0.265625 0.482422 0.267578 0.482422 0.269531 0.480469 0.271484 0.482422 0.273438 0.482422 0.275391 0.488281 0.275391 0.490234 0.277344 0.486328 0.281250 0.486328 0.285156 0.484375 0.287109 0.480469 0.283203 0.478516 0.283203 0.478516 0.285156 0.480469 0.287109 0.476562 0.291016 0.472656 0.287109 0.472656 0.291016 0.474609 0.292969 0.464844 0.302734 0.464844 0.304688 0.462891 0.306641 0.460938 0.304688 0.458984 0.304688 0.457031 0.302734 0.457031 0.300781 0.455078 0.300781 0.458984 0.304688 0.458984 0.306641 0.460938 0.308594 0.464844 0.304688 0.468750 0.308594 0.466797 0.310547 0.468750 0.312500 0.466797 0.314453 0.466797 0.316406 0.468750 0.314453 0.472656 0.318359 0.472656 0.320312 0.472656 0.318359 0.474609 0.316406 0.472656 0.314453 0.472656 0.310547 0.474609 0.308594 0.480469 0.308594 0.482422 0.310547 0.482422 0.314453 0.480469 0.316406 0.478516 0.314453 0.478516 0.312500 0.478516 0.314453 0.480469 0.316406 0.490234 0.306641 0.494141 0.306641 0.496094 0.308594 0.498047 0.306641 0.500000 0.308594 0.505859 0.302734 0.503906 0.300781 0.505859 0.298828 0.509766 0.298828 0.511719 0.296875 0.515625 0.300781 0.517578 0.298828 0.519531 0.298828 0.519531 0.296875 0.521484 0.294922 0.523438 0.296875 0.525391 0.296875 0.529297 0.300781 0.527344 0.302734 0.523438 0.302734 0.521484 0.304688 0.521484 0.312500 0.519531 0.314453 0.517578 0.314453 0.519531 0.314453 0.521484 0.316406 0.521484 0.320312 0.519531 0.322266 0.517578 0.322266 0.515625 0.320312 0.515625 0.318359 0.511719 0.318359 0.509766 0.316406 0.511719 0.314453 0.509766 0.312500 0.511719 0.310547 0.515625 0.310547 0.515625 0.304688 0.515625 0.306641 0.513672 0.308594 0.511719 0.306641 0.511719 0.302734 0.511719 0.304688 0.509766 0.306641 0.507812 0.306641 0.505859 0.308594 0.509766 0.308594 0.511719 0.310547 0.509766 0.312500 0.503906 0.312500 0.503906 0.314453 0.501953 0.316406 0.501953 0.322266 0.500000 0.324219 0.500000 0.332031 0.501953 0.330078 0.503906 0.332031 0.501953 0.330078 0.503906 0.328125 0.501953 0.330078 0.500000 0.328125 0.500000 0.324219 0.501953 0.322266 0.503906 0.322266 0.505859 0.320312 0.505859 0.318359 0.507812 0.316406 0.509766 0.316406 0.511719 0.318359 0.511719 0.324219 0.513672 0.326172 0.511719 0.328125 0.513672 0.326172 0.519531 0.326172 0.521484 0.328125 0.521484 0.330078 0.523438 0.332031 0.523438 0.333984 0.521484 0.335938 0.525391 0.332031 0.525391 0.330078 0.523438 0.328125 0.525391 0.326172 0.525391 0.324219 0.523438 0.322266 0.523438 0.318359 0.527344 0.314453 0.531250 0.318359 0.531250 0.322266 0.531250 0.318359 0.533203 0.316406 0.531250 0.318359 0.529297 0.316406 0.529297 0.314453 0.533203 0.310547 0.537109 0.310547 0.533203 0.310547 0.531250 0.308594 0.533203 0.306641 0.531250 0.304688 0.531250 0.300781 0.527344 0.296875 0.531250 0.292969 0.533203 0.294922 0.533203 0.296875 0.533203 0.294922 0.535156 0.292969 0.537109 0.294922 0.539062 0.292969 0.541016 0.294922 0.541016 0.292969 0.539062 0.291016 0.539062 0.283203 0.537109 0.285156 0.539062 0.287109 0.539062 0.291016 0.537109 0.292969 0.535156 0.291016 0.535156 0.289062 0.533203 0.287109 0.533203 0.285156 0.531250 0.287109 0.531250 0.289062 0.529297 0.291016 0.527344 0.289062 0.527344 0.287109 0.523438 0.291016 0.523438 0.292969 0.521484 0.294922 0.517578 0.294922 0.513672 0.298828 0.511719 0.296875 0.507812 0.296875 0.505859 0.298828 0.503906 0.296875 0.503906 0.292969 0.501953 0.294922 0.500000 0.294922 0.498047 0.296875 0.496094 0.296875 0.494141 0.294922 0.490234 0.294922 0.490234 0.296875 0.486328 0.300781 0.484375 0.298828 0.484375 0.300781 0.482422 0.302734 0.484375 0.304688 0.482422 0.306641 0.480469 0.306641 0.478516 0.308594 0.474609 0.308594 0.472656 0.310547 0.472656 0.314453 0.470703 0.316406 0.468750 0.314453 0.468750 0.312500 0.466797 0.310547 0.468750 0.308594 0.464844 0.304688 0.464844 0.302734 0.468750 0.298828 0.470703 0.298828 0.470703 0.296875 0.474609 0.292969 0.478516 0.292969 0.480469 0.294922 0.480469 0.296875 0.482422 0.294922 0.482422 0.292969 0.486328 0.289062 0.488281 0.291016 0.494141 0.291016 0.492188 0.291016 0.490234 0.289062 0.492188 0.287109 0.496094 0.287109 0.498047 0.289062 0.498047 0.291016 0.500000 0.291016 0.501953 0.289062 0.500000 0.287109 0.500000 0.285156 0.501953 0.283203 0.503906 0.283203 0.505859 0.281250 0.503906 0.281250 0.501953 0.279297 0.501953 0.283203 0.500000 0.285156 0.498047 0.283203 0.498047 0.277344 0.498047 0.279297 0.496094 0.281250 0.498047 0.283203 0.496094 0.285156 0.492188 0.285156 0.490234 0.287109 0.488281 0.285156 0.488281 0.283203 0.490234 0.281250 0.490234 0.277344 0.492188 0.275391 0.494141 0.277344 0.494141 0.275391 0.492188 0.275391 0.490234 0.277344 0.488281 0.275391 0.486328 0.275391 0.484375 0.273438 0.486328 0.271484 0.486328 0.267578 0.488281 0.265625 0.490234 0.267578 0.490234 0.269531 0.492188 0.269531 0.494141 0.271484 0.496094 0.271484 0.498047 0.273438 0.500000 0.273438 0.500000 0.271484 0.501953 0.269531 0.503906 0.271484 0.507812 0.271484 0.509766 0.273438 0.507812 0.275391 0.505859 0.275391 0.507812 0.277344 0.509766 0.277344 0.509766 0.275391 0.515625 0.269531 0.513672 0.269531 0.513672 0.271484 0.511719 0.273438 0.509766 0.271484 0.509766 0.267578 0.511719 0.265625 0.509766 0.263672 0.511719 0.261719 0.507812 0.257812 0.505859 0.259766 0.503906 0.259766 0.501953 0.257812 0.507812 0.251953 0.513672 0.257812 0.513672 0.253906 0.507812 0.248047 0.507812 0.246094
2 0.095703 0.244141 0.093750 0.246094 0.087891 0.246094 0.087891 0.251953 0.085938 0.253906 0.087891 0.255859 0.089844 0.255859 0.091797 0.257812 0.089844 0.259766 0.087891 0.259766 0.085938 0.261719 0.083984 0.261719 0.083984 0.265625 0.080078 0.269531 0.080078 0.271484 0.082031 0.273438 0.080078 0.275391 0.072266 0.275391 0.074219 0.277344 0.074219 0.279297 0.076172 0.277344 0.080078 0.277344 0.082031 0.275391 0.083984 0.277344 0.083984 0.279297 0.082031 0.281250 0.083984 0.281250 0.085938 0.283203 0.085938 0.281250 0.087891 0.279297 0.089844 0.279297 0.091797 0.281250 0.091797 0.287109 0.089844 0.289062 0.085938 0.289062 0.083984 0.291016 0.082031 0.289062 0.082031 0.287109 0.082031 0.291016 0.089844 0.291016 0.089844 0.289062 0.091797 0.287109 0.093750 0.289062 0.095703 0.289062 0.099609 0.292969 0.097656 0.294922 0.095703 0.294922 0.093750 0.292969 0.095703 0.294922 0.095703 0.298828 0.097656 0.298828 0.099609 0.296875 0.101562 0.298828 0.101562 0.300781 0.109375 0.300781 0.113281 0.304688 0.113281 0.308594 0.111328 0.310547 0.111328 0.312500 0.109375 0.314453 0.105469 0.310547 0.109375 0.306641 0.105469 0.306641 0.107422 0.308594 0.105469 0.310547 0.103516 0.310547 0.101562 0.308594 0.101562 0.310547 0.099609 0.312500 0.097656 0.310547 0.095703 0.312500 0.093750 0.310547 0.093750 0.308594 0.095703 0.306641 0.097656 0.306641 0.099609 0.304688 0.097656 0.306641 0.095703 0.304688 0.093750 0.306641 0.091797 0.306641 0.089844 0.304688 0.091797 0.302734 0.091797 0.300781 0.091797 0.302734 0.089844 0.304688 0.087891 0.304688 0.085938 0.302734 0.085938 0.300781 0.083984 0.300781 0.083984 0.302734 0.085938 0.302734 0.087891 0.304688 0.085938 0.306641 0.080078 0.306641 0.076172 0.302734 0.078125 0.300781 0.078125 0.296875 0.078125 0.298828 0.076172 0.300781 0.074219 0.298828 0.074219 0.294922 0.072266 0.292969 0.072266 0.291016 0.068359 0.291016 0.066406 0.292969 0.062500 0.289062 0.064453 0.287109 0.066406 0.287109 0.062500 0.287109 0.060547 0.285156 0.062500 0.283203 0.062500 0.281250 0.066406 0.277344 0.068359 0.277344 0.066406 0.275391 0.068359 0.273438 0.066406 0.271484 0.058594 0.271484 0.056641 0.269531 0.052734 0.273438 0.050781 0.271484 0.050781 0.269531 0.048828 0.267578 0.050781 0.265625 0.048828 0.263672 0.046875 0.265625 0.046875 0.267578 0.044922 0.269531 0.042969 0.269531 0.044922 0.269531 0.046875 0.271484 0.042969 0.275391 0.039062 0.271484 0.039062 0.269531 0.037109 0.271484 0.035156 0.269531 0.033203 0.271484 0.033203 0.275391 0.031250 0.277344 0.029297 0.275391 0.029297 0.273438 0.029297 0.275391 0.031250 0.277344 0.027344 0.281250 0.025391 0.279297 0.025391 0.277344 0.023438 0.275391 0.021484 0.275391 0.023438 0.275391 0.025391 0.277344 0.025391 0.281250 0.027344 0.281250 0.029297 0.283203 0.027344 0.285156 0.025391 0.285156 0.025391 0.287109 0.023438 0.289062 0.021484 0.287109 0.017578 0.287109 0.013672 0.283203 0.013672 0.281250 0.011719 0.279297 0.015625 0.275391 0.013672 0.275391 0.011719 0.273438 0.015625 0.269531 0.013672 0.269531 0.011719 0.271484 0.011719 0.273438 0.013672 0.275391 0.013672 0.277344 0.011719 0.279297 0.007812 0.275391 0.007812 0.277344 0.005859 0.279297 0.000000 0.279297 0.000000 0.281250 0.001953 0.279297 0.003906 0.281250 0.005859 0.281250 0.007812 0.283203 0.005859 0.285156 0.003906 0.285156 0.003906 0.287109 0.000000 0.291016 0.000000 0.292969 0.001953 0.292969 0.003906 0.294922 0.001953 0.296875 0.000000 0.296875 0.001953 0.298828 0.000000 0.300781 0.000000 0.308594 0.001953 0.308594 0.005859 0.312500 0.005859 0.314453 0.003906 0.316406 0.001953 0.314453 0.000000 0.314453 0.000000 0.316406 0.001953 0.314453 0.003906 0.316406 0.003906 0.324219 0.001953 0.326172 0.000000 0.324219 0.001953 0.326172 0.003906 0.326172 0.003906 0.324219 0.005859 0.322266 0.005859 0.316406 0.009766 0.312500 0.011719 0.314453 0.013672 0.314453 0.015625 0.316406 0.013672 0.318359 0.013672 0.320312 0.015625 0.322266 0.019531 0.322266 0.021484 0.324219 0.019531 0.326172 0.013672 0.326172 0.011719 0.324219 0.009766 0.326172 0.007812 0.326172 0.007812 0.332031 0.005859 0.333984 0.003906 0.332031 0.003906 0.330078 0.001953 0.330078 0.005859 0.333984 0.007812 0.333984 0.007812 0.332031 0.013672 0.326172 0.015625 0.328125 0.015625 0.330078 0.011719 0.333984 0.011719 0.337891 0.015625 0.333984 0.015625 0.330078 0.017578 0.328125 0.021484 0.328125 0.023438 0.326172 0.025391 0.326172 0.027344 0.328125 0.025391 0.330078 0.025391 0.332031 0.027344 0.333984 0.025391 0.335938 0.021484 0.335938 0.019531 0.337891 0.017578 0.337891 0.019531 0.337891 0.021484 0.335938 0.025391 0.335938 0.027344 0.337891 0.027344 0.339844 0.031250 0.339844 0.033203 0.341797 0.035156 0.341797 0.033203 0.339844 0.033203 0.335938 0.029297 0.332031 0.031250 0.330078 0.033203 0.330078 0.037109 0.333984 0.039062 0.332031 0.044922 0.332031 0.046875 0.333984 0.046875 0.335938 0.048828 0.337891 0.046875 0.339844 0.046875 0.341797 0.044922 0.343750 0.042969 0.341797 0.041016 0.343750 0.039062 0.343750 0.037109 0.345703 0.039062 0.347656 0.033203 0.353516 0.033203 0.355469 0.035156 0.357422 0.033203 0.359375 0.031250 0.359375 0.029297 0.357422 0.027344 0.357422 0.027344 0.359375 0.025391 0.361328 0.021484 0.357422 0.021484 0.353516 0.019531 0.351562 0.021484 0.349609 0.025391 0.349609 0.027344 0.351562 0.025391 0.349609 0.017578 0.349609 0.015625 0.351562 0.015625 0.355469 0.013672 0.357422 0.011719 0.355469 0.011719 0.357422 0.009766 0.359375 0.007812 0.357422 0.007812 0.361328 0.005859 0.363281 0.003906 0.361328 0.001953 0.361328 0.000000 0.359375 0.000000 0.355469 0.005859 0.349609 0.005859 0.345703 0.003906 0.343750 0.005859 0.341797 0.011719 0.341797 0.015625 0.345703 0.009766 0.351562 0.015625 0.345703 0.013672 0.343750 0.013672 0.341797 0.007812 0.341797 0.005859 0.339844 0.005859 0.341797 0.003906 0.343750 0.001953 0.341797 0.000000 0.341797 0.001953 0.341797 0.003906 0.343750 0.001953 0.345703 0.000000 0.345703 0.001953 0.345703 0.003906 0.343750 0.005859 0.345703 0.005859 0.347656 0.001953 0.351562 0.000000 0.351562 0.000000 0.361328 0.003906 0.361328 0.005859 0.363281 0.009766 0.363281 0.015625 0.369141 0.015625 0.371094 0.019531 0.371094 0.021484 0.373047 0.019531 0.375000 0.015625 0.375000 0.015625 0.376953 0.017578 0.378906 0.015625 0.380859 0.015625 0.382812 0.013672 0.384766 0.011719 0.382812 0.011719 0.380859 0.009766 0.378906 0.007812 0.380859 0.005859 0.378906 0.005859 0.375000 0.005859 0.376953 0.003906 0.378906 0.003906 0.382812 0.001953 0.384766 0.000000 0.382812 0.000000 0.380859 0.000000 0.384766 0.003906 0.388672 0.003906 0.390625 0.003906 0.386719 0.001953 0.384766 0.005859 0.380859 0.007812 0.380859 0.009766 0.378906 0.011719 0.380859 0.011719 0.382812 0.009766 0.384766 0.007812 0.384766 0.009766 0.386719 0.007812 0.388672 0.007812 0.390625 0.013672 0.390625 0.013672 0.386719 0.017578 0.382812 0.019531 0.382812 0.025391 0.388672 0.025391 0.392578 0.027344 0.394531 0.029297 0.394531 0.031250 0.396484 0.035156 0.396484 0.037109 0.398438 0.035156 0.400391 0.033203 0.400391 0.035156 0.400391 0.037109 0.398438 0.035156 0.396484 0.037109 0.394531 0.035156 0.394531 0.033203 0.396484 0.031250 0.396484 0.029297 0.394531 0.027344 0.394531 0.025391 0.392578 0.027344 0.390625 0.027344 0.388672 0.029297 0.386719 0.031250 0.388672 0.031250 0.390625 0.031250 0.388672 0.029297 0.386719 0.029297 0.384766 0.031250 0.382812 0.031250 0.375000 0.029297 0.375000 0.027344 0.373047 0.029297 0.371094 0.033203 0.371094 0.035156 0.369141 0.039062 0.373047 0.037109 0.375000 0.035156 0.375000 0.035156 0.380859 0.037109 0.378906 0.039062 0.378906 0.037109 0.376953 0.037109 0.375000 0.039062 0.373047 0.042969 0.373047 0.041016 0.371094 0.039062 0.371094 0.037109 0.369141 0.041016 0.365234 0.042969 0.367188 0.039062 0.363281 0.039062 0.361328 0.041016 0.359375 0.042969 0.359375 0.046875 0.355469 0.048828 0.355469 0.048828 0.351562 0.050781 0.349609 0.052734 0.351562 0.052734 0.353516 0.056641 0.353516 0.056641 0.351562 0.054688 0.349609 0.058594 0.345703 0.062500 0.349609 0.060547 0.351562 0.062500 0.353516 0.060547 0.355469 0.062500 0.353516 0.064453 0.355469 0.068359 0.355469 0.068359 0.353516 0.070312 0.351562 0.066406 0.355469 0.064453 0.355469 0.060547 0.351562 0.064453 0.347656 0.064453 0.345703 0.068359 0.341797 0.070312 0.341797 0.070312 0.339844 0.072266 0.337891 0.074219 0.337891 0.078125 0.341797 0.078125 0.343750 0.080078 0.345703 0.080078 0.347656 0.082031 0.349609 0.078125 0.353516 0.076172 0.353516 0.078125 0.353516 0.080078 0.355469 0.080078 0.357422 0.083984 0.357422 0.085938 0.359375 0.083984 0.361328 0.082031 0.361328 0.080078 0.363281 0.078125 0.363281 0.076172 0.361328 0.074219 0.361328 0.074219 0.363281 0.072266 0.365234 0.070312 0.365234 0.068359 0.363281 0.070312 0.361328 0.064453 0.361328 0.062500 0.359375 0.060547 0.359375 0.054688 0.365234 0.052734 0.363281 0.050781 0.365234 0.048828 0.365234 0.050781 0.367188 0.050781 0.369141 0.050781 0.367188 0.052734 0.365234 0.058594 0.365234 0.060547 0.367188 0.058594 0.369141 0.054688 0.369141 0.054688 0.371094 0.052734 0.373047 0.056641 0.376953 0.056641 0.375000 0.058594 0.373047 0.060547 0.373047 0.062500 0.375000 0.064453 0.375000 0.066406 0.376953 0.066406 0.378906 0.064453 0.380859 0.062500 0.378906 0.058594 0.382812 0.056641 0.380859 0.050781 0.380859 0.048828 0.378906 0.050781 0.376953 0.048828 0.378906 0.046875 0.376953 0.044922 0.376953 0.044922 0.380859 0.046875 0.380859 0.048828 0.382812 0.046875 0.384766 0.048828 0.384766 0.050781 0.386719 0.050781 0.390625 0.048828 0.392578 0.050781 0.394531 0.050781 0.396484 0.052734 0.398438 0.050781 0.400391 0.048828 0.400391 0.046875 0.402344 0.044922 0.400391 0.044922 0.398438 0.046875 0.396484 0.041016 0.390625 0.041016 0.388672 0.041016 0.394531 0.042969 0.394531 0.044922 0.396484 0.044922 0.398438 0.042969 0.400391 0.041016 0.398438 0.041016 0.402344 0.042969 0.404297 0.048828 0.404297 0.046875 0.402344 0.048828 0.400391 0.052734 0.400391 0.054688 0.402344 0.054688 0.404297 0.054688 0.402344 0.056641 0.400391 0.056641 0.394531 0.060547 0.390625 0.060547 0.388672 0.056641 0.388672 0.052734 0.384766 0.052734 0.382812 0.054688 0.380859 0.056641 0.382812 0.060547 0.382812 0.062500 0.384766 0.064453 0.384766 0.064453 0.382812 0.066406 0.380859 0.068359 0.382812 0.068359 0.384766 0.068359 0.382812 0.070312 0.380859 0.072266 0.380859 0.074219 0.378906 0.072266 0.376953 0.076172 0.373047 0.080078 0.376953 0.080078 0.375000 0.082031 0.373047 0.083984 0.375000 0.085938 0.375000 0.083984 0.375000 0.082031 0.373047 0.082031 0.371094 0.083984 0.369141 0.085938 0.371094 0.085938 0.367188 0.082031 0.371094 0.080078 0.369141 0.082031 0.371094 0.078125 0.375000 0.076172 0.373047 0.076172 0.371094 0.074219 0.371094 0.072266 0.373047 0.070312 0.371094 0.068359 0.371094 0.066406 0.369141 0.068359 0.367188 0.072266 0.367188 0.072266 0.365234 0.074219 0.363281 0.078125 0.363281 0.080078 0.365234 0.082031 0.363281 0.089844 0.363281 0.091797 0.365234 0.091797 0.367188 0.093750 0.367188 0.093750 0.365234 0.097656 0.361328 0.099609 0.363281 0.099609 0.369141 0.097656 0.371094 0.103516 0.371094 0.105469 0.369141 0.107422 0.371094 0.111328 0.367188 0.109375 0.367188 0.107422 0.369141 0.101562 0.369141 0.099609 0.367188 0.099609 0.365234 0.101562 0.363281 0.103516 0.365234 0.103516 0.363281 0.105469 0.361328 0.103516 0.359375 0.101562 0.359375 0.099609 0.357422 0.103516 0.353516 0.103516 0.347656 0.101562 0.345703 0.099609 0.347656 0.101562 0.345703 0.103516 0.347656 0.103516 0.353516 0.101562 0.355469 0.099609 0.355469 0.097656 0.353516 0.099609 0.351562 0.097656 0.353516 0.095703 0.353516 0.093750 0.351562 0.093750 0.349609 0.085938 0.349609 0.083984 0.351562 0.082031 0.349609 0.082031 0.347656 0.083984 0.345703 0.085938 0.345703 0.083984 0.343750 0.087891 0.339844 0.091797 0.339844 0.093750 0.341797 0.093750 0.339844 0.091797 0.337891 0.093750 0.335938 0.095703 0.335938 0.093750 0.335938 0.091797 0.337891 0.089844 0.335938 0.087891 0.335938 0.085938 0.333984 0.083984 0.335938 0.083984 0.339844 0.085938 0.341797 0.082031 0.345703 0.080078 0.343750 0.080078 0.341797 0.078125 0.339844 0.076172 0.339844 0.072266 0.335938 0.074219 0.333984 0.074219 0.332031 0.070312 0.328125 0.068359 0.328125 0.066406 0.326172 0.064453 0.326172 0.066406 0.326172 0.068359 0.328125 0.068359 0.330078 0.066406 0.332031 0.068359 0.330078 0.070312 0.332031 0.072266 0.330078 0.074219 0.332031 0.074219 0.333984 0.068359 0.339844 0.066406 0.337891 0.066406 0.335938 0.066406 0.337891 0.064453 0.339844 0.062500 0.337891 0.062500 0.335938 0.058594 0.335938 0.056641 0.333984 0.058594 0.332031 0.058594 0.328125 0.056641 0.326172 0.056641 0.324219 0.052734 0.328125 0.050781 0.326172 0.050781 0.322266 0.052734 0.320312 0.052734 0.314453 0.050781 0.316406 0.048828 0.314453 0.048828 0.312500 0.052734 0.308594 0.054688 0.308594 0.056641 0.310547 0.056641 0.320312 0.056641 0.316406 0.060547 0.312500 0.064453 0.312500 0.066406 0.314453 0.066406 0.316406 0.064453 0.318359 0.064453 0.320312 0.066406 0.322266 0.068359 0.320312 0.070312 0.322266 0.070312 0.324219 0.070312 0.318359 0.072266 0.316406 0.078125 0.316406 0.080078 0.314453 0.082031 0.316406 0.089844 0.316406 0.091797 0.314453 0.093750 0.314453 0.095703 0.316406 0.095703 0.322266 0.097656 0.324219 0.099609 0.322266 0.103516 0.326172 0.105469 0.326172 0.107422 0.328125 0.107422 0.330078 0.109375 0.330078 0.107422 0.328125 0.109375 0.326172 0.109375 0.324219 0.107422 0.324219 0.105469 0.322266 0.107422 0.320312 0.107422 0.318359 0.109375 0.316406 0.111328 0.318359 0.111328 0.320312 0.111328 0.318359 0.109375 0.316406 0.113281 0.312500 0.115234 0.314453 0.117188 0.314453 0.119141 0.312500 0.119141 0.310547 0.119141 0.312500 0.117188 0.314453 0.115234 0.312500 0.115234 0.306641 0.117188 0.304688 0.119141 0.306641 0.119141 0.304688 0.121094 0.302734 0.121094 0.300781 0.115234 0.306641 0.113281 0.304688 0.113281 0.300781 0.115234 0.298828 0.117188 0.298828 0.115234 0.296875 0.113281 0.298828 0.111328 0.296875 0.111328 0.294922 0.109375 0.292969 0.109375 0.291016 0.111328 0.289062 0.113281 0.291016 0.113281 0.289062 0.103516 0.289062 0.105469 0.291016 0.105469 0.292969 0.107422 0.294922 0.105469 0.296875 0.101562 0.296875 0.099609 0.294922 0.099609 0.292969 0.097656 0.291016 0.097656 0.287109 0.099609 0.285156 0.097656 0.283203 0.099609 0.281250 0.101562 0.281250 0.103516 0.279297 0.105469 0.281250 0.105469 0.279297 0.103516 0.277344 0.103516 0.275391 0.105469 0.273438 0.107422 0.273438 0.105469 0.273438 0.103516 0.271484 0.105469 0.269531 0.107422 0.269531 0.107422 0.261719 0.105469 0.261719 0.103516 0.259766 0.103516 0.257812 0.105469 0.255859 0.103516 0.255859 0.101562 0.257812 0.099609 0.255859 0.099609 0.253906 0.099609 0.255859 0.103516 0.259766 0.101562 0.261719 0.099609 0.261719 0.097656 0.259766 0.099609 0.261719 0.097656 0.263672 0.095703 0.263672 0.093750 0.261719 0.093750 0.255859 0.087891 0.255859 0.085938 0.253906 0.087891 0.251953 0.089844 0.251953 0.089844 0.250000 0.091797 0.248047 0.093750 0.248047 0.093750 0.246094 0.095703 0.244141 0.097656 0.244141
2 0.412109 0.236328 0.414062 0.238281 0.414062 0.240234 0.416016 0.242188 0.419922 0.242188 0.423828 0.246094 0.423828 0.251953 0.425781 0.253906 0.425781 0.257812 0.433594 0.265625 0.433594 0.267578 0.431641 0.269531 0.429688 0.269531 0.429688 0.271484 0.431641 0.273438 0.431641 0.277344 0.431641 0.273438 0.433594 0.271484 0.435547 0.273438 0.437500 0.273438 0.439453 0.275391 0.439453 0.273438 0.443359 0.269531 0.445312 0.271484 0.449219 0.271484 0.451172 0.273438 0.449219 0.275391 0.451172 0.277344 0.453125 0.277344 0.457031 0.281250 0.455078 0.283203 0.453125 0.283203 0.451172 0.281250 0.449219 0.281250 0.447266 0.279297 0.445312 0.279297 0.445312 0.283203 0.443359 0.285156 0.439453 0.285156 0.437500 0.283203 0.441406 0.279297 0.437500 0.279297 0.439453 0.281250 0.437500 0.283203 0.433594 0.283203 0.431641 0.281250 0.429688 0.281250 0.427734 0.279297 0.427734 0.275391 0.425781 0.275391 0.425781 0.277344 0.427734 0.279297 0.423828 0.283203 0.421875 0.281250 0.421875 0.275391 0.421875 0.279297 0.419922 0.281250 0.417969 0.281250 0.419922 0.283203 0.421875 0.281250 0.423828 0.283203 0.425781 0.281250 0.431641 0.281250 0.433594 0.283203 0.437500 0.283203 0.441406 0.287109 0.441406 0.289062 0.439453 0.291016 0.437500 0.289062 0.437500 0.291016 0.441406 0.291016 0.443359 0.289062 0.443359 0.285156 0.445312 0.283203 0.447266 0.283203 0.451172 0.287109 0.449219 0.285156 0.451172 0.283203 0.453125 0.283203 0.455078 0.285156 0.455078 0.287109 0.458984 0.291016 0.458984 0.294922 0.457031 0.296875 0.460938 0.296875 0.460938 0.294922 0.458984 0.292969 0.458984 0.289062 0.457031 0.289062 0.455078 0.287109 0.455078 0.285156 0.458984 0.281250 0.464844 0.281250 0.466797 0.279297 0.468750 0.281250 0.470703 0.281250 0.472656 0.279297 0.474609 0.281250 0.472656 0.279297 0.472656 0.277344 0.470703 0.275391 0.472656 0.273438 0.470703 0.273438 0.468750 0.271484 0.466797 0.273438 0.462891 0.273438 0.460938 0.271484 0.460938 0.267578 0.458984 0.267578 0.458984 0.269531 0.460938 0.271484 0.458984 0.273438 0.458984 0.275391 0.457031 0.277344 0.455078 0.277344 0.453125 0.275391 0.453125 0.273438 0.451172 0.271484 0.453125 0.269531 0.453125 0.265625 0.455078 0.263672 0.455078 0.261719 0.453125 0.263672 0.453125 0.267578 0.451172 0.269531 0.445312 0.269531 0.443359 0.267578 0.443359 0.269531 0.441406 0.271484 0.439453 0.271484 0.437500 0.273438 0.435547 0.271484 0.435547 0.269531 0.433594 0.267578 0.435547 0.265625 0.433594 0.263672 0.435547 0.261719 0.437500 0.261719 0.439453 0.263672 0.447266 0.263672 0.449219 0.265625 0.449219 0.261719 0.447266 0.259766 0.443359 0.259766 0.439453 0.255859 0.441406 0.253906 0.441406 0.251953 0.443359 0.250000 0.441406 0.248047 0.441406 0.244141 0.443359 0.242188 0.447266 0.242188 0.441406 0.242188 0.439453 0.240234 0.441406 0.238281 0.437500 0.238281 0.439453 0.240234 0.437500 0.242188 0.437500 0.244141 0.439453 0.246094 0.439453 0.251953 0.437500 0.253906 0.441406 0.257812 0.439453 0.259766 0.435547 0.259766 0.435547 0.261719 0.433594 0.263672 0.431641 0.263672 0.429688 0.261719 0.429688 0.259766 0.427734 0.259766 0.425781 0.257812 0.427734 0.255859 0.429688 0.255859 0.431641 0.253906 0.433594 0.253906 0.431641 0.253906 0.429688 0.251953 0.429688 0.250000 0.427734 0.250000 0.425781 0.251953 0.423828 0.250000 0.423828 0.246094 0.421875 0.244141 0.421875 0.238281 0.419922 0.240234 0.417969 0.238281 0.419922 0.240234 0.417969 0.242188 0.416016 0.242188 0.414062 0.240234 0.414062 0.238281
2 0.126953 0.236328 0.130859 0.240234 0.130859 0.242188 0.128906 0.244141 0.125000 0.240234 0.126953 0.242188 0.126953 0.244141 0.125000 0.246094 0.125000 0.248047 0.123047 0.250000 0.125000 0.251953 0.123047 0.253906 0.121094 0.253906 0.121094 0.255859 0.123047 0.257812 0.125000 0.257812 0.126953 0.259766 0.126953 0.263672 0.128906 0.265625 0.126953 0.267578 0.128906 0.267578 0.130859 0.269531 0.128906 0.271484 0.125000 0.271484 0.128906 0.271484 0.130859 0.273438 0.128906 0.275391 0.126953 0.275391 0.126953 0.279297 0.123047 0.283203 0.121094 0.281250 0.121094 0.277344 0.123047 0.275391 0.121094 0.273438 0.121094 0.275391 0.119141 0.277344 0.117188 0.275391 0.117188 0.277344 0.115234 0.279297 0.113281 0.279297 0.111328 0.281250 0.113281 0.279297 0.115234 0.279297 0.117188 0.281250 0.113281 0.285156 0.111328 0.285156 0.115234 0.285156 0.117188 0.287109 0.115234 0.285156 0.119141 0.281250 0.121094 0.283203 0.123047 0.283203 0.126953 0.279297 0.128906 0.281250 0.128906 0.283203 0.130859 0.283203 0.132812 0.285156 0.134766 0.285156 0.136719 0.283203 0.138672 0.283203 0.140625 0.285156 0.140625 0.287109 0.138672 0.289062 0.134766 0.289062 0.132812 0.291016 0.128906 0.287109 0.132812 0.291016 0.136719 0.291016 0.140625 0.287109 0.142578 0.289062 0.142578 0.291016 0.140625 0.292969 0.142578 0.292969 0.142578 0.289062 0.146484 0.285156 0.146484 0.283203 0.148438 0.281250 0.152344 0.285156 0.152344 0.287109 0.150391 0.289062 0.152344 0.287109 0.154297 0.287109 0.156250 0.289062 0.156250 0.291016 0.158203 0.292969 0.162109 0.292969 0.164062 0.294922 0.164062 0.292969 0.166016 0.291016 0.167969 0.291016 0.169922 0.292969 0.169922 0.294922 0.166016 0.298828 0.160156 0.298828 0.166016 0.298828 0.167969 0.300781 0.166016 0.302734 0.160156 0.302734 0.162109 0.302734 0.164062 0.304688 0.167969 0.300781 0.167969 0.296875 0.169922 0.294922 0.171875 0.296875 0.173828 0.294922 0.175781 0.294922 0.173828 0.292969 0.171875 0.292969 0.169922 0.291016 0.169922 0.289062 0.171875 0.287109 0.167969 0.291016 0.166016 0.291016 0.162109 0.287109 0.162109 0.285156 0.164062 0.283203 0.160156 0.283203 0.158203 0.281250 0.158203 0.279297 0.158203 0.283203 0.154297 0.287109 0.152344 0.285156 0.152344 0.283203 0.150391 0.283203 0.148438 0.281250 0.148438 0.279297 0.146484 0.277344 0.150391 0.273438 0.152344 0.273438 0.154297 0.275391 0.154297 0.273438 0.148438 0.273438 0.146484 0.271484 0.144531 0.273438 0.140625 0.269531 0.140625 0.271484 0.134766 0.277344 0.132812 0.275391 0.132812 0.273438 0.130859 0.271484 0.130859 0.269531 0.128906 0.267578 0.128906 0.265625 0.130859 0.263672 0.130859 0.261719 0.132812 0.259766 0.136719 0.263672 0.136719 0.267578 0.136719 0.263672 0.138672 0.261719 0.136719 0.263672 0.134766 0.261719 0.134766 0.257812 0.132812 0.255859 0.136719 0.251953 0.134766 0.250000 0.136719 0.248047 0.136719 0.246094 0.134766 0.246094 0.134766 0.248047 0.132812 0.250000 0.130859 0.248047 0.130859 0.246094 0.128906 0.244141 0.130859 0.242188 0.130859 0.240234
2 0.328125 0.226562 0.326172 0.228516 0.326172 0.230469 0.324219 0.232422 0.322266 0.230469 0.322266 0.228516 0.322266 0.236328 0.320312 0.238281 0.318359 0.238281 0.316406 0.240234 0.314453 0.238281 0.316406 0.240234 0.316406 0.242188 0.314453 0.244141 0.310547 0.240234 0.308594 0.240234 0.310547 0.242188 0.308594 0.244141 0.306641 0.244141 0.304688 0.242188 0.300781 0.242188 0.298828 0.240234 0.300781 0.238281 0.300781 0.236328 0.300781 0.238281 0.298828 0.240234 0.296875 0.238281 0.296875 0.236328 0.294922 0.238281 0.296875 0.240234 0.291016 0.246094 0.289062 0.244141 0.289062 0.242188 0.289062 0.244141 0.287109 0.246094 0.285156 0.244141 0.283203 0.246094 0.281250 0.244141 0.281250 0.248047 0.285156 0.251953 0.281250 0.255859 0.281250 0.261719 0.279297 0.263672 0.275391 0.259766 0.275391 0.257812 0.273438 0.255859 0.271484 0.257812 0.269531 0.255859 0.267578 0.257812 0.265625 0.255859 0.263672 0.257812 0.263672 0.259766 0.265625 0.261719 0.263672 0.263672 0.265625 0.265625 0.265625 0.267578 0.267578 0.265625 0.267578 0.263672 0.269531 0.261719 0.273438 0.261719 0.275391 0.259766 0.277344 0.261719 0.277344 0.263672 0.279297 0.265625 0.277344 0.267578 0.273438 0.267578 0.273438 0.269531 0.271484 0.271484 0.271484 0.273438 0.269531 0.275391 0.271484 0.275391 0.273438 0.277344 0.271484 0.279297 0.273438 0.277344 0.275391 0.279297 0.277344 0.279297 0.279297 0.281250 0.275391 0.285156 0.273438 0.283203 0.271484 0.283203 0.271484 0.285156 0.269531 0.287109 0.271484 0.285156 0.273438 0.287109 0.275391 0.287109 0.277344 0.289062 0.275391 0.291016 0.277344 0.289062 0.275391 0.287109 0.275391 0.285156 0.277344 0.283203 0.279297 0.283203 0.279297 0.281250 0.281250 0.279297 0.281250 0.277344 0.279297 0.279297 0.275391 0.279297 0.271484 0.275391 0.271484 0.271484 0.273438 0.269531 0.277344 0.269531 0.279297 0.271484 0.279297 0.273438 0.281250 0.273438 0.281250 0.271484 0.277344 0.267578 0.279297 0.265625 0.279297 0.263672 0.281250 0.261719 0.283203 0.263672 0.283203 0.265625 0.285156 0.263672 0.287109 0.265625 0.289062 0.263672 0.291016 0.265625 0.291016 0.267578 0.292969 0.269531 0.289062 0.273438 0.287109 0.271484 0.287109 0.269531 0.285156 0.269531 0.285156 0.271484 0.287109 0.271484 0.289062 0.273438 0.289062 0.275391 0.291016 0.275391 0.291016 0.271484 0.294922 0.267578 0.292969 0.267578 0.291016 0.265625 0.291016 0.261719 0.289062 0.261719 0.289062 0.263672 0.287109 0.265625 0.285156 0.263672 0.283203 0.263672 0.281250 0.261719 0.283203 0.259766 0.285156 0.259766 0.285156 0.257812 0.289062 0.253906 0.294922 0.253906 0.296875 0.251953 0.300781 0.255859 0.300781 0.257812 0.298828 0.259766 0.296875 0.259766 0.294922 0.257812 0.298828 0.261719 0.304688 0.261719 0.306641 0.263672 0.306641 0.265625 0.304688 0.267578 0.302734 0.267578 0.300781 0.265625 0.302734 0.267578 0.300781 0.269531 0.302734 0.271484 0.304688 0.271484 0.306641 0.269531 0.306641 0.267578 0.308594 0.265625 0.310547 0.267578 0.310547 0.269531 0.312500 0.271484 0.310547 0.273438 0.310547 0.275391 0.312500 0.277344 0.310547 0.279297 0.308594 0.279297 0.304688 0.283203 0.302734 0.283203 0.300781 0.281250 0.300781 0.279297 0.300781 0.281250 0.298828 0.283203 0.296875 0.283203 0.298828 0.285156 0.298828 0.291016 0.300781 0.289062 0.304688 0.289062 0.306641 0.287109 0.306641 0.285156 0.308594 0.283203 0.310547 0.283203 0.310547 0.281250 0.312500 0.279297 0.314453 0.279297 0.316406 0.281250 0.314453 0.283203 0.316406 0.285156 0.312500 0.289062 0.310547 0.289062 0.308594 0.291016 0.308594 0.292969 0.306641 0.294922 0.304688 0.292969 0.302734 0.292969 0.302734 0.294922 0.306641 0.294922 0.310547 0.298828 0.306641 0.302734 0.304688 0.300781 0.302734 0.300781 0.300781 0.298828 0.300781 0.300781 0.304688 0.300781 0.306641 0.302734 0.306641 0.304688 0.304688 0.306641 0.302734 0.306641 0.300781 0.304688 0.298828 0.304688 0.296875 0.306641 0.294922 0.306641 0.292969 0.304688 0.292969 0.302734 0.294922 0.300781 0.296875 0.300781 0.296875 0.298828 0.292969 0.298828 0.294922 0.300781 0.291016 0.304688 0.292969 0.304688 0.294922 0.306641 0.296875 0.306641 0.298828 0.308594 0.300781 0.306641 0.306641 0.306641 0.308594 0.304688 0.310547 0.306641 0.310547 0.308594 0.312500 0.306641 0.310547 0.306641 0.308594 0.304688 0.312500 0.300781 0.316406 0.300781 0.312500 0.300781 0.310547 0.298828 0.310547 0.294922 0.312500 0.292969 0.314453 0.292969 0.312500 0.291016 0.316406 0.287109 0.316406 0.277344 0.312500 0.277344 0.310547 0.275391 0.310547 0.273438 0.312500 0.271484 0.310547 0.269531 0.310547 0.265625 0.308594 0.265625 0.306641 0.263672 0.306641 0.259766 0.304688 0.257812 0.302734 0.257812 0.300781 0.255859 0.300781 0.253906 0.298828 0.251953 0.300781 0.250000 0.304688 0.250000 0.306641 0.251953 0.306641 0.253906 0.310547 0.257812 0.310547 0.259766 0.310547 0.257812 0.308594 0.255859 0.312500 0.251953 0.316406 0.255859 0.318359 0.253906 0.316406 0.253906 0.314453 0.251953 0.316406 0.250000 0.318359 0.250000 0.320312 0.248047 0.320312 0.246094 0.318359 0.244141 0.318359 0.240234 0.320312 0.238281 0.322266 0.240234 0.322266 0.242188 0.324219 0.244141 0.324219 0.250000 0.326172 0.248047 0.330078 0.248047 0.332031 0.250000 0.332031 0.253906 0.333984 0.253906 0.335938 0.255859 0.333984 0.257812 0.332031 0.257812 0.333984 0.257812 0.335938 0.255859 0.333984 0.253906 0.333984 0.251953 0.330078 0.248047 0.330078 0.244141 0.332031 0.242188 0.333984 0.242188 0.333984 0.238281 0.328125 0.238281 0.324219 0.242188 0.322266 0.240234 0.322266 0.236328 0.324219 0.234375 0.326172 0.234375 0.326172 0.230469 0.328125 0.228516 0.330078 0.228516 0.332031 0.230469 0.332031 0.228516 0.330078 0.228516
2 0.845703 0.210938 0.845703 0.212891 0.841797 0.216797 0.845703 0.220703 0.845703 0.222656 0.847656 0.220703 0.849609 0.220703 0.851562 0.222656 0.853516 0.220703 0.855469 0.220703 0.859375 0.224609 0.859375 0.226562 0.857422 0.228516 0.855469 0.226562 0.853516 0.228516 0.851562 0.228516 0.849609 0.230469 0.847656 0.228516 0.847656 0.226562 0.845703 0.228516 0.841797 0.224609 0.841797 0.222656 0.839844 0.224609 0.839844 0.228516 0.841797 0.228516 0.843750 0.226562 0.847656 0.230469 0.847656 0.232422 0.845703 0.234375 0.843750 0.234375 0.841797 0.232422 0.839844 0.232422 0.841797 0.234375 0.843750 0.234375 0.845703 0.236328 0.841797 0.240234 0.839844 0.238281 0.841797 0.240234 0.841797 0.242188 0.843750 0.242188 0.845703 0.244141 0.843750 0.246094 0.841797 0.246094 0.841797 0.248047 0.837891 0.251953 0.835938 0.251953 0.835938 0.255859 0.833984 0.257812 0.832031 0.257812 0.832031 0.259766 0.837891 0.259766 0.839844 0.257812 0.841797 0.257812 0.843750 0.259766 0.839844 0.263672 0.839844 0.265625 0.839844 0.263672 0.843750 0.259766 0.845703 0.259766 0.847656 0.261719 0.845703 0.263672 0.847656 0.261719 0.849609 0.263672 0.849609 0.261719 0.845703 0.257812 0.847656 0.255859 0.851562 0.255859 0.849609 0.253906 0.849609 0.251953 0.851562 0.250000 0.855469 0.250000 0.855469 0.242188 0.857422 0.240234 0.855469 0.238281 0.853516 0.240234 0.853516 0.242188 0.849609 0.246094 0.845703 0.242188 0.845703 0.240234 0.847656 0.238281 0.849609 0.238281 0.849609 0.236328 0.847656 0.234375 0.847656 0.232422 0.849609 0.230469 0.853516 0.230469 0.855469 0.232422 0.855469 0.230469 0.857422 0.228516 0.861328 0.232422 0.867188 0.226562 0.869141 0.226562 0.871094 0.228516 0.865234 0.234375 0.867188 0.236328 0.867188 0.240234 0.865234 0.242188 0.863281 0.240234 0.863281 0.238281 0.863281 0.248047 0.865234 0.250000 0.863281 0.251953 0.861328 0.251953 0.859375 0.250000 0.859375 0.246094 0.859375 0.251953 0.857422 0.253906 0.855469 0.253906 0.855469 0.255859 0.857422 0.257812 0.859375 0.255859 0.861328 0.255859 0.859375 0.253906 0.861328 0.251953 0.863281 0.251953 0.867188 0.255859 0.865234 0.257812 0.867188 0.257812 0.867188 0.255859 0.863281 0.251953 0.865234 0.250000 0.867188 0.250000 0.871094 0.253906 0.871094 0.255859 0.873047 0.257812 0.873047 0.259766 0.871094 0.261719 0.869141 0.261719 0.871094 0.261719 0.873047 0.263672 0.873047 0.261719 0.875000 0.259766 0.876953 0.259766 0.876953 0.257812 0.875000 0.257812 0.871094 0.253906 0.871094 0.251953 0.873047 0.250000 0.875000 0.251953 0.882812 0.251953 0.884766 0.253906 0.882812 0.255859 0.880859 0.255859 0.880859 0.263672 0.882812 0.263672 0.882812 0.259766 0.884766 0.257812 0.886719 0.257812 0.888672 0.259766 0.888672 0.261719 0.888672 0.259766 0.886719 0.257812 0.888672 0.255859 0.890625 0.255859 0.892578 0.257812 0.894531 0.255859 0.896484 0.257812 0.898438 0.257812 0.900391 0.259766 0.898438 0.261719 0.892578 0.261719 0.894531 0.263672 0.894531 0.265625 0.898438 0.261719 0.900391 0.263672 0.900391 0.265625 0.902344 0.263672 0.900391 0.261719 0.902344 0.259766 0.900391 0.257812 0.902344 0.255859 0.904297 0.255859 0.898438 0.255859 0.894531 0.251953 0.892578 0.251953 0.894531 0.251953 0.896484 0.253906 0.892578 0.257812 0.890625 0.255859 0.888672 0.255859 0.886719 0.253906 0.888672 0.251953 0.888672 0.250000 0.890625 0.248047 0.894531 0.248047 0.894531 0.246094 0.892578 0.244141 0.894531 0.242188 0.894531 0.238281 0.896484 0.236328 0.896484 0.234375 0.898438 0.232422 0.902344 0.236328 0.902344 0.242188 0.904297 0.244141 0.902344 0.246094 0.902344 0.248047 0.902344 0.246094 0.904297 0.244141 0.902344 0.242188 0.904297 0.240234 0.902344 0.238281 0.902344 0.236328 0.904297 0.234375 0.906250 0.236328 0.906250 0.232422 0.904297 0.232422 0.904297 0.234375 0.902344 0.236328 0.898438 0.232422 0.896484 0.232422 0.894531 0.234375 0.892578 0.232422 0.892578 0.230469 0.890625 0.230469 0.888672 0.228516 0.886719 0.228516 0.892578 0.234375 0.890625 0.236328 0.888672 0.236328 0.886719 0.238281 0.884766 0.236328 0.884766 0.234375 0.884766 0.236328 0.882812 0.238281 0.884766 0.240234 0.884766 0.244141 0.882812 0.246094 0.880859 0.246094 0.878906 0.244141 0.871094 0.244141 0.869141 0.246094 0.867188 0.246094 0.865234 0.244141 0.865234 0.242188 0.869141 0.238281 0.873047 0.238281 0.875000 0.240234 0.876953 0.240234 0.875000 0.240234 0.871094 0.236328 0.871094 0.224609 0.873047 0.222656 0.875000 0.224609 0.876953 0.224609 0.878906 0.226562 0.878906 0.228516 0.876953 0.230469 0.875000 0.230469 0.875000 0.232422 0.878906 0.232422 0.876953 0.230469 0.880859 0.226562 0.882812 0.226562 0.884766 0.224609 0.882812 0.222656 0.880859 0.222656 0.878906 0.224609 0.876953 0.222656 0.876953 0.220703 0.875000 0.220703 0.873047 0.222656 0.871094 0.222656 0.871094 0.224609 0.869141 0.226562 0.865234 0.226562 0.863281 0.228516 0.861328 0.228516 0.859375 0.226562 0.861328 0.224609 0.859375 0.222656 0.861328 0.220703 0.857422 0.216797 0.859375 0.214844 0.853516 0.214844 0.853516 0.216797 0.855469 0.218750 0.851562 0.222656 0.849609 0.220703 0.849609 0.216797 0.847656 0.214844 0.847656 0.210938
2 0.238281 0.203125 0.234375 0.207031 0.232422 0.207031 0.230469 0.205078 0.224609 0.205078 0.224609 0.208984 0.226562 0.210938 0.228516 0.210938 0.230469 0.212891 0.228516 0.214844 0.224609 0.214844 0.222656 0.212891 0.222656 0.216797 0.220703 0.218750 0.216797 0.214844 0.216797 0.212891 0.218750 0.210938 0.218750 0.208984 0.216797 0.210938 0.216797 0.212891 0.214844 0.214844 0.216797 0.216797 0.216797 0.220703 0.218750 0.220703 0.220703 0.222656 0.220703 0.224609 0.222656 0.222656 0.224609 0.224609 0.224609 0.226562 0.218750 0.232422 0.216797 0.230469 0.216797 0.224609 0.214844 0.224609 0.214844 0.228516 0.212891 0.230469 0.212891 0.232422 0.214844 0.234375 0.214844 0.236328 0.212891 0.238281 0.210938 0.238281 0.212891 0.240234 0.214844 0.240234 0.218750 0.236328 0.220703 0.238281 0.222656 0.236328 0.224609 0.238281 0.226562 0.238281 0.224609 0.236328 0.226562 0.234375 0.228516 0.234375 0.230469 0.236328 0.230469 0.242188 0.226562 0.246094 0.224609 0.244141 0.224609 0.242188 0.218750 0.242188 0.216797 0.244141 0.212891 0.244141 0.210938 0.246094 0.210938 0.251953 0.208984 0.253906 0.207031 0.253906 0.208984 0.253906 0.210938 0.251953 0.210938 0.246094 0.212891 0.244141 0.214844 0.246094 0.214844 0.248047 0.216797 0.248047 0.218750 0.250000 0.216797 0.248047 0.216797 0.246094 0.218750 0.244141 0.220703 0.244141 0.222656 0.246094 0.222656 0.250000 0.224609 0.251953 0.226562 0.251953 0.228516 0.253906 0.228516 0.255859 0.224609 0.259766 0.222656 0.257812 0.220703 0.259766 0.218750 0.257812 0.218750 0.255859 0.220703 0.253906 0.218750 0.255859 0.218750 0.257812 0.216797 0.259766 0.214844 0.257812 0.212891 0.257812 0.214844 0.257812 0.216797 0.259766 0.216797 0.261719 0.218750 0.263672 0.218750 0.265625 0.214844 0.269531 0.210938 0.265625 0.208984 0.267578 0.207031 0.265625 0.207031 0.263672 0.205078 0.265625 0.207031 0.265625 0.208984 0.267578 0.207031 0.269531 0.208984 0.271484 0.210938 0.269531 0.212891 0.271484 0.212891 0.277344 0.214844 0.277344 0.216797 0.279297 0.216797 0.281250 0.214844 0.283203 0.214844 0.285156 0.212891 0.287109 0.210938 0.285156 0.210938 0.281250 0.210938 0.283203 0.207031 0.287109 0.205078 0.285156 0.205078 0.283203 0.207031 0.281250 0.205078 0.279297 0.203125 0.279297 0.205078 0.279297 0.207031 0.281250 0.205078 0.283203 0.203125 0.283203 0.207031 0.287109 0.208984 0.285156 0.210938 0.287109 0.214844 0.287109 0.216797 0.289062 0.214844 0.291016 0.216797 0.292969 0.216797 0.294922 0.214844 0.296875 0.210938 0.296875 0.208984 0.294922 0.210938 0.292969 0.210938 0.291016 0.207031 0.291016 0.208984 0.291016 0.210938 0.292969 0.208984 0.294922 0.208984 0.296875 0.210938 0.296875 0.212891 0.298828 0.210938 0.300781 0.212891 0.302734 0.214844 0.302734 0.216797 0.304688 0.220703 0.304688 0.222656 0.302734 0.222656 0.300781 0.220703 0.302734 0.218750 0.302734 0.214844 0.298828 0.216797 0.296875 0.216797 0.292969 0.218750 0.291016 0.222656 0.291016 0.224609 0.289062 0.226562 0.289062 0.228516 0.291016 0.228516 0.292969 0.226562 0.294922 0.230469 0.291016 0.228516 0.289062 0.228516 0.287109 0.230469 0.285156 0.236328 0.285156 0.238281 0.287109 0.236328 0.289062 0.236328 0.291016 0.236328 0.289062 0.238281 0.287109 0.240234 0.289062 0.238281 0.287109 0.238281 0.277344 0.240234 0.275391 0.244141 0.279297 0.244141 0.277344 0.246094 0.275391 0.248047 0.277344 0.248047 0.275391 0.246094 0.275391 0.244141 0.273438 0.244141 0.269531 0.246094 0.267578 0.250000 0.271484 0.253906 0.271484 0.257812 0.275391 0.255859 0.277344 0.255859 0.279297 0.263672 0.271484 0.265625 0.273438 0.265625 0.275391 0.265625 0.271484 0.263672 0.271484 0.261719 0.269531 0.261719 0.267578 0.259766 0.267578 0.261719 0.269531 0.257812 0.273438 0.255859 0.273438 0.253906 0.271484 0.253906 0.267578 0.255859 0.265625 0.253906 0.263672 0.255859 0.261719 0.253906 0.263672 0.251953 0.263672 0.250000 0.265625 0.246094 0.265625 0.244141 0.263672 0.244141 0.261719 0.244141 0.263672 0.246094 0.265625 0.244141 0.267578 0.244141 0.273438 0.242188 0.275391 0.240234 0.273438 0.238281 0.275391 0.236328 0.275391 0.234375 0.277344 0.230469 0.277344 0.228516 0.275391 0.228516 0.273438 0.226562 0.271484 0.226562 0.269531 0.228516 0.267578 0.228516 0.265625 0.230469 0.263672 0.232422 0.265625 0.232422 0.267578 0.234375 0.267578 0.236328 0.269531 0.240234 0.265625 0.240234 0.261719 0.238281 0.259766 0.238281 0.267578 0.236328 0.269531 0.234375 0.267578 0.234375 0.257812 0.232422 0.257812 0.232422 0.259766 0.230469 0.261719 0.226562 0.257812 0.228516 0.255859 0.228516 0.253906 0.226562 0.251953 0.226562 0.246094 0.228516 0.244141 0.230469 0.244141 0.230469 0.236328 0.232422 0.234375 0.238281 0.234375 0.238281 0.230469 0.236328 0.228516 0.238281 0.226562 0.236328 0.224609 0.238281 0.222656 0.240234 0.222656 0.240234 0.220703 0.242188 0.218750 0.240234 0.218750 0.238281 0.220703 0.238281 0.222656 0.236328 0.224609 0.232422 0.224609 0.230469 0.222656 0.232422 0.220703 0.234375 0.220703 0.234375 0.218750 0.236328 0.216797 0.236328 0.210938 0.238281 0.208984 0.240234 0.210938 0.240234 0.214844 0.244141 0.214844 0.244141 0.212891 0.248047 0.208984 0.246094 0.208984 0.242188 0.205078 0.240234 0.207031 0.238281 0.205078
2 0.712891 0.179688 0.710938 0.181641 0.708984 0.181641 0.708984 0.183594 0.707031 0.185547 0.707031 0.189453 0.705078 0.191406 0.703125 0.191406 0.703125 0.193359 0.701172 0.195312 0.701172 0.197266 0.703125 0.195312 0.705078 0.195312 0.708984 0.191406 0.710938 0.193359 0.712891 0.193359 0.712891 0.191406 0.716797 0.187500 0.718750 0.189453 0.718750 0.191406 0.716797 0.193359 0.716797 0.195312 0.714844 0.197266 0.710938 0.197266 0.714844 0.197266 0.716797 0.199219 0.716797 0.205078 0.720703 0.205078 0.724609 0.201172 0.726562 0.201172 0.728516 0.199219 0.728516 0.197266 0.730469 0.195312 0.732422 0.197266 0.734375 0.197266 0.736328 0.195312 0.738281 0.197266 0.738281 0.201172 0.736328 0.203125 0.734375 0.201172 0.732422 0.201172 0.730469 0.203125 0.736328 0.203125 0.740234 0.199219 0.744141 0.199219 0.746094 0.201172 0.746094 0.203125 0.744141 0.205078 0.742188 0.203125 0.744141 0.205078 0.742188 0.207031 0.742188 0.210938 0.744141 0.210938 0.746094 0.212891 0.746094 0.214844 0.748047 0.212891 0.750000 0.214844 0.750000 0.216797 0.748047 0.218750 0.751953 0.218750 0.753906 0.220703 0.753906 0.218750 0.755859 0.216797 0.753906 0.214844 0.755859 0.212891 0.753906 0.210938 0.753906 0.208984 0.755859 0.207031 0.759766 0.207031 0.761719 0.208984 0.759766 0.210938 0.761719 0.210938 0.761719 0.208984 0.763672 0.207031 0.765625 0.208984 0.767578 0.208984 0.769531 0.210938 0.765625 0.214844 0.763672 0.214844 0.761719 0.216797 0.759766 0.216797 0.759766 0.222656 0.755859 0.226562 0.753906 0.224609 0.750000 0.224609 0.751953 0.224609 0.753906 0.226562 0.751953 0.228516 0.751953 0.230469 0.755859 0.234375 0.755859 0.238281 0.757812 0.238281 0.757812 0.236328 0.761719 0.232422 0.761719 0.230469 0.763672 0.228516 0.767578 0.228516 0.767578 0.224609 0.769531 0.222656 0.771484 0.224609 0.771484 0.226562 0.773438 0.228516 0.773438 0.230469 0.775391 0.230469 0.777344 0.228516 0.779297 0.230469 0.779297 0.232422 0.781250 0.232422 0.783203 0.230469 0.785156 0.232422 0.785156 0.234375 0.787109 0.232422 0.789062 0.232422 0.791016 0.234375 0.792969 0.232422 0.798828 0.232422 0.798828 0.230469 0.794922 0.226562 0.796875 0.224609 0.794922 0.224609 0.792969 0.222656 0.792969 0.216797 0.789062 0.220703 0.789062 0.222656 0.787109 0.224609 0.785156 0.222656 0.783203 0.222656 0.781250 0.220703 0.785156 0.216797 0.787109 0.216797 0.785156 0.216797 0.783203 0.214844 0.783203 0.212891 0.781250 0.214844 0.777344 0.210938 0.779297 0.208984 0.777344 0.210938 0.775391 0.208984 0.775391 0.207031 0.773438 0.208984 0.771484 0.207031 0.771484 0.205078 0.769531 0.205078 0.767578 0.203125 0.761719 0.203125 0.759766 0.205078 0.757812 0.203125 0.755859 0.203125 0.753906 0.205078 0.751953 0.203125 0.751953 0.201172 0.753906 0.199219 0.751953 0.201172 0.750000 0.201172 0.748047 0.203125 0.746094 0.201172 0.746094 0.195312 0.746094 0.197266 0.744141 0.199219 0.740234 0.199219 0.734375 0.193359 0.734375 0.191406 0.730469 0.191406 0.728516 0.193359 0.724609 0.189453 0.726562 0.187500 0.728516 0.187500 0.726562 0.187500 0.724609 0.185547 0.722656 0.187500 0.722656 0.189453 0.724609 0.189453 0.730469 0.195312 0.728516 0.197266 0.726562 0.197266 0.724609 0.199219 0.722656 0.199219 0.718750 0.195312 0.718750 0.187500 0.716797 0.187500 0.714844 0.185547 0.714844 0.183594 0.716797 0.181641 0.718750 0.183594 0.718750 0.181641 0.714844 0.181641
2 0.382812 0.173828 0.382812 0.179688 0.380859 0.181641 0.382812 0.179688 0.384766 0.179688 0.388672 0.183594 0.388672 0.187500 0.386719 0.189453 0.384766 0.189453 0.380859 0.185547 0.380859 0.189453 0.382812 0.191406 0.380859 0.193359 0.384766 0.197266 0.384766 0.195312 0.382812 0.195312 0.380859 0.193359 0.384766 0.189453 0.388672 0.193359 0.388672 0.197266 0.390625 0.195312 0.392578 0.195312 0.394531 0.197266 0.392578 0.199219 0.392578 0.205078 0.394531 0.203125 0.396484 0.203125 0.398438 0.201172 0.398438 0.199219 0.396484 0.199219 0.392578 0.195312 0.394531 0.193359 0.398438 0.193359 0.402344 0.197266 0.402344 0.199219 0.404297 0.197266 0.406250 0.199219 0.408203 0.199219 0.410156 0.197266 0.412109 0.199219 0.412109 0.201172 0.410156 0.203125 0.402344 0.203125 0.402344 0.205078 0.406250 0.205078 0.408203 0.207031 0.406250 0.208984 0.404297 0.208984 0.406250 0.208984 0.408203 0.210938 0.406250 0.212891 0.402344 0.212891 0.404297 0.212891 0.406250 0.214844 0.406250 0.216797 0.406250 0.212891 0.408203 0.210938 0.410156 0.212891 0.412109 0.212891 0.416016 0.216797 0.412109 0.220703 0.414062 0.222656 0.412109 0.224609 0.414062 0.226562 0.416016 0.226562 0.417969 0.224609 0.419922 0.224609 0.421875 0.226562 0.421875 0.228516 0.419922 0.230469 0.417969 0.230469 0.416016 0.232422 0.416016 0.234375 0.421875 0.234375 0.423828 0.232422 0.425781 0.234375 0.425781 0.240234 0.425781 0.234375 0.427734 0.232422 0.431641 0.236328 0.431641 0.238281 0.429688 0.240234 0.429688 0.244141 0.433594 0.240234 0.433594 0.238281 0.431641 0.236328 0.431641 0.234375 0.427734 0.230469 0.429688 0.228516 0.427734 0.226562 0.427734 0.224609 0.425781 0.222656 0.425781 0.218750 0.427734 0.216797 0.431641 0.216797 0.433594 0.218750 0.431641 0.216797 0.431641 0.214844 0.429688 0.212891 0.429688 0.207031 0.427734 0.207031 0.429688 0.208984 0.423828 0.214844 0.421875 0.212891 0.421875 0.214844 0.423828 0.214844 0.425781 0.212891 0.427734 0.214844 0.427734 0.216797 0.425781 0.218750 0.421875 0.218750 0.419922 0.220703 0.421875 0.218750 0.423828 0.218750 0.425781 0.220703 0.421875 0.224609 0.416016 0.224609 0.412109 0.220703 0.414062 0.218750 0.416016 0.218750 0.417969 0.216797 0.417969 0.212891 0.414062 0.212891 0.412109 0.210938 0.412109 0.205078 0.416016 0.201172 0.417969 0.203125 0.419922 0.203125 0.414062 0.197266 0.412109 0.197266 0.410156 0.195312 0.408203 0.195312 0.408203 0.197266 0.406250 0.199219 0.404297 0.197266 0.404297 0.193359 0.406250 0.191406 0.408203 0.191406 0.406250 0.189453 0.406250 0.187500 0.404297 0.189453 0.402344 0.187500 0.400391 0.187500 0.404297 0.191406 0.400391 0.195312 0.398438 0.193359 0.392578 0.193359 0.390625 0.191406 0.394531 0.187500 0.394531 0.185547 0.394531 0.187500 0.392578 0.189453 0.390625 0.187500 0.390625 0.185547 0.388672 0.183594 0.390625 0.181641 0.390625 0.175781 0.392578 0.173828 0.394531 0.173828 0.396484 0.175781 0.396484 0.177734 0.394531 0.179688 0.396484 0.177734 0.396484 0.175781 0.394531 0.173828 0.392578 0.173828 0.390625 0.175781 0.384766 0.175781
2 0.337891 0.171875 0.335938 0.173828 0.337891 0.175781 0.337891 0.177734 0.339844 0.177734 0.343750 0.181641 0.343750 0.183594 0.339844 0.187500 0.337891 0.187500 0.335938 0.185547 0.335938 0.183594 0.326172 0.183594 0.324219 0.185547 0.322266 0.185547 0.320312 0.183594 0.318359 0.185547 0.316406 0.183594 0.316406 0.185547 0.314453 0.187500 0.312500 0.185547 0.312500 0.181641 0.310547 0.183594 0.308594 0.181641 0.306641 0.181641 0.304688 0.183594 0.302734 0.183594 0.304688 0.183594 0.306641 0.185547 0.304688 0.187500 0.302734 0.187500 0.302734 0.189453 0.300781 0.191406 0.296875 0.187500 0.294922 0.187500 0.292969 0.185547 0.292969 0.183594 0.294922 0.181641 0.291016 0.185547 0.292969 0.187500 0.291016 0.189453 0.289062 0.189453 0.285156 0.185547 0.285156 0.183594 0.287109 0.181641 0.289062 0.181641 0.285156 0.181641 0.283203 0.183594 0.281250 0.181641 0.277344 0.181641 0.279297 0.181641 0.283203 0.185547 0.281250 0.187500 0.283203 0.185547 0.285156 0.185547 0.287109 0.187500 0.287109 0.189453 0.285156 0.191406 0.283203 0.191406 0.281250 0.193359 0.283203 0.191406 0.285156 0.193359 0.287109 0.193359 0.291016 0.197266 0.289062 0.199219 0.285156 0.199219 0.285156 0.201172 0.287109 0.201172 0.289062 0.203125 0.287109 0.205078 0.285156 0.205078 0.289062 0.205078 0.289062 0.199219 0.291016 0.197266 0.292969 0.199219 0.294922 0.199219 0.296875 0.201172 0.292969 0.205078 0.294922 0.205078 0.296875 0.203125 0.300781 0.203125 0.302734 0.201172 0.304688 0.201172 0.302734 0.201172 0.298828 0.197266 0.298828 0.193359 0.302734 0.189453 0.310547 0.189453 0.312500 0.191406 0.314453 0.191406 0.316406 0.189453 0.316406 0.187500 0.318359 0.185547 0.320312 0.187500 0.320312 0.189453 0.326172 0.189453 0.328125 0.187500 0.330078 0.187500 0.332031 0.189453 0.330078 0.191406 0.330078 0.193359 0.330078 0.191406 0.332031 0.189453 0.333984 0.189453 0.332031 0.187500 0.333984 0.185547 0.335938 0.185547 0.337891 0.187500 0.339844 0.187500 0.345703 0.193359 0.343750 0.191406 0.345703 0.189453 0.347656 0.189453 0.343750 0.185547 0.345703 0.183594 0.343750 0.181641 0.343750 0.175781 0.345703 0.173828 0.347656 0.175781 0.347656 0.177734 0.349609 0.179688 0.349609 0.181641 0.351562 0.183594 0.351562 0.181641 0.353516 0.179688 0.353516 0.173828 0.349609 0.173828 0.347656 0.175781 0.345703 0.173828 0.343750 0.173828 0.341797 0.175781
2 0.693359 0.144531 0.691406 0.146484 0.689453 0.146484 0.681641 0.154297 0.679688 0.152344 0.679688 0.154297 0.681641 0.154297 0.683594 0.156250 0.685547 0.156250 0.689453 0.160156 0.693359 0.160156 0.697266 0.156250 0.699219 0.158203 0.699219 0.160156 0.697266 0.162109 0.697266 0.164062 0.697266 0.162109 0.699219 0.160156 0.701172 0.162109 0.701172 0.164062 0.703125 0.164062 0.707031 0.167969 0.708984 0.167969 0.708984 0.166016 0.710938 0.164062 0.710938 0.162109 0.714844 0.158203 0.720703 0.164062 0.720703 0.167969 0.724609 0.171875 0.726562 0.171875 0.728516 0.169922 0.732422 0.173828 0.732422 0.177734 0.740234 0.177734 0.742188 0.179688 0.740234 0.181641 0.738281 0.181641 0.738281 0.183594 0.740234 0.183594 0.742188 0.185547 0.742188 0.183594 0.740234 0.181641 0.742188 0.179688 0.744141 0.179688 0.746094 0.181641 0.751953 0.181641 0.753906 0.183594 0.755859 0.183594 0.755859 0.181641 0.751953 0.177734 0.751953 0.173828 0.748047 0.169922 0.748047 0.167969 0.746094 0.166016 0.744141 0.167969 0.742188 0.167969 0.742188 0.169922 0.738281 0.173828 0.736328 0.171875 0.736328 0.169922 0.738281 0.167969 0.732422 0.167969 0.730469 0.166016 0.728516 0.166016 0.726562 0.164062 0.728516 0.162109 0.730469 0.162109 0.728516 0.162109 0.726562 0.160156 0.726562 0.158203 0.722656 0.154297 0.720703 0.154297 0.718750 0.152344 0.718750 0.154297 0.714844 0.158203 0.710938 0.158203 0.708984 0.156250 0.705078 0.156250 0.703125 0.154297 0.705078 0.152344 0.705078 0.150391 0.708984 0.146484 0.710938 0.146484 0.712891 0.148438 0.720703 0.148438 0.722656 0.150391 0.724609 0.148438 0.722656 0.146484 0.720703 0.148438 0.718750 0.146484 0.716797 0.148438 0.714844 0.146484 0.714844 0.144531 0.712891 0.146484 0.710938 0.146484 0.708984 0.144531 0.703125 0.150391 0.699219 0.150391 0.697266 0.148438 0.699219 0.146484 0.699219 0.144531 0.697266 0.146484 0.695312 0.144531
2 0.187500 0.142578 0.185547 0.144531 0.183594 0.144531 0.181641 0.146484 0.177734 0.146484 0.175781 0.148438 0.175781 0.150391 0.177734 0.152344 0.175781 0.154297 0.173828 0.154297 0.169922 0.158203 0.167969 0.158203 0.164062 0.162109 0.162109 0.160156 0.160156 0.160156 0.158203 0.158203 0.160156 0.156250 0.164062 0.156250 0.166016 0.154297 0.164062 0.156250 0.160156 0.156250 0.156250 0.160156 0.156250 0.162109 0.154297 0.164062 0.152344 0.162109 0.150391 0.162109 0.148438 0.164062 0.146484 0.164062 0.144531 0.166016 0.142578 0.164062 0.142578 0.158203 0.140625 0.158203 0.142578 0.160156 0.142578 0.162109 0.140625 0.164062 0.136719 0.164062 0.136719 0.166016 0.132812 0.169922 0.130859 0.169922 0.128906 0.167969 0.132812 0.164062 0.130859 0.162109 0.126953 0.166016 0.126953 0.167969 0.125000 0.169922 0.123047 0.169922 0.121094 0.167969 0.123047 0.166016 0.121094 0.166016 0.119141 0.167969 0.117188 0.167969 0.117188 0.169922 0.115234 0.171875 0.113281 0.169922 0.113281 0.167969 0.111328 0.167969 0.115234 0.171875 0.117188 0.171875 0.117188 0.169922 0.119141 0.167969 0.121094 0.167969 0.123047 0.169922 0.121094 0.171875 0.121094 0.173828 0.125000 0.173828 0.128906 0.169922 0.130859 0.171875 0.130859 0.173828 0.134766 0.173828 0.136719 0.175781 0.136719 0.179688 0.138672 0.181641 0.138672 0.183594 0.136719 0.185547 0.136719 0.187500 0.138672 0.189453 0.136719 0.191406 0.134766 0.191406 0.136719 0.191406 0.138672 0.189453 0.138672 0.187500 0.140625 0.185547 0.142578 0.187500 0.144531 0.187500 0.146484 0.189453 0.144531 0.191406 0.142578 0.191406 0.142578 0.193359 0.144531 0.191406 0.146484 0.193359 0.146484 0.197266 0.144531 0.199219 0.142578 0.197266 0.136719 0.197266 0.136719 0.199219 0.134766 0.201172 0.132812 0.201172 0.130859 0.199219 0.130859 0.197266 0.128906 0.199219 0.126953 0.199219 0.125000 0.197266 0.125000 0.195312 0.126953 0.193359 0.125000 0.193359 0.123047 0.195312 0.121094 0.193359 0.119141 0.193359 0.119141 0.195312 0.117188 0.197266 0.119141 0.199219 0.117188 0.201172 0.123047 0.201172 0.125000 0.203125 0.123047 0.205078 0.121094 0.205078 0.121094 0.207031 0.119141 0.208984 0.117188 0.207031 0.119141 0.208984 0.121094 0.207031 0.123047 0.207031 0.123047 0.205078 0.125000 0.203125 0.126953 0.205078 0.126953 0.203125 0.128906 0.201172 0.130859 0.201172 0.132812 0.203125 0.134766 0.201172 0.136719 0.201172 0.140625 0.205078 0.136719 0.208984 0.134766 0.207031 0.132812 0.207031 0.134766 0.207031 0.136719 0.208984 0.132812 0.212891 0.130859 0.212891 0.130859 0.214844 0.132812 0.212891 0.134766 0.214844 0.134766 0.216797 0.132812 0.218750 0.130859 0.218750 0.132812 0.218750 0.134766 0.216797 0.136719 0.218750 0.136719 0.220703 0.136719 0.218750 0.134766 0.216797 0.134766 0.212891 0.136719 0.210938 0.136719 0.208984 0.138672 0.207031 0.140625 0.208984 0.140625 0.212891 0.138672 0.214844 0.140625 0.216797 0.142578 0.214844 0.144531 0.214844 0.146484 0.212891 0.148438 0.214844 0.150391 0.214844 0.152344 0.216797 0.150391 0.218750 0.146484 0.218750 0.148438 0.220703 0.146484 0.222656 0.144531 0.222656 0.142578 0.220703 0.140625 0.222656 0.152344 0.222656 0.154297 0.220703 0.156250 0.222656 0.156250 0.226562 0.154297 0.228516 0.152344 0.228516 0.150391 0.226562 0.148438 0.226562 0.144531 0.230469 0.142578 0.228516 0.142578 0.230469 0.140625 0.232422 0.140625 0.234375 0.138672 0.236328 0.136719 0.236328 0.138672 0.236328 0.140625 0.238281 0.138672 0.240234 0.140625 0.238281 0.138672 0.236328 0.140625 0.234375 0.142578 0.234375 0.144531 0.232422 0.148438 0.232422 0.146484 0.232422 0.144531 0.230469 0.148438 0.226562 0.150391 0.226562 0.152344 0.228516 0.152344 0.230469 0.154297 0.232422 0.154297 0.234375 0.154297 0.228516 0.156250 0.226562 0.156250 0.224609 0.158203 0.222656 0.164062 0.222656 0.158203 0.222656 0.152344 0.216797 0.154297 0.214844 0.156250 0.214844 0.156250 0.212891 0.154297 0.210938 0.154297 0.208984 0.152344 0.208984 0.156250 0.212891 0.152344 0.216797 0.150391 0.214844 0.148438 0.214844 0.146484 0.212891 0.148438 0.210938 0.144531 0.214844 0.142578 0.212891 0.142578 0.210938 0.144531 0.208984 0.144531 0.205078 0.142578 0.203125 0.146484 0.199219 0.146484 0.197266 0.148438 0.195312 0.150391 0.195312 0.152344 0.197266 0.152344 0.199219 0.150391 0.201172 0.150391 0.203125 0.150391 0.201172 0.152344 0.199219 0.154297 0.201172 0.154297 0.203125 0.156250 0.203125 0.158203 0.201172 0.162109 0.201172 0.162109 0.197266 0.160156 0.197266 0.158203 0.195312 0.158203 0.193359 0.160156 0.191406 0.164062 0.191406 0.166016 0.189453 0.166016 0.185547 0.167969 0.183594 0.169922 0.183594 0.173828 0.179688 0.175781 0.181641 0.173828 0.179688 0.173828 0.175781 0.173828 0.177734 0.171875 0.179688 0.169922 0.177734 0.169922 0.175781 0.167969 0.175781 0.166016 0.173828 0.166016 0.171875 0.167969 0.169922 0.169922 0.171875 0.171875 0.169922 0.173828 0.169922 0.175781 0.171875 0.177734 0.171875 0.179688 0.169922 0.181641 0.169922 0.177734 0.169922 0.175781 0.171875 0.173828 0.169922 0.173828 0.167969 0.171875 0.169922 0.166016 0.169922 0.164062 0.171875 0.166016 0.173828 0.164062 0.175781 0.164062 0.177734 0.166016 0.179688 0.166016 0.181641 0.164062 0.183594 0.164062 0.187500 0.162109 0.189453 0.158203 0.189453 0.158203 0.195312 0.160156 0.197266 0.160156 0.199219 0.156250 0.203125 0.154297 0.201172 0.154297 0.199219 0.150391 0.195312 0.148438 0.195312 0.146484 0.193359 0.146484 0.189453 0.144531 0.187500 0.148438 0.183594 0.150391 0.185547 0.150391 0.189453 0.152344 0.189453 0.152344 0.183594 0.154297 0.181641 0.158203 0.181641 0.156250 0.179688 0.156250 0.171875 0.160156 0.167969 0.162109 0.167969 0.164062 0.166016 0.164062 0.164062 0.167969 0.160156 0.169922 0.162109 0.169922 0.164062 0.167969 0.166016 0.169922 0.166016 0.169922 0.164062 0.171875 0.162109 0.169922 0.162109 0.167969 0.160156 0.171875 0.156250 0.173828 0.156250 0.177734 0.152344 0.181641 0.152344 0.179688 0.150391 0.177734 0.150391 0.175781 0.148438 0.177734 0.146484 0.183594 0.146484 0.185547 0.148438 0.187500 0.146484 0.185547 0.144531
2 0.921875 0.140625 0.921875 0.146484 0.917969 0.150391 0.914062 0.150391 0.912109 0.148438 0.914062 0.146484 0.916016 0.146484 0.916016 0.144531 0.910156 0.150391 0.912109 0.152344 0.910156 0.154297 0.912109 0.152344 0.914062 0.154297 0.921875 0.154297 0.923828 0.156250 0.919922 0.160156 0.921875 0.158203 0.923828 0.158203 0.925781 0.160156 0.925781 0.162109 0.927734 0.162109 0.929688 0.164062 0.933594 0.160156 0.935547 0.162109 0.935547 0.164062 0.933594 0.166016 0.933594 0.167969 0.929688 0.171875 0.925781 0.171875 0.925781 0.177734 0.923828 0.179688 0.921875 0.177734 0.921875 0.173828 0.921875 0.177734 0.923828 0.179688 0.925781 0.177734 0.927734 0.177734 0.929688 0.179688 0.925781 0.183594 0.923828 0.183594 0.921875 0.185547 0.919922 0.183594 0.919922 0.181641 0.916016 0.177734 0.916016 0.171875 0.917969 0.169922 0.916016 0.167969 0.912109 0.167969 0.910156 0.166016 0.912109 0.164062 0.914062 0.164062 0.912109 0.162109 0.912109 0.160156 0.910156 0.162109 0.908203 0.160156 0.912109 0.164062 0.908203 0.167969 0.906250 0.166016 0.906250 0.164062 0.902344 0.160156 0.902344 0.154297 0.900391 0.152344 0.902344 0.150391 0.904297 0.150391 0.906250 0.152344 0.906250 0.148438 0.904297 0.148438 0.902344 0.146484 0.902344 0.144531 0.902344 0.148438 0.900391 0.150391 0.898438 0.150391 0.896484 0.148438 0.898438 0.146484 0.896484 0.144531 0.894531 0.146484 0.892578 0.146484 0.894531 0.146484 0.896484 0.148438 0.894531 0.150391 0.890625 0.150391 0.888672 0.148438 0.886719 0.148438 0.884766 0.150391 0.882812 0.148438 0.884766 0.150391 0.884766 0.154297 0.886719 0.154297 0.888672 0.152344 0.890625 0.152344 0.892578 0.150391 0.894531 0.152344 0.894531 0.154297 0.896484 0.152344 0.900391 0.156250 0.898438 0.158203 0.900391 0.156250 0.902344 0.158203 0.902344 0.162109 0.904297 0.162109 0.906250 0.164062 0.904297 0.166016 0.902344 0.166016 0.906250 0.169922 0.906250 0.177734 0.902344 0.181641 0.900391 0.179688 0.900391 0.175781 0.902344 0.173828 0.902344 0.171875 0.900391 0.169922 0.902344 0.171875 0.900391 0.173828 0.898438 0.173828 0.896484 0.171875 0.896484 0.167969 0.894531 0.169922 0.894531 0.173828 0.892578 0.175781 0.888672 0.171875 0.886719 0.171875 0.884766 0.169922 0.884766 0.167969 0.884766 0.173828 0.882812 0.175781 0.880859 0.173828 0.878906 0.173828 0.880859 0.175781 0.880859 0.179688 0.878906 0.181641 0.876953 0.179688 0.875000 0.179688 0.873047 0.177734 0.873047 0.175781 0.871094 0.173828 0.871094 0.177734 0.869141 0.179688 0.867188 0.177734 0.867188 0.173828 0.865234 0.173828 0.867188 0.175781 0.867188 0.183594 0.869141 0.185547 0.869141 0.187500 0.871094 0.189453 0.869141 0.191406 0.867188 0.191406 0.867188 0.199219 0.878906 0.199219 0.880859 0.201172 0.880859 0.205078 0.880859 0.203125 0.882812 0.201172 0.886719 0.205078 0.886719 0.208984 0.884766 0.210938 0.882812 0.210938 0.880859 0.208984 0.878906 0.210938 0.876953 0.208984 0.871094 0.208984 0.869141 0.210938 0.871094 0.210938 0.873047 0.208984 0.875000 0.210938 0.876953 0.210938 0.878906 0.212891 0.880859 0.212891 0.882812 0.214844 0.882812 0.216797 0.884766 0.218750 0.886719 0.216797 0.888672 0.216797 0.886719 0.216797 0.884766 0.218750 0.882812 0.216797 0.882812 0.214844 0.884766 0.212891 0.888672 0.212891 0.888672 0.210938 0.890625 0.208984 0.890625 0.205078 0.892578 0.203125 0.890625 0.203125 0.888672 0.205078 0.886719 0.205078 0.882812 0.201172 0.886719 0.197266 0.882812 0.197266 0.880859 0.195312 0.880859 0.193359 0.878906 0.191406 0.875000 0.191406 0.875000 0.193359 0.873047 0.195312 0.875000 0.197266 0.873047 0.199219 0.869141 0.199219 0.867188 0.197266 0.867188 0.193359 0.869141 0.191406 0.871094 0.191406 0.871094 0.183594 0.873047 0.181641 0.878906 0.181641 0.880859 0.179688 0.882812 0.181641 0.882812 0.187500 0.884766 0.185547 0.884766 0.183594 0.880859 0.179688 0.882812 0.177734 0.882812 0.175781 0.886719 0.171875 0.888672 0.171875 0.890625 0.173828 0.888672 0.175781 0.888672 0.177734 0.888672 0.175781 0.890625 0.173828 0.892578 0.175781 0.892578 0.179688 0.896484 0.183594 0.894531 0.181641 0.896484 0.179688 0.898438 0.179688 0.900391 0.181641 0.902344 0.181641 0.904297 0.179688 0.908203 0.183594 0.906250 0.185547 0.902344 0.185547 0.902344 0.189453 0.904297 0.191406 0.906250 0.191406 0.908203 0.193359 0.906250 0.195312 0.904297 0.195312 0.904297 0.197266 0.906250 0.195312 0.908203 0.197266 0.914062 0.197266 0.916016 0.195312 0.917969 0.197266 0.917969 0.199219 0.921875 0.203125 0.921875 0.207031 0.923828 0.208984 0.921875 0.210938 0.917969 0.210938 0.917969 0.212891 0.921875 0.216797 0.919922 0.218750 0.919922 0.220703 0.921875 0.222656 0.921875 0.226562 0.919922 0.228516 0.919922 0.232422 0.921875 0.232422 0.923828 0.234375 0.925781 0.234375 0.927734 0.232422 0.933594 0.238281 0.933594 0.240234 0.931641 0.242188 0.929688 0.242188 0.927734 0.240234 0.919922 0.240234 0.917969 0.238281 0.917969 0.236328 0.916016 0.238281 0.912109 0.234375 0.914062 0.236328 0.912109 0.238281 0.914062 0.236328 0.916016 0.238281 0.916016 0.242188 0.916016 0.240234 0.917969 0.238281 0.919922 0.240234 0.923828 0.240234 0.925781 0.242188 0.923828 0.244141 0.923828 0.248047 0.921875 0.250000 0.919922 0.250000 0.917969 0.251953 0.916016 0.251953 0.912109 0.248047 0.912109 0.246094 0.912109 0.248047 0.916016 0.251953 0.914062 0.253906 0.908203 0.253906 0.906250 0.251953 0.904297 0.251953 0.906250 0.251953 0.908203 0.253906 0.908203 0.257812 0.906250 0.259766 0.908203 0.261719 0.908203 0.263672 0.904297 0.267578 0.906250 0.269531 0.904297 0.271484 0.904297 0.273438 0.902344 0.275391 0.896484 0.275391 0.894531 0.273438 0.894531 0.271484 0.892578 0.271484 0.894531 0.273438 0.890625 0.277344 0.892578 0.277344 0.892578 0.275391 0.894531 0.273438 0.896484 0.275391 0.896484 0.277344 0.898438 0.279297 0.894531 0.283203 0.898438 0.283203 0.896484 0.281250 0.898438 0.279297 0.900391 0.279297 0.900391 0.277344 0.904297 0.273438 0.906250 0.273438 0.910156 0.269531 0.912109 0.271484 0.912109 0.273438 0.912109 0.269531 0.910156 0.269531 0.908203 0.267578 0.908203 0.265625 0.910156 0.263672 0.916016 0.263672 0.914062 0.263672 0.912109 0.261719 0.910156 0.263672 0.906250 0.259766 0.908203 0.257812 0.908203 0.255859 0.910156 0.253906 0.919922 0.253906 0.923828 0.257812 0.921875 0.255859 0.921875 0.253906 0.923828 0.251953 0.927734 0.251953 0.929688 0.250000 0.931641 0.250000 0.933594 0.251953 0.929688 0.255859 0.931641 0.255859 0.933594 0.253906 0.935547 0.253906 0.937500 0.255859 0.935547 0.257812 0.937500 0.259766 0.935547 0.261719 0.935547 0.263672 0.937500 0.263672 0.939453 0.261719 0.939453 0.257812 0.941406 0.255859 0.943359 0.257812 0.945312 0.255859 0.947266 0.255859 0.943359 0.255859 0.941406 0.253906 0.943359 0.251953 0.943359 0.250000 0.945312 0.248047 0.947266 0.248047 0.949219 0.250000 0.949219 0.251953 0.953125 0.248047 0.958984 0.248047 0.960938 0.250000 0.960938 0.251953 0.958984 0.253906 0.953125 0.253906 0.955078 0.255859 0.957031 0.255859 0.958984 0.257812 0.958984 0.259766 0.964844 0.259766 0.966797 0.261719 0.964844 0.263672 0.962891 0.263672 0.968750 0.269531 0.968750 0.273438 0.972656 0.269531 0.976562 0.273438 0.974609 0.275391 0.972656 0.275391 0.972656 0.277344 0.974609 0.279297 0.980469 0.273438 0.982422 0.273438 0.984375 0.275391 0.978516 0.281250 0.988281 0.271484 0.986328 0.269531 0.986328 0.265625 0.984375 0.263672 0.982422 0.265625 0.980469 0.265625 0.976562 0.269531 0.968750 0.269531 0.966797 0.267578 0.966797 0.265625 0.964844 0.263672 0.968750 0.259766 0.970703 0.261719 0.970703 0.263672 0.972656 0.263672 0.972656 0.261719 0.970703 0.261719 0.968750 0.259766 0.968750 0.255859 0.966797 0.255859 0.968750 0.257812 0.968750 0.259766 0.966797 0.261719 0.964844 0.259766 0.962891 0.259766 0.960938 0.257812 0.962891 0.255859 0.960938 0.257812 0.958984 0.255859 0.958984 0.253906 0.960938 0.251953 0.964844 0.251953 0.966797 0.250000 0.966797 0.246094 0.968750 0.244141 0.970703 0.246094 0.970703 0.250000 0.972656 0.248047 0.974609 0.248047 0.974609 0.246094 0.972656 0.246094 0.970703 0.244141 0.972656 0.242188 0.974609 0.242188 0.972656 0.242188 0.970703 0.240234 0.972656 0.238281 0.972656 0.234375 0.968750 0.234375 0.966797 0.232422 0.968750 0.234375 0.966797 0.236328 0.962891 0.236328 0.960938 0.234375 0.962891 0.232422 0.960938 0.230469 0.957031 0.230469 0.958984 0.232422 0.958984 0.234375 0.957031 0.236328 0.953125 0.232422 0.953125 0.226562 0.957031 0.222656 0.960938 0.222656 0.962891 0.220703 0.964844 0.222656 0.964844 0.224609 0.962891 0.226562 0.964844 0.228516 0.972656 0.228516 0.976562 0.232422 0.976562 0.234375 0.978516 0.232422 0.978516 0.228516 0.980469 0.226562 0.980469 0.224609 0.982422 0.222656 0.984375 0.222656 0.986328 0.224609 0.984375 0.226562 0.984375 0.228516 0.986328 0.230469 0.986328 0.232422 0.988281 0.232422 0.990234 0.234375 0.992188 0.232422 0.988281 0.232422 0.986328 0.230469 0.986328 0.222656 0.988281 0.220703 0.986328 0.218750 0.988281 0.216797 0.990234 0.216797 0.988281 0.214844 0.986328 0.216797 0.984375 0.216797 0.982422 0.218750 0.978516 0.218750 0.980469 0.220703 0.978516 0.222656 0.974609 0.222656 0.972656 0.220703 0.974609 0.218750 0.974609 0.216797 0.972656 0.214844 0.974609 0.212891 0.976562 0.212891 0.978516 0.214844 0.974609 0.210938 0.976562 0.208984 0.976562 0.207031 0.978516 0.205078 0.980469 0.207031 0.980469 0.208984 0.984375 0.208984 0.986328 0.210938 0.984375 0.208984 0.982422 0.208984 0.980469 0.207031 0.980469 0.205078 0.982422 0.203125 0.984375 0.203125 0.992188 0.210938 0.992188 0.212891 0.994141 0.214844 0.996094 0.214844 0.998047 0.216797 0.996094 0.218750 0.994141 0.218750 0.996094 0.218750 0.998047 0.220703 0.994141 0.224609 0.992188 0.222656 0.990234 0.224609 0.992188 0.222656 0.994141 0.224609 0.998047 0.224609 0.998047 0.214844 0.996094 0.214844 0.994141 0.212891 0.996094 0.210938 0.998047 0.210938 0.998047 0.205078 0.996094 0.203125 0.996094 0.201172 0.998047 0.199219 0.996094 0.197266 0.992188 0.197266 0.990234 0.195312 0.986328 0.195312 0.984375 0.193359 0.978516 0.193359 0.978516 0.195312 0.976562 0.197266 0.974609 0.197266 0.968750 0.203125 0.964844 0.203125 0.960938 0.199219 0.962891 0.197266 0.964844 0.197266 0.966797 0.199219 0.966797 0.195312 0.968750 0.193359 0.964844 0.193359 0.960938 0.189453 0.960938 0.187500 0.962891 0.185547 0.962891 0.183594 0.960938 0.183594 0.958984 0.185547 0.957031 0.185547 0.958984 0.185547 0.960938 0.187500 0.960938 0.189453 0.958984 0.191406 0.957031 0.189453 0.953125 0.189453 0.951172 0.191406 0.949219 0.189453 0.949219 0.187500 0.951172 0.185547 0.949219 0.185547 0.947266 0.183594 0.947266 0.181641 0.945312 0.181641 0.943359 0.183594 0.941406 0.183594 0.939453 0.181641 0.939453 0.173828 0.937500 0.171875 0.939453 0.169922 0.937500 0.169922 0.935547 0.167969 0.935547 0.164062 0.937500 0.162109 0.937500 0.160156 0.931641 0.160156 0.931641 0.162109 0.929688 0.164062 0.927734 0.162109 0.927734 0.158203 0.925781 0.158203 0.923828 0.156250 0.925781 0.154297 0.927734 0.154297 0.929688 0.152344 0.931641 0.154297 0.929688 0.152344 0.927734 0.154297 0.925781 0.154297 0.921875 0.150391 0.921875 0.148438 0.927734 0.142578 0.925781 0.144531 0.923828 0.144531 0.921875 0.142578
2 0.068359 0.123047 0.068359 0.125000 0.066406 0.126953 0.066406 0.128906 0.064453 0.130859 0.062500 0.128906 0.060547 0.130859 0.056641 0.130859 0.056641 0.132812 0.054688 0.134766 0.052734 0.134766 0.050781 0.136719 0.046875 0.132812 0.046875 0.130859 0.044922 0.132812 0.046875 0.134766 0.044922 0.136719 0.046875 0.134766 0.048828 0.134766 0.050781 0.136719 0.050781 0.138672 0.052734 0.136719 0.056641 0.136719 0.058594 0.138672 0.060547 0.138672 0.066406 0.144531 0.062500 0.148438 0.060547 0.146484 0.060547 0.144531 0.058594 0.146484 0.058594 0.148438 0.056641 0.150391 0.054688 0.148438 0.054688 0.146484 0.052734 0.144531 0.054688 0.142578 0.056641 0.142578 0.054688 0.142578 0.052734 0.144531 0.050781 0.144531 0.048828 0.146484 0.050781 0.144531 0.056641 0.150391 0.058594 0.150391 0.060547 0.152344 0.060547 0.154297 0.062500 0.156250 0.062500 0.158203 0.060547 0.160156 0.058594 0.158203 0.056641 0.160156 0.056641 0.162109 0.058594 0.164062 0.056641 0.166016 0.058594 0.164062 0.060547 0.164062 0.062500 0.166016 0.064453 0.166016 0.066406 0.167969 0.066406 0.171875 0.072266 0.171875 0.074219 0.169922 0.076172 0.169922 0.078125 0.171875 0.080078 0.171875 0.082031 0.169922 0.083984 0.171875 0.082031 0.169922 0.085938 0.166016 0.085938 0.162109 0.087891 0.160156 0.089844 0.160156 0.091797 0.158203 0.095703 0.158203 0.101562 0.152344 0.105469 0.156250 0.105469 0.158203 0.109375 0.158203 0.111328 0.160156 0.109375 0.162109 0.105469 0.162109 0.103516 0.164062 0.103516 0.166016 0.101562 0.167969 0.101562 0.169922 0.099609 0.171875 0.099609 0.173828 0.097656 0.175781 0.095703 0.173828 0.095703 0.171875 0.093750 0.169922 0.095703 0.167969 0.091797 0.167969 0.089844 0.169922 0.087891 0.169922 0.087891 0.171875 0.089844 0.171875 0.091797 0.169922 0.095703 0.173828 0.095703 0.179688 0.097656 0.181641 0.097656 0.175781 0.099609 0.173828 0.101562 0.175781 0.101562 0.179688 0.103516 0.179688 0.105469 0.181641 0.107422 0.181641 0.109375 0.179688 0.107422 0.177734 0.107422 0.175781 0.105469 0.173828 0.105469 0.171875 0.101562 0.167969 0.103516 0.166016 0.103516 0.164062 0.105469 0.162109 0.107422 0.164062 0.107422 0.166016 0.107422 0.164062 0.111328 0.160156 0.113281 0.160156 0.115234 0.162109 0.117188 0.160156 0.115234 0.162109 0.113281 0.160156 0.111328 0.160156 0.109375 0.158203 0.111328 0.156250 0.113281 0.156250 0.111328 0.156250 0.109375 0.154297 0.111328 0.152344 0.111328 0.150391 0.113281 0.148438 0.113281 0.146484 0.111328 0.148438 0.111328 0.152344 0.109375 0.154297 0.107422 0.152344 0.105469 0.154297 0.103516 0.152344 0.101562 0.152344 0.099609 0.150391 0.099609 0.146484 0.101562 0.144531 0.101562 0.140625 0.103516 0.138672 0.107422 0.142578 0.113281 0.142578 0.115234 0.140625 0.117188 0.142578 0.113281 0.138672 0.113281 0.136719 0.113281 0.138672 0.111328 0.140625 0.109375 0.138672 0.109375 0.140625 0.107422 0.142578 0.103516 0.138672 0.103516 0.136719 0.101562 0.136719 0.099609 0.134766 0.099609 0.130859 0.097656 0.128906 0.097656 0.126953 0.097656 0.130859 0.099609 0.132812 0.099609 0.134766 0.097656 0.136719 0.097656 0.140625 0.099609 0.140625 0.101562 0.142578 0.101562 0.144531 0.097656 0.148438 0.097656 0.150391 0.099609 0.152344 0.099609 0.154297 0.097656 0.156250 0.093750 0.152344 0.093750 0.150391 0.091797 0.150391 0.089844 0.148438 0.089844 0.146484 0.087891 0.146484 0.085938 0.144531 0.083984 0.144531 0.082031 0.142578 0.080078 0.142578 0.078125 0.140625 0.078125 0.136719 0.076172 0.138672 0.074219 0.136719 0.074219 0.130859 0.074219 0.132812 0.072266 0.134766 0.072266 0.136719 0.070312 0.138672 0.070312 0.142578 0.072266 0.144531 0.072266 0.146484 0.076172 0.146484 0.078125 0.148438 0.078125 0.154297 0.080078 0.152344 0.083984 0.152344 0.085938 0.154297 0.085938 0.156250 0.087891 0.158203 0.083984 0.162109 0.085938 0.164062 0.085938 0.166016 0.083984 0.167969 0.082031 0.167969 0.082031 0.169922 0.080078 0.171875 0.078125 0.171875 0.076172 0.169922 0.072266 0.169922 0.070312 0.171875 0.068359 0.171875 0.066406 0.169922 0.066406 0.167969 0.064453 0.166016 0.062500 0.166016 0.060547 0.164062 0.060547 0.160156 0.062500 0.158203 0.062500 0.154297 0.060547 0.152344 0.062500 0.150391 0.064453 0.150391 0.064453 0.148438 0.066406 0.146484 0.074219 0.154297 0.074219 0.156250 0.074219 0.154297 0.068359 0.148438 0.068359 0.146484 0.066406 0.144531 0.066406 0.140625 0.064453 0.138672 0.066406 0.136719 0.064453 0.136719 0.064453 0.138672 0.062500 0.140625 0.060547 0.138672 0.060547 0.134766 0.064453 0.130859 0.066406 0.130859 0.066406 0.128906 0.068359 0.126953 0.070312 0.126953 0.068359 0.125000
2 0.777344 0.082031 0.779297 0.083984 0.777344 0.085938 0.775391 0.085938 0.775391 0.087891 0.777344 0.087891 0.779297 0.085938 0.781250 0.087891 0.781250 0.095703 0.779297 0.097656 0.783203 0.101562 0.787109 0.097656 0.787109 0.095703 0.789062 0.093750 0.791016 0.095703 0.791016 0.099609 0.792969 0.101562 0.791016 0.103516 0.791016 0.109375 0.792969 0.107422 0.794922 0.109375 0.794922 0.113281 0.792969 0.115234 0.791016 0.113281 0.792969 0.115234 0.792969 0.117188 0.789062 0.121094 0.791016 0.119141 0.792969 0.119141 0.794922 0.121094 0.792969 0.123047 0.792969 0.125000 0.791016 0.126953 0.789062 0.126953 0.785156 0.123047 0.785156 0.115234 0.783203 0.113281 0.781250 0.115234 0.781250 0.119141 0.779297 0.121094 0.777344 0.119141 0.777344 0.117188 0.775391 0.115234 0.775391 0.113281 0.779297 0.109375 0.779297 0.107422 0.775391 0.107422 0.773438 0.109375 0.769531 0.105469 0.769531 0.103516 0.771484 0.101562 0.769531 0.103516 0.767578 0.103516 0.765625 0.101562 0.771484 0.095703 0.769531 0.093750 0.769531 0.097656 0.767578 0.099609 0.765625 0.099609 0.763672 0.097656 0.761719 0.099609 0.759766 0.097656 0.757812 0.097656 0.759766 0.097656 0.761719 0.099609 0.763672 0.097656 0.765625 0.099609 0.765625 0.107422 0.761719 0.111328 0.759766 0.109375 0.759766 0.103516 0.759766 0.109375 0.761719 0.111328 0.759766 0.113281 0.755859 0.113281 0.753906 0.115234 0.750000 0.115234 0.748047 0.117188 0.746094 0.115234 0.744141 0.115234 0.746094 0.115234 0.748047 0.117188 0.742188 0.123047 0.742188 0.125000 0.740234 0.126953 0.738281 0.125000 0.738281 0.119141 0.738281 0.123047 0.734375 0.126953 0.732422 0.126953 0.732422 0.128906 0.734375 0.128906 0.736328 0.130859 0.738281 0.130859 0.738281 0.128906 0.742188 0.125000 0.746094 0.125000 0.748047 0.123047 0.750000 0.123047 0.751953 0.125000 0.751953 0.126953 0.750000 0.128906 0.748047 0.128906 0.746094 0.130859 0.744141 0.130859 0.744141 0.136719 0.746094 0.138672 0.744141 0.140625 0.744141 0.144531 0.742188 0.146484 0.742188 0.152344 0.746094 0.152344 0.750000 0.156250 0.750000 0.158203 0.751953 0.158203 0.753906 0.160156 0.753906 0.158203 0.755859 0.156250 0.757812 0.158203 0.757812 0.164062 0.757812 0.162109 0.761719 0.158203 0.763672 0.160156 0.767578 0.160156 0.769531 0.162109 0.769531 0.164062 0.771484 0.162109 0.773438 0.162109 0.777344 0.166016 0.779297 0.166016 0.781250 0.164062 0.781250 0.158203 0.783203 0.156250 0.785156 0.156250 0.787109 0.154297 0.789062 0.154297 0.791016 0.156250 0.791016 0.158203 0.787109 0.162109 0.785156 0.160156 0.787109 0.162109 0.787109 0.164062 0.789062 0.164062 0.787109 0.162109 0.789062 0.160156 0.791016 0.160156 0.791016 0.158203 0.792969 0.156250 0.796875 0.160156 0.796875 0.158203 0.800781 0.154297 0.800781 0.152344 0.798828 0.152344 0.800781 0.154297 0.798828 0.156250 0.791016 0.156250 0.787109 0.152344 0.789062 0.150391 0.791016 0.150391 0.792969 0.152344 0.794922 0.152344 0.794922 0.150391 0.796875 0.148438 0.794922 0.150391 0.791016 0.150391 0.789062 0.148438 0.789062 0.146484 0.791016 0.144531 0.792969 0.144531 0.794922 0.142578 0.796875 0.144531 0.806641 0.144531 0.808594 0.146484 0.810547 0.144531 0.812500 0.146484 0.814453 0.146484 0.812500 0.146484 0.810547 0.144531 0.808594 0.146484 0.806641 0.144531 0.806641 0.142578 0.804688 0.140625 0.802734 0.140625 0.800781 0.138672 0.802734 0.136719 0.804688 0.136719 0.804688 0.134766 0.802734 0.134766 0.800781 0.132812 0.798828 0.132812 0.796875 0.130859 0.800781 0.126953 0.804688 0.126953 0.806641 0.128906 0.806641 0.130859 0.808594 0.132812 0.810547 0.132812 0.812500 0.134766 0.810547 0.136719 0.808594 0.136719 0.808594 0.138672 0.810547 0.140625 0.814453 0.140625 0.822266 0.148438 0.826172 0.148438 0.828125 0.150391 0.828125 0.154297 0.828125 0.152344 0.832031 0.148438 0.833984 0.148438 0.833984 0.146484 0.835938 0.144531 0.837891 0.144531 0.839844 0.146484 0.839844 0.148438 0.843750 0.144531 0.845703 0.144531 0.849609 0.148438 0.847656 0.150391 0.847656 0.158203 0.845703 0.160156 0.841797 0.160156 0.839844 0.162109 0.833984 0.156250 0.833984 0.152344 0.833984 0.156250 0.835938 0.158203 0.835938 0.162109 0.833984 0.164062 0.832031 0.164062 0.826172 0.158203 0.822266 0.158203 0.820312 0.156250 0.820312 0.154297 0.822266 0.152344 0.818359 0.156250 0.816406 0.154297 0.816406 0.152344 0.814453 0.152344 0.814453 0.156250 0.818359 0.160156 0.816406 0.162109 0.818359 0.164062 0.818359 0.166016 0.820312 0.167969 0.824219 0.167969 0.826172 0.169922 0.830078 0.169922 0.832031 0.171875 0.832031 0.167969 0.835938 0.164062 0.835938 0.162109 0.837891 0.160156 0.839844 0.162109 0.841797 0.162109 0.845703 0.166016 0.843750 0.167969 0.841797 0.167969 0.841797 0.171875 0.839844 0.173828 0.837891 0.173828 0.837891 0.177734 0.837891 0.175781 0.839844 0.173828 0.841797 0.173828 0.843750 0.175781 0.843750 0.179688 0.845703 0.177734 0.847656 0.179688 0.849609 0.179688 0.853516 0.183594 0.855469 0.183594 0.857422 0.185547 0.855469 0.187500 0.855469 0.189453 0.853516 0.191406 0.855469 0.193359 0.855469 0.195312 0.853516 0.197266 0.853516 0.199219 0.855469 0.201172 0.853516 0.203125 0.853516 0.205078 0.851562 0.207031 0.849609 0.205078 0.849609 0.203125 0.847656 0.201172 0.849609 0.199219 0.849609 0.193359 0.847656 0.193359 0.845703 0.191406 0.845703 0.189453 0.847656 0.187500 0.851562 0.187500 0.847656 0.183594 0.849609 0.185547 0.847656 0.187500 0.845703 0.187500 0.845703 0.189453 0.843750 0.191406 0.839844 0.187500 0.841797 0.185547 0.841797 0.183594 0.841797 0.185547 0.839844 0.187500 0.837891 0.185547 0.837891 0.183594 0.837891 0.189453 0.839844 0.187500 0.843750 0.191406 0.845703 0.191406 0.847656 0.193359 0.843750 0.197266 0.845703 0.195312 0.847656 0.195312 0.849609 0.197266 0.845703 0.201172 0.847656 0.201172 0.849609 0.203125 0.847656 0.205078 0.845703 0.205078 0.847656 0.207031 0.849609 0.207031 0.851562 0.208984 0.851562 0.210938 0.853516 0.210938 0.855469 0.208984 0.857422 0.210938 0.859375 0.210938 0.861328 0.208984 0.863281 0.210938 0.865234 0.208984 0.861328 0.205078 0.857422 0.208984 0.853516 0.208984 0.851562 0.207031 0.853516 0.205078 0.855469 0.205078 0.853516 0.203125 0.855469 0.201172 0.855469 0.193359 0.853516 0.191406 0.857422 0.187500 0.859375 0.189453 0.859375 0.193359 0.861328 0.195312 0.859375 0.197266 0.861328 0.195312 0.863281 0.197266 0.861328 0.195312 0.861328 0.193359 0.863281 0.191406 0.861328 0.189453 0.861328 0.187500 0.863281 0.185547 0.863281 0.183594 0.861328 0.183594 0.861328 0.185547 0.859375 0.187500 0.853516 0.181641 0.853516 0.175781 0.853516 0.177734 0.851562 0.179688 0.849609 0.177734 0.849609 0.175781 0.847656 0.173828 0.849609 0.171875 0.851562 0.171875 0.853516 0.169922 0.855469 0.171875 0.855469 0.169922 0.857422 0.167969 0.859375 0.167969 0.861328 0.169922 0.863281 0.167969 0.867188 0.167969 0.869141 0.169922 0.869141 0.167969 0.871094 0.166016 0.871094 0.164062 0.869141 0.162109 0.871094 0.160156 0.873047 0.160156 0.875000 0.162109 0.876953 0.162109 0.875000 0.162109 0.869141 0.156250 0.869141 0.150391 0.871094 0.148438 0.873047 0.148438 0.875000 0.146484 0.876953 0.146484 0.875000 0.146484 0.873047 0.144531 0.873047 0.140625 0.875000 0.138672 0.878906 0.138672 0.875000 0.138672 0.871094 0.134766 0.869141 0.134766 0.871094 0.136719 0.869141 0.138672 0.869141 0.140625 0.867188 0.142578 0.871094 0.138672 0.873047 0.140625 0.873047 0.146484 0.869141 0.150391 0.869141 0.158203 0.867188 0.160156 0.867188 0.162109 0.865234 0.164062 0.863281 0.164062 0.861328 0.166016 0.859375 0.166016 0.857422 0.167969 0.853516 0.167969 0.851562 0.166016 0.853516 0.167969 0.853516 0.169922 0.851562 0.171875 0.845703 0.166016 0.845703 0.162109 0.849609 0.158203 0.851562 0.160156 0.851562 0.162109 0.853516 0.162109 0.855469 0.160156 0.855469 0.158203 0.857422 0.156250 0.859375 0.158203 0.859375 0.160156 0.861328 0.158203 0.859375 0.158203 0.857422 0.156250 0.857422 0.154297 0.855469 0.154297 0.853516 0.152344 0.853516 0.150391 0.855469 0.148438 0.857422 0.150391 0.859375 0.150391 0.859375 0.148438 0.857422 0.150391 0.855469 0.148438 0.855469 0.146484 0.857422 0.144531 0.859375 0.144531 0.861328 0.142578 0.863281 0.144531 0.863281 0.146484 0.863281 0.144531 0.861328 0.142578 0.859375 0.142578 0.857422 0.140625 0.857422 0.138672 0.859375 0.136719 0.861328 0.136719 0.861328 0.134766 0.859375 0.134766 0.859375 0.136719 0.857422 0.138672 0.855469 0.136719 0.855469 0.134766 0.853516 0.134766 0.853516 0.140625 0.853516 0.138672 0.855469 0.136719 0.857422 0.138672 0.857422 0.144531 0.855469 0.146484 0.855469 0.148438 0.853516 0.150391 0.851562 0.150391 0.849609 0.148438 0.851562 0.146484 0.849609 0.146484 0.845703 0.142578 0.843750 0.142578 0.841797 0.140625 0.843750 0.138672 0.843750 0.132812 0.845703 0.130859 0.847656 0.132812 0.847656 0.136719 0.847656 0.134766 0.849609 0.132812 0.845703 0.128906 0.847656 0.126953 0.845703 0.125000 0.845703 0.119141 0.845703 0.121094 0.843750 0.123047 0.839844 0.119141 0.839844 0.123047 0.837891 0.125000 0.835938 0.123047 0.835938 0.126953 0.833984 0.128906 0.830078 0.128906 0.828125 0.130859 0.822266 0.130859 0.820312 0.128906 0.820312 0.125000 0.818359 0.126953 0.816406 0.126953 0.814453 0.128906 0.812500 0.126953 0.810547 0.126953 0.808594 0.125000 0.812500 0.121094 0.810547 0.123047 0.806641 0.119141 0.802734 0.119141 0.800781 0.121094 0.794922 0.121094 0.792969 0.119141 0.792969 0.115234 0.796875 0.111328 0.798828 0.113281 0.798828 0.115234 0.800781 0.113281 0.804688 0.113281 0.804688 0.111328 0.802734 0.111328 0.800781 0.109375 0.802734 0.107422 0.808594 0.107422 0.810547 0.109375 0.812500 0.109375 0.814453 0.107422 0.818359 0.111328 0.816406 0.113281 0.814453 0.113281 0.816406 0.115234 0.818359 0.115234 0.820312 0.117188 0.818359 0.119141 0.818359 0.121094 0.818359 0.119141 0.820312 0.117188 0.818359 0.115234 0.820312 0.113281 0.820312 0.109375 0.818359 0.111328 0.814453 0.107422 0.814453 0.103516 0.818359 0.099609 0.818359 0.095703 0.816406 0.093750 0.818359 0.091797 0.820312 0.091797 0.818359 0.091797 0.816406 0.089844 0.816406 0.087891 0.814453 0.085938 0.814453 0.083984 0.812500 0.085938 0.812500 0.087891 0.810547 0.089844 0.810547 0.091797 0.808594 0.093750 0.808594 0.095703 0.804688 0.099609 0.802734 0.099609 0.800781 0.097656 0.802734 0.099609 0.800781 0.101562 0.802734 0.099609 0.804688 0.099609 0.806641 0.101562 0.806641 0.105469 0.804688 0.107422 0.798828 0.107422 0.796875 0.105469 0.796875 0.103516 0.794922 0.101562 0.796875 0.099609 0.794922 0.099609 0.792969 0.097656 0.792969 0.095703 0.791016 0.095703 0.789062 0.093750 0.787109 0.093750 0.785156 0.095703 0.783203 0.093750 0.783203 0.091797 0.781250 0.089844 0.781250 0.085938 0.783203 0.083984 0.783203 0.082031 0.781250 0.083984 0.779297 0.083984
2 0.986328 0.078125 0.986328 0.080078 0.984375 0.082031 0.986328 0.083984 0.984375 0.085938 0.982422 0.085938 0.982422 0.087891 0.978516 0.091797 0.976562 0.089844 0.974609 0.089844 0.974609 0.091797 0.972656 0.093750 0.970703 0.091797 0.970703 0.089844 0.970703 0.093750 0.968750 0.095703 0.966797 0.095703 0.964844 0.093750 0.966797 0.091797 0.964844 0.089844 0.964844 0.093750 0.962891 0.095703 0.964844 0.095703 0.966797 0.097656 0.966797 0.099609 0.964844 0.101562 0.962891 0.099609 0.960938 0.101562 0.960938 0.105469 0.957031 0.109375 0.955078 0.107422 0.957031 0.109375 0.957031 0.111328 0.957031 0.109375 0.958984 0.107422 0.962891 0.107422 0.964844 0.109375 0.962891 0.111328 0.960938 0.111328 0.960938 0.113281 0.966797 0.119141 0.966797 0.117188 0.970703 0.113281 0.972656 0.115234 0.972656 0.117188 0.976562 0.121094 0.976562 0.123047 0.978516 0.121094 0.980469 0.123047 0.980469 0.125000 0.978516 0.126953 0.976562 0.126953 0.974609 0.128906 0.972656 0.128906 0.970703 0.126953 0.970703 0.125000 0.972656 0.123047 0.968750 0.123047 0.966797 0.125000 0.964844 0.125000 0.962891 0.123047 0.964844 0.125000 0.964844 0.126953 0.966797 0.125000 0.968750 0.126953 0.968750 0.132812 0.970703 0.134766 0.968750 0.136719 0.966797 0.136719 0.966797 0.138672 0.964844 0.140625 0.962891 0.140625 0.960938 0.138672 0.962891 0.136719 0.962891 0.134766 0.962891 0.136719 0.960938 0.138672 0.958984 0.138672 0.957031 0.136719 0.958984 0.134766 0.957031 0.136719 0.955078 0.134766 0.955078 0.130859 0.957031 0.128906 0.958984 0.128906 0.960938 0.130859 0.958984 0.128906 0.960938 0.126953 0.958984 0.125000 0.957031 0.125000 0.955078 0.123047 0.955078 0.121094 0.953125 0.121094 0.957031 0.125000 0.955078 0.126953 0.953125 0.126953 0.955078 0.126953 0.957031 0.128906 0.953125 0.132812 0.951172 0.130859 0.951172 0.134766 0.953125 0.136719 0.953125 0.138672 0.951172 0.140625 0.947266 0.136719 0.945312 0.136719 0.947266 0.136719 0.953125 0.142578 0.951172 0.144531 0.953125 0.146484 0.953125 0.144531 0.955078 0.142578 0.953125 0.140625 0.953125 0.136719 0.955078 0.134766 0.958984 0.138672 0.958984 0.146484 0.957031 0.148438 0.958984 0.150391 0.958984 0.152344 0.957031 0.154297 0.960938 0.154297 0.964844 0.158203 0.964844 0.162109 0.962891 0.164062 0.962891 0.167969 0.964844 0.169922 0.960938 0.173828 0.958984 0.171875 0.958984 0.160156 0.957031 0.160156 0.953125 0.156250 0.953125 0.154297 0.951172 0.154297 0.949219 0.152344 0.947266 0.154297 0.945312 0.154297 0.941406 0.150391 0.941406 0.148438 0.941406 0.150391 0.939453 0.152344 0.941406 0.150391 0.945312 0.154297 0.947266 0.154297 0.949219 0.152344 0.951172 0.154297 0.951172 0.158203 0.953125 0.160156 0.951172 0.162109 0.953125 0.164062 0.951172 0.166016 0.951172 0.169922 0.953125 0.171875 0.953125 0.164062 0.951172 0.162109 0.953125 0.160156 0.957031 0.160156 0.958984 0.162109 0.957031 0.164062 0.957031 0.166016 0.958984 0.167969 0.957031 0.169922 0.960938 0.173828 0.958984 0.175781 0.958984 0.177734 0.960938 0.177734 0.960938 0.175781 0.964844 0.171875 0.968750 0.175781 0.968750 0.177734 0.970703 0.179688 0.972656 0.177734 0.972656 0.175781 0.970703 0.175781 0.968750 0.173828 0.970703 0.171875 0.972656 0.171875 0.970703 0.171875 0.968750 0.173828 0.966797 0.173828 0.964844 0.171875 0.966797 0.169922 0.966797 0.167969 0.968750 0.166016 0.968750 0.164062 0.966797 0.164062 0.964844 0.162109 0.966797 0.160156 0.958984 0.152344 0.960938 0.150391 0.960938 0.148438 0.958984 0.146484 0.962891 0.142578 0.966797 0.146484 0.966797 0.148438 0.968750 0.150391 0.966797 0.152344 0.968750 0.150391 0.970703 0.152344 0.970703 0.150391 0.972656 0.148438 0.970703 0.150391 0.964844 0.144531 0.964844 0.142578 0.966797 0.140625 0.966797 0.138672 0.968750 0.136719 0.972656 0.136719 0.976562 0.140625 0.978516 0.138672 0.980469 0.138672 0.982422 0.140625 0.978516 0.144531 0.976562 0.144531 0.976562 0.146484 0.978516 0.144531 0.980469 0.144531 0.982422 0.146484 0.984375 0.146484 0.986328 0.148438 0.988281 0.146484 0.990234 0.148438 0.990234 0.150391 0.988281 0.152344 0.988281 0.156250 0.990234 0.158203 0.990234 0.160156 0.992188 0.158203 0.988281 0.154297 0.988281 0.152344 0.990234 0.150391 0.990234 0.148438 0.988281 0.146484 0.990234 0.144531 0.992188 0.144531 0.994141 0.146484 0.990234 0.142578 0.990234 0.140625 0.988281 0.140625 0.990234 0.142578 0.990234 0.144531 0.986328 0.148438 0.984375 0.146484 0.982422 0.146484 0.980469 0.144531 0.982422 0.142578 0.982422 0.140625 0.984375 0.138672 0.982422 0.138672 0.980469 0.136719 0.982422 0.134766 0.984375 0.134766 0.986328 0.132812 0.990234 0.136719 0.992188 0.136719 0.994141 0.138672 0.992188 0.136719 0.992188 0.134766 0.990234 0.134766 0.988281 0.132812 0.990234 0.130859 0.986328 0.130859 0.984375 0.128906 0.984375 0.126953 0.982422 0.125000 0.982422 0.123047 0.984375 0.121094 0.988281 0.125000 0.988281 0.126953 0.990234 0.125000 0.988281 0.123047 0.988281 0.121094 0.990234 0.119141 0.994141 0.123047 0.994141 0.119141 0.998047 0.115234 0.998047 0.113281 0.998047 0.115234 0.996094 0.117188 0.992188 0.113281 0.994141 0.111328 0.992188 0.111328 0.990234 0.113281 0.984375 0.107422 0.986328 0.105469 0.986328 0.103516 0.986328 0.105469 0.982422 0.109375 0.980469 0.109375 0.978516 0.107422 0.976562 0.109375 0.974609 0.107422 0.974609 0.103516 0.976562 0.101562 0.978516 0.101562 0.972656 0.095703 0.974609 0.093750 0.978516 0.093750 0.980469 0.095703 0.980469 0.097656 0.980469 0.095703 0.982422 0.093750 0.984375 0.095703 0.984375 0.099609 0.986328 0.099609 0.984375 0.097656 0.990234 0.091797 0.992188 0.093750 0.996094 0.093750 0.996094 0.091797 0.994141 0.091797 0.992188 0.089844 0.994141 0.087891 0.996094 0.087891 0.996094 0.085938 0.994141 0.083984 0.996094 0.085938 0.992188 0.089844 0.988281 0.089844 0.986328 0.087891 0.988281 0.085938 0.986328 0.083984 0.988281 0.082031 0.990234 0.082031
2 0.693359 0.050781 0.693359 0.052734 0.691406 0.054688 0.689453 0.054688 0.693359 0.054688 0.695312 0.056641 0.693359 0.058594 0.695312 0.060547 0.693359 0.062500 0.691406 0.062500 0.689453 0.060547 0.691406 0.062500 0.691406 0.064453 0.687500 0.068359 0.685547 0.066406 0.685547 0.060547 0.685547 0.062500 0.683594 0.064453 0.681641 0.062500 0.681641 0.058594 0.683594 0.056641 0.685547 0.056641 0.685547 0.054688 0.677734 0.062500 0.675781 0.060547 0.673828 0.062500 0.673828 0.064453 0.675781 0.066406 0.675781 0.072266 0.673828 0.074219 0.673828 0.076172 0.675781 0.078125 0.677734 0.076172 0.679688 0.076172 0.683594 0.080078 0.685547 0.078125 0.687500 0.080078 0.689453 0.080078 0.691406 0.082031 0.689453 0.083984 0.687500 0.083984 0.687500 0.085938 0.685547 0.087891 0.681641 0.083984 0.677734 0.087891 0.675781 0.085938 0.675781 0.083984 0.675781 0.085938 0.673828 0.087891 0.671875 0.087891 0.669922 0.085938 0.671875 0.083984 0.671875 0.080078 0.667969 0.083984 0.664062 0.080078 0.664062 0.076172 0.662109 0.074219 0.662109 0.070312 0.666016 0.066406 0.667969 0.066406 0.669922 0.068359 0.669922 0.072266 0.667969 0.074219 0.671875 0.070312 0.669922 0.068359 0.669922 0.064453 0.667969 0.066406 0.666016 0.064453 0.666016 0.062500 0.664062 0.060547 0.666016 0.058594 0.666016 0.056641 0.664062 0.056641 0.662109 0.054688 0.660156 0.054688 0.662109 0.054688 0.664062 0.056641 0.664062 0.060547 0.662109 0.062500 0.660156 0.062500 0.658203 0.064453 0.658203 0.068359 0.660156 0.070312 0.660156 0.072266 0.658203 0.074219 0.658203 0.080078 0.660156 0.082031 0.662109 0.082031 0.664062 0.080078 0.667969 0.083984 0.667969 0.085938 0.666016 0.087891 0.666016 0.089844 0.664062 0.091797 0.664062 0.093750 0.666016 0.095703 0.664062 0.097656 0.664062 0.099609 0.664062 0.097656 0.666016 0.095703 0.664062 0.093750 0.664062 0.091797 0.666016 0.089844 0.666016 0.087891 0.667969 0.085938 0.669922 0.087891 0.669922 0.089844 0.671875 0.087891 0.675781 0.091797 0.675781 0.099609 0.673828 0.101562 0.673828 0.105469 0.671875 0.107422 0.675781 0.107422 0.677734 0.109375 0.673828 0.113281 0.673828 0.115234 0.675781 0.117188 0.675781 0.119141 0.675781 0.117188 0.677734 0.115234 0.675781 0.115234 0.673828 0.113281 0.679688 0.107422 0.683594 0.107422 0.681641 0.105469 0.681641 0.103516 0.685547 0.099609 0.681641 0.103516 0.677734 0.103516 0.677734 0.105469 0.675781 0.107422 0.673828 0.105469 0.673828 0.101562 0.677734 0.097656 0.679688 0.097656 0.679688 0.095703 0.677734 0.097656 0.675781 0.095703 0.675781 0.089844 0.679688 0.085938 0.681641 0.087891 0.681641 0.089844 0.683594 0.089844 0.685547 0.091797 0.683594 0.093750 0.685547 0.093750 0.687500 0.095703 0.689453 0.093750 0.687500 0.091797 0.687500 0.089844 0.689453 0.087891 0.689453 0.085938 0.691406 0.083984 0.691406 0.082031 0.689453 0.080078 0.687500 0.080078 0.685547 0.078125 0.689453 0.074219 0.693359 0.074219 0.695312 0.076172 0.693359 0.078125 0.695312 0.076172 0.695312 0.072266 0.697266 0.070312 0.697266 0.066406 0.699219 0.064453 0.703125 0.064453 0.703125 0.062500 0.701172 0.060547 0.703125 0.058594 0.705078 0.058594 0.707031 0.056641 0.708984 0.056641 0.708984 0.054688 0.707031 0.056641 0.705078 0.054688 0.707031 0.056641 0.705078 0.058594 0.703125 0.058594 0.701172 0.060547 0.699219 0.058594 0.699219 0.050781 0.699219 0.052734 0.697266 0.054688 0.695312 0.054688 0.693359 0.052734
2 0.933594 0.011719 0.931641 0.013672 0.933594 0.015625 0.933594 0.019531 0.931641 0.021484 0.929688 0.019531 0.929688 0.021484 0.927734 0.023438 0.923828 0.023438 0.923828 0.027344 0.919922 0.031250 0.921875 0.033203 0.921875 0.035156 0.921875 0.033203 0.919922 0.031250 0.921875 0.029297 0.923828 0.029297 0.923828 0.025391 0.925781 0.023438 0.927734 0.023438 0.931641 0.027344 0.929688 0.029297 0.931641 0.031250 0.931641 0.037109 0.929688 0.039062 0.927734 0.039062 0.925781 0.041016 0.925781 0.042969 0.923828 0.044922 0.927734 0.044922 0.925781 0.042969 0.925781 0.041016 0.927734 0.039062 0.929688 0.041016 0.929688 0.039062 0.931641 0.037109 0.933594 0.039062 0.933594 0.042969 0.931641 0.044922 0.933594 0.042969 0.935547 0.044922 0.935547 0.046875 0.937500 0.048828 0.935547 0.050781 0.935547 0.052734 0.937500 0.052734 0.935547 0.050781 0.937500 0.048828 0.941406 0.048828 0.943359 0.050781 0.941406 0.048828 0.943359 0.046875 0.949219 0.046875 0.951172 0.044922 0.953125 0.046875 0.953125 0.050781 0.957031 0.054688 0.955078 0.056641 0.955078 0.058594 0.957031 0.058594 0.958984 0.060547 0.957031 0.062500 0.955078 0.062500 0.957031 0.062500 0.958984 0.064453 0.957031 0.066406 0.955078 0.066406 0.953125 0.068359 0.951172 0.066406 0.953125 0.068359 0.951172 0.070312 0.951172 0.072266 0.953125 0.074219 0.953125 0.078125 0.957031 0.082031 0.955078 0.083984 0.953125 0.083984 0.953125 0.087891 0.955078 0.085938 0.957031 0.087891 0.957031 0.089844 0.955078 0.091797 0.949219 0.091797 0.949219 0.093750 0.951172 0.095703 0.949219 0.097656 0.945312 0.097656 0.943359 0.099609 0.941406 0.097656 0.941406 0.099609 0.943359 0.101562 0.943359 0.105469 0.941406 0.107422 0.939453 0.105469 0.939453 0.103516 0.939453 0.105469 0.937500 0.107422 0.939453 0.109375 0.937500 0.111328 0.935547 0.111328 0.937500 0.111328 0.939453 0.109375 0.941406 0.109375 0.941406 0.107422 0.943359 0.105469 0.943359 0.099609 0.945312 0.097656 0.949219 0.097656 0.951172 0.095703 0.951172 0.093750 0.953125 0.091797 0.955078 0.093750 0.957031 0.091797 0.958984 0.091797 0.958984 0.085938 0.960938 0.083984 0.962891 0.083984 0.962891 0.082031 0.960938 0.083984 0.958984 0.083984 0.957031 0.082031 0.960938 0.078125 0.962891 0.078125 0.962891 0.076172 0.966797 0.072266 0.968750 0.074219 0.968750 0.072266 0.966797 0.070312 0.968750 0.068359 0.970703 0.068359 0.974609 0.072266 0.972656 0.074219 0.976562 0.070312 0.976562 0.066406 0.980469 0.062500 0.978516 0.062500 0.972656 0.056641 0.974609 0.054688 0.976562 0.054688 0.980469 0.050781 0.980469 0.044922 0.982422 0.042969 0.980469 0.041016 0.980469 0.042969 0.978516 0.044922 0.976562 0.042969 0.976562 0.041016 0.970703 0.041016 0.968750 0.039062 0.966797 0.039062 0.964844 0.037109 0.964844 0.033203 0.962891 0.031250 0.960938 0.031250 0.958984 0.029297 0.960938 0.027344 0.958984 0.025391 0.960938 0.023438 0.962891 0.023438 0.960938 0.023438 0.958984 0.025391 0.960938 0.027344 0.958984 0.029297 0.957031 0.029297 0.955078 0.027344 0.955078 0.025391 0.951172 0.025391 0.949219 0.023438 0.937500 0.023438 0.935547 0.021484 0.935547 0.019531 0.933594 0.017578 0.935547 0.015625 0.937500 0.015625 0.937500 0.013672 0.935547 0.015625 0.933594 0.013672
2 0.806641 0.000000 0.804688 0.001953 0.802734 0.001953 0.802734 0.003906 0.800781 0.005859 0.800781 0.007812 0.802734 0.009766 0.804688 0.009766 0.806641 0.011719 0.804688 0.013672 0.800781 0.013672 0.798828 0.011719 0.798828 0.013672 0.796875 0.015625 0.798828 0.017578 0.796875 0.019531 0.796875 0.021484 0.796875 0.019531 0.798828 0.017578 0.800781 0.019531 0.806641 0.019531 0.808594 0.021484 0.808594 0.025391 0.806641 0.027344 0.804688 0.025391 0.802734 0.025391 0.804688 0.025391 0.806641 0.027344 0.804688 0.029297 0.800781 0.029297 0.798828 0.027344 0.796875 0.029297 0.796875 0.031250 0.798828 0.029297 0.800781 0.029297 0.802734 0.031250 0.802734 0.035156 0.800781 0.037109 0.798828 0.037109 0.800781 0.037109 0.802734 0.039062 0.800781 0.041016 0.796875 0.041016 0.794922 0.039062 0.792969 0.041016 0.791016 0.039062 0.789062 0.041016 0.787109 0.041016 0.785156 0.039062 0.789062 0.035156 0.789062 0.033203 0.791016 0.031250 0.789062 0.033203 0.787109 0.033203 0.785156 0.031250 0.783203 0.033203 0.781250 0.033203 0.779297 0.031250 0.781250 0.033203 0.781250 0.035156 0.779297 0.037109 0.777344 0.037109 0.775391 0.035156 0.775391 0.031250 0.773438 0.029297 0.777344 0.025391 0.777344 0.019531 0.773438 0.019531 0.773438 0.023438 0.771484 0.025391 0.771484 0.027344 0.773438 0.029297 0.773438 0.031250 0.775391 0.033203 0.775391 0.037109 0.773438 0.039062 0.771484 0.039062 0.769531 0.037109 0.769531 0.031250 0.767578 0.031250 0.767578 0.035156 0.765625 0.037109 0.763672 0.037109 0.763672 0.039062 0.761719 0.041016 0.761719 0.042969 0.759766 0.044922 0.759766 0.050781 0.761719 0.052734 0.761719 0.056641 0.761719 0.050781 0.763672 0.048828 0.765625 0.048828 0.767578 0.046875 0.767578 0.044922 0.765625 0.046875 0.763672 0.044922 0.763672 0.042969 0.761719 0.041016 0.765625 0.037109 0.767578 0.037109 0.769531 0.039062 0.769531 0.041016 0.771484 0.042969 0.771484 0.044922 0.773438 0.046875 0.773438 0.048828 0.769531 0.052734 0.773438 0.052734 0.777344 0.056641 0.775391 0.058594 0.767578 0.058594 0.769531 0.060547 0.767578 0.062500 0.767578 0.066406 0.765625 0.068359 0.767578 0.070312 0.765625 0.072266 0.765625 0.076172 0.761719 0.080078 0.763672 0.082031 0.765625 0.080078 0.767578 0.082031 0.771484 0.082031 0.775391 0.078125 0.775391 0.072266 0.773438 0.070312 0.773438 0.068359 0.771484 0.066406 0.773438 0.064453 0.775391 0.064453 0.773438 0.064453 0.769531 0.060547 0.771484 0.058594 0.781250 0.058594 0.783203 0.056641 0.785156 0.056641 0.787109 0.054688 0.794922 0.054688 0.796875 0.056641 0.796875 0.058594 0.796875 0.056641 0.798828 0.054688 0.798828 0.052734 0.802734 0.048828 0.804688 0.048828 0.806641 0.050781 0.808594 0.050781 0.810547 0.052734 0.808594 0.050781 0.810547 0.048828 0.810547 0.046875 0.812500 0.044922 0.814453 0.046875 0.812500 0.044922 0.810547 0.046875 0.808594 0.044922 0.804688 0.048828 0.798828 0.048828 0.794922 0.044922 0.794922 0.042969 0.796875 0.041016 0.798828 0.041016 0.800781 0.042969 0.800781 0.044922 0.800781 0.041016 0.802734 0.039062 0.804688 0.039062 0.806641 0.041016 0.804688 0.039062 0.802734 0.039062 0.800781 0.037109 0.802734 0.035156 0.804688 0.035156 0.804688 0.033203 0.806641 0.031250 0.810547 0.031250 0.812500 0.033203 0.812500 0.035156 0.810547 0.037109 0.810547 0.039062 0.812500 0.041016 0.812500 0.037109 0.814453 0.035156 0.816406 0.037109 0.814453 0.035156 0.814453 0.033203 0.816406 0.031250 0.814453 0.033203 0.810547 0.029297 0.808594 0.031250 0.806641 0.031250 0.804688 0.029297 0.810547 0.023438 0.820312 0.023438 0.820312 0.021484 0.822266 0.019531 0.824219 0.021484 0.824219 0.025391 0.822266 0.027344 0.820312 0.027344 0.822266 0.029297 0.824219 0.027344 0.828125 0.031250 0.828125 0.035156 0.824219 0.039062 0.820312 0.039062 0.820312 0.046875 0.814453 0.052734 0.818359 0.048828 0.820312 0.048828 0.822266 0.050781 0.822266 0.052734 0.822266 0.050781 0.820312 0.048828 0.822266 0.046875 0.824219 0.046875 0.824219 0.044922 0.822266 0.042969 0.830078 0.035156 0.832031 0.037109 0.832031 0.041016 0.833984 0.042969 0.833984 0.044922 0.832031 0.046875 0.833984 0.048828 0.833984 0.050781 0.835938 0.050781 0.837891 0.052734 0.837891 0.054688 0.839844 0.052734 0.841797 0.054688 0.843750 0.052734 0.841797 0.052734 0.837891 0.048828 0.837891 0.046875 0.837891 0.048828 0.835938 0.050781 0.833984 0.048828 0.833984 0.041016 0.835938 0.039062 0.835938 0.037109 0.837891 0.035156 0.837891 0.031250 0.835938 0.029297 0.837891 0.027344 0.839844 0.027344 0.841797 0.025391 0.843750 0.027344 0.843750 0.031250 0.843750 0.027344 0.841797 0.025391 0.843750 0.023438 0.845703 0.023438 0.837891 0.023438 0.835938 0.021484 0.833984 0.021484 0.835938 0.023438 0.835938 0.025391 0.833984 0.027344 0.830078 0.023438 0.830078 0.025391 0.832031 0.027344 0.830078 0.029297 0.826172 0.029297 0.824219 0.027344 0.824219 0.023438 0.828125 0.019531 0.830078 0.019531 0.832031 0.017578 0.833984 0.017578 0.833984 0.015625 0.828125 0.015625 0.826172 0.013672 0.830078 0.009766 0.832031 0.009766 0.828125 0.009766 0.826172 0.007812 0.826172 0.001953 0.824219 0.000000 0.822266 0.000000 0.820312 0.001953 0.818359 0.001953 0.816406 0.003906 0.814453 0.001953 0.808594 0.001953
2 0.644531 0.000000 0.642578 0.001953 0.642578 0.007812 0.640625 0.009766 0.638672 0.007812 0.636719 0.007812 0.636719 0.011719 0.638672 0.013672 0.636719 0.015625 0.636719 0.019531 0.634766 0.021484 0.632812 0.021484 0.634766 0.023438 0.634766 0.025391 0.636719 0.025391 0.638672 0.027344 0.638672 0.029297 0.640625 0.027344 0.644531 0.031250 0.646484 0.029297 0.648438 0.029297 0.650391 0.031250 0.650391 0.035156 0.648438 0.037109 0.648438 0.041016 0.648438 0.039062 0.650391 0.037109 0.652344 0.037109 0.654297 0.039062 0.652344 0.041016 0.654297 0.039062 0.656250 0.041016 0.658203 0.041016 0.660156 0.042969 0.660156 0.044922 0.662109 0.044922 0.662109 0.042969 0.664062 0.041016 0.666016 0.041016 0.667969 0.042969 0.666016 0.041016 0.667969 0.039062 0.669922 0.039062 0.667969 0.039062 0.666016 0.037109 0.666016 0.033203 0.662109 0.029297 0.660156 0.029297 0.662109 0.029297 0.664062 0.031250 0.662109 0.033203 0.656250 0.033203 0.652344 0.029297 0.652344 0.027344 0.654297 0.025391 0.652344 0.023438 0.656250 0.019531 0.664062 0.019531 0.666016 0.021484 0.664062 0.023438 0.660156 0.023438 0.664062 0.023438 0.666016 0.025391 0.666016 0.021484 0.667969 0.019531 0.669922 0.019531 0.671875 0.021484 0.669922 0.023438 0.669922 0.027344 0.667969 0.029297 0.669922 0.029297 0.671875 0.027344 0.673828 0.029297 0.675781 0.029297 0.673828 0.029297 0.671875 0.027344 0.671875 0.025391 0.669922 0.023438 0.673828 0.019531 0.671875 0.017578 0.671875 0.015625 0.673828 0.013672 0.675781 0.013672 0.677734 0.015625 0.677734 0.019531 0.679688 0.021484 0.675781 0.025391 0.677734 0.025391 0.679688 0.023438 0.681641 0.023438 0.683594 0.021484 0.689453 0.027344 0.687500 0.029297 0.683594 0.029297 0.681641 0.027344 0.683594 0.029297 0.687500 0.029297 0.689453 0.031250 0.689453 0.035156 0.689453 0.029297 0.691406 0.027344 0.693359 0.029297 0.693359 0.035156 0.697266 0.039062 0.701172 0.035156 0.703125 0.037109 0.703125 0.031250 0.701172 0.031250 0.699219 0.029297 0.701172 0.027344 0.701172 0.025391 0.703125 0.023438 0.705078 0.023438 0.705078 0.021484 0.707031 0.019531 0.708984 0.021484 0.708984 0.023438 0.710938 0.023438 0.712891 0.021484 0.714844 0.023438 0.714844 0.025391 0.716797 0.027344 0.714844 0.029297 0.712891 0.029297 0.712891 0.031250 0.714844 0.031250 0.714844 0.029297 0.716797 0.027344 0.720703 0.027344 0.722656 0.025391 0.724609 0.027344 0.728516 0.027344 0.728516 0.025391 0.726562 0.023438 0.728516 0.021484 0.730469 0.021484 0.732422 0.023438 0.734375 0.023438 0.736328 0.025391 0.736328 0.027344 0.736328 0.025391 0.734375 0.023438 0.734375 0.021484 0.736328 0.019531 0.738281 0.019531 0.740234 0.021484 0.740234 0.023438 0.740234 0.021484 0.742188 0.019531 0.744141 0.021484 0.742188 0.019531 0.746094 0.015625 0.744141 0.015625 0.742188 0.013672 0.742188 0.007812 0.740234 0.007812 0.738281 0.005859 0.738281 0.001953 0.736328 0.000000 0.718750 0.000000 0.716797 0.001953 0.714844 0.001953 0.712891 0.000000 0.710938 0.000000 0.708984 0.001953 0.707031 0.000000 0.705078 0.001953 0.703125 0.001953 0.705078 0.001953 0.708984 0.005859 0.710938 0.005859 0.712891 0.007812 0.712891 0.009766 0.714844 0.011719 0.714844 0.013672 0.716797 0.015625 0.718750 0.015625 0.720703 0.017578 0.720703 0.021484 0.718750 0.023438 0.716797 0.021484 0.714844 0.021484 0.712891 0.019531 0.712891 0.017578 0.710938 0.015625 0.708984 0.015625 0.707031 0.013672 0.707031 0.011719 0.708984 0.009766 0.705078 0.009766 0.707031 0.011719 0.705078 0.013672 0.697266 0.013672 0.695312 0.011719 0.695312 0.009766 0.697266 0.007812 0.697266 0.005859 0.699219 0.003906 0.701172 0.005859 0.701172 0.007812 0.703125 0.005859 0.701172 0.005859 0.699219 0.003906 0.697266 0.003906 0.693359 0.000000 0.691406 0.000000 0.687500 0.003906 0.685547 0.001953 0.685547 0.000000 0.677734 0.000000 0.679688 0.000000 0.681641 0.001953 0.677734 0.005859 0.675781 0.003906 0.677734 0.005859 0.675781 0.007812 0.675781 0.009766 0.673828 0.011719 0.669922 0.011719 0.667969 0.009766 0.669922 0.007812 0.669922 0.005859 0.671875 0.003906 0.671875 0.000000 0.669922 0.000000 0.671875 0.001953 0.671875 0.003906 0.669922 0.005859 0.666016 0.005859 0.664062 0.007812 0.662109 0.005859 0.660156 0.005859 0.660156 0.007812 0.658203 0.009766 0.656250 0.009766 0.654297 0.007812 0.652344 0.007812 0.652344 0.009766 0.654297 0.011719 0.654297 0.013672 0.656250 0.015625 0.654297 0.017578 0.652344 0.017578 0.650391 0.015625 0.650391 0.013672 0.648438 0.011719 0.648438 0.007812 0.642578 0.001953
2 0.552734 0.000000 0.558594 0.000000 0.564453 0.005859 0.564453 0.011719 0.562500 0.013672 0.560547 0.013672 0.558594 0.011719 0.556641 0.013672 0.556641 0.017578 0.552734 0.021484 0.550781 0.019531 0.550781 0.023438 0.552734 0.023438 0.554688 0.025391 0.554688 0.027344 0.552734 0.029297 0.550781 0.027344 0.548828 0.027344 0.546875 0.029297 0.548828 0.027344 0.550781 0.027344 0.552734 0.029297 0.558594 0.029297 0.560547 0.031250 0.558594 0.033203 0.558594 0.035156 0.560547 0.035156 0.560547 0.027344 0.554688 0.021484 0.554688 0.019531 0.558594 0.015625 0.560547 0.017578 0.562500 0.017578 0.564453 0.019531 0.564453 0.021484 0.562500 0.023438 0.564453 0.021484 0.564453 0.019531 0.562500 0.017578 0.562500 0.015625 0.564453 0.013672 0.568359 0.017578 0.568359 0.023438 0.570312 0.025391 0.566406 0.029297 0.566406 0.031250 0.564453 0.033203 0.564453 0.037109 0.562500 0.039062 0.564453 0.041016 0.562500 0.042969 0.558594 0.042969 0.562500 0.042969 0.564453 0.044922 0.560547 0.048828 0.562500 0.050781 0.558594 0.054688 0.556641 0.052734 0.558594 0.054688 0.558594 0.056641 0.560547 0.056641 0.560547 0.054688 0.562500 0.052734 0.564453 0.054688 0.564453 0.056641 0.566406 0.058594 0.564453 0.060547 0.560547 0.060547 0.558594 0.062500 0.558594 0.066406 0.558594 0.064453 0.562500 0.060547 0.564453 0.062500 0.564453 0.064453 0.566406 0.064453 0.566406 0.060547 0.568359 0.058594 0.570312 0.060547 0.570312 0.062500 0.576172 0.068359 0.578125 0.066406 0.582031 0.070312 0.580078 0.072266 0.580078 0.080078 0.582031 0.078125 0.580078 0.076172 0.582031 0.074219 0.582031 0.070312 0.580078 0.068359 0.583984 0.064453 0.589844 0.064453 0.589844 0.062500 0.591797 0.060547 0.595703 0.064453 0.597656 0.064453 0.599609 0.066406 0.597656 0.068359 0.595703 0.068359 0.597656 0.068359 0.601562 0.064453 0.605469 0.064453 0.607422 0.066406 0.607422 0.070312 0.609375 0.072266 0.613281 0.072266 0.617188 0.076172 0.617188 0.080078 0.615234 0.082031 0.613281 0.080078 0.613281 0.078125 0.611328 0.076172 0.607422 0.076172 0.603516 0.072266 0.603516 0.070312 0.603516 0.072266 0.601562 0.074219 0.599609 0.072266 0.597656 0.072266 0.595703 0.074219 0.587891 0.074219 0.593750 0.074219 0.595703 0.076172 0.595703 0.078125 0.597656 0.076172 0.599609 0.076172 0.601562 0.074219 0.603516 0.074219 0.607422 0.078125 0.605469 0.080078 0.601562 0.080078 0.601562 0.082031 0.599609 0.083984 0.597656 0.082031 0.591797 0.082031 0.589844 0.080078 0.585938 0.080078 0.587891 0.082031 0.593750 0.082031 0.595703 0.083984 0.593750 0.085938 0.595703 0.085938 0.597656 0.083984 0.603516 0.083984 0.605469 0.085938 0.609375 0.085938 0.609375 0.083984 0.611328 0.082031 0.615234 0.082031 0.617188 0.083984 0.615234 0.085938 0.613281 0.085938 0.613281 0.087891 0.615234 0.089844 0.619141 0.089844 0.615234 0.085938 0.619141 0.082031 0.621094 0.083984 0.621094 0.082031 0.617188 0.078125 0.621094 0.074219 0.621094 0.070312 0.623047 0.068359 0.621094 0.070312 0.619141 0.068359 0.619141 0.064453 0.621094 0.062500 0.623047 0.064453 0.625000 0.062500 0.626953 0.064453 0.626953 0.062500 0.628906 0.060547 0.626953 0.062500 0.625000 0.062500 0.623047 0.064453 0.621094 0.062500 0.621094 0.060547 0.621094 0.062500 0.619141 0.064453 0.619141 0.070312 0.617188 0.072266 0.615234 0.072266 0.613281 0.070312 0.609375 0.070312 0.607422 0.068359 0.611328 0.064453 0.611328 0.062500 0.605469 0.062500 0.603516 0.064453 0.599609 0.060547 0.601562 0.058594 0.601562 0.054688 0.603516 0.052734 0.607422 0.056641 0.607422 0.058594 0.607422 0.056641 0.605469 0.054688 0.609375 0.050781 0.611328 0.052734 0.611328 0.054688 0.611328 0.050781 0.607422 0.050781 0.605469 0.052734 0.603516 0.052734 0.601562 0.050781 0.603516 0.048828 0.601562 0.046875 0.603516 0.044922 0.607422 0.044922 0.607422 0.042969 0.605469 0.041016 0.605469 0.033203 0.603516 0.031250 0.601562 0.033203 0.599609 0.031250 0.599609 0.027344 0.595703 0.031250 0.593750 0.031250 0.597656 0.031250 0.599609 0.033203 0.599609 0.037109 0.597656 0.039062 0.599609 0.037109 0.603516 0.041016 0.599609 0.044922 0.597656 0.042969 0.597656 0.048828 0.595703 0.050781 0.593750 0.048828 0.593750 0.044922 0.591797 0.042969 0.591797 0.041016 0.593750 0.039062 0.591797 0.041016 0.589844 0.039062 0.587891 0.039062 0.587891 0.041016 0.589844 0.041016 0.591797 0.042969 0.591797 0.046875 0.589844 0.048828 0.587891 0.048828 0.585938 0.046875 0.585938 0.044922 0.583984 0.044922 0.582031 0.042969 0.583984 0.041016 0.583984 0.039062 0.583984 0.041016 0.580078 0.044922 0.582031 0.046875 0.583984 0.044922 0.587891 0.048828 0.593750 0.048828 0.595703 0.050781 0.597656 0.048828 0.599609 0.048828 0.601562 0.050781 0.601562 0.052734 0.599609 0.054688 0.599609 0.058594 0.597656 0.060547 0.593750 0.056641 0.593750 0.054688 0.591797 0.052734 0.591797 0.054688 0.589844 0.056641 0.587891 0.056641 0.585938 0.054688 0.585938 0.052734 0.583984 0.052734 0.582031 0.050781 0.582031 0.052734 0.583984 0.052734 0.587891 0.056641 0.585938 0.058594 0.587891 0.060547 0.587891 0.062500 0.585938 0.064453 0.583984 0.064453 0.582031 0.066406 0.580078 0.064453 0.580078 0.062500 0.578125 0.060547 0.580078 0.058594 0.582031 0.058594 0.582031 0.056641 0.580078 0.056641 0.578125 0.054688 0.578125 0.052734 0.576172 0.050781 0.578125 0.048828 0.576172 0.048828 0.574219 0.046875 0.574219 0.044922 0.576172 0.042969 0.576172 0.041016 0.576172 0.042969 0.574219 0.044922 0.572266 0.042969 0.572266 0.044922 0.570312 0.046875 0.566406 0.042969 0.566406 0.041016 0.568359 0.039062 0.566406 0.037109 0.568359 0.035156 0.570312 0.035156 0.572266 0.037109 0.572266 0.039062 0.572266 0.033203 0.574219 0.031250 0.572266 0.033203 0.570312 0.033203 0.568359 0.031250 0.570312 0.029297 0.570312 0.023438 0.568359 0.021484 0.570312 0.019531 0.564453 0.013672 0.566406 0.011719 0.568359 0.011719 0.572266 0.015625 0.572266 0.013672 0.570312 0.013672 0.568359 0.011719 0.570312 0.009766 0.572266 0.009766 0.572266 0.007812 0.568359 0.011719 0.566406 0.011719 0.564453 0.009766 0.566406 0.007812 0.566406 0.005859 0.568359 0.003906 0.564453 0.000000
2 0.250000 0.000000 0.251953 0.001953 0.250000 0.003906 0.250000 0.005859 0.250000 0.003906 0.251953 0.001953 0.253906 0.001953 0.255859 0.003906 0.253906 0.005859 0.253906 0.007812 0.251953 0.009766 0.250000 0.009766 0.248047 0.011719 0.248047 0.013672 0.246094 0.015625 0.248047 0.015625 0.250000 0.017578 0.248047 0.019531 0.246094 0.019531 0.248047 0.021484 0.246094 0.023438 0.248047 0.021484 0.250000 0.023438 0.251953 0.023438 0.255859 0.027344 0.255859 0.029297 0.257812 0.031250 0.259766 0.029297 0.261719 0.031250 0.265625 0.031250 0.267578 0.033203 0.267578 0.037109 0.265625 0.039062 0.267578 0.039062 0.269531 0.041016 0.267578 0.042969 0.269531 0.041016 0.271484 0.041016 0.273438 0.039062 0.275391 0.039062 0.273438 0.037109 0.275391 0.035156 0.275391 0.031250 0.277344 0.029297 0.281250 0.033203 0.281250 0.035156 0.279297 0.037109 0.281250 0.035156 0.283203 0.035156 0.283203 0.031250 0.281250 0.029297 0.285156 0.025391 0.287109 0.027344 0.289062 0.025391 0.291016 0.025391 0.292969 0.023438 0.294922 0.023438 0.296875 0.025391 0.292969 0.029297 0.291016 0.029297 0.292969 0.031250 0.292969 0.037109 0.296875 0.037109 0.298828 0.039062 0.300781 0.039062 0.302734 0.041016 0.306641 0.041016 0.308594 0.042969 0.306641 0.044922 0.298828 0.044922 0.300781 0.044922 0.302734 0.046875 0.300781 0.048828 0.302734 0.050781 0.302734 0.052734 0.304688 0.052734 0.304688 0.048828 0.306641 0.046875 0.308594 0.046875 0.308594 0.042969 0.310547 0.041016 0.308594 0.042969 0.304688 0.039062 0.304688 0.033203 0.300781 0.033203 0.300781 0.035156 0.298828 0.037109 0.294922 0.037109 0.292969 0.035156 0.292969 0.031250 0.296875 0.027344 0.298828 0.027344 0.300781 0.029297 0.300781 0.027344 0.302734 0.025391 0.306641 0.025391 0.308594 0.027344 0.310547 0.027344 0.308594 0.025391 0.310547 0.023438 0.308594 0.025391 0.302734 0.025391 0.300781 0.027344 0.298828 0.025391 0.298828 0.023438 0.302734 0.019531 0.308594 0.019531 0.310547 0.017578 0.312500 0.017578 0.314453 0.015625 0.316406 0.017578 0.316406 0.019531 0.314453 0.021484 0.316406 0.023438 0.318359 0.021484 0.318359 0.019531 0.320312 0.017578 0.322266 0.019531 0.324219 0.017578 0.326172 0.019531 0.328125 0.019531 0.330078 0.021484 0.332031 0.021484 0.333984 0.023438 0.333984 0.025391 0.335938 0.023438 0.335938 0.019531 0.335938 0.021484 0.333984 0.023438 0.330078 0.019531 0.330078 0.017578 0.328125 0.019531 0.326172 0.019531 0.322266 0.015625 0.320312 0.015625 0.318359 0.013672 0.318359 0.011719 0.320312 0.009766 0.318359 0.009766 0.318359 0.013672 0.316406 0.015625 0.314453 0.013672 0.314453 0.011719 0.312500 0.009766 0.314453 0.011719 0.314453 0.013672 0.310547 0.017578 0.308594 0.017578 0.306641 0.015625 0.306641 0.011719 0.304688 0.009766 0.302734 0.009766 0.300781 0.007812 0.298828 0.009766 0.294922 0.009766 0.292969 0.007812 0.294922 0.005859 0.294922 0.001953 0.296875 0.000000 0.300781 0.003906 0.300781 0.001953 0.298828 0.001953 0.296875 0.000000 0.294922 0.000000 0.292969 0.001953 0.289062 0.001953 0.292969 0.001953 0.294922 0.003906 0.294922 0.005859 0.292969 0.007812 0.291016 0.007812 0.289062 0.005859 0.289062 0.013672 0.292969 0.013672 0.294922 0.015625 0.294922 0.017578 0.296875 0.019531 0.296875 0.021484 0.294922 0.023438 0.292969 0.021484 0.291016 0.021484 0.291016 0.023438 0.289062 0.025391 0.287109 0.025391 0.283203 0.021484 0.285156 0.019531 0.285156 0.017578 0.281250 0.013672 0.281250 0.009766 0.283203 0.007812 0.283203 0.005859 0.281250 0.003906 0.283203 0.001953 0.281250 0.000000 0.283203 0.001953 0.281250 0.003906 0.279297 0.003906 0.279297 0.005859 0.277344 0.007812 0.277344 0.013672 0.279297 0.013672 0.281250 0.015625 0.279297 0.017578 0.277344 0.017578 0.281250 0.021484 0.281250 0.023438 0.283203 0.025391 0.279297 0.029297 0.275391 0.029297 0.273438 0.027344 0.275391 0.025391 0.275391 0.021484 0.275391 0.025391 0.273438 0.027344 0.271484 0.025391 0.271484 0.023438 0.271484 0.025391 0.275391 0.029297 0.271484 0.033203 0.271484 0.035156 0.269531 0.037109 0.267578 0.035156 0.267578 0.033203 0.265625 0.031250 0.265625 0.029297 0.267578 0.027344 0.267578 0.021484 0.265625 0.019531 0.269531 0.015625 0.271484 0.017578 0.271484 0.019531 0.271484 0.017578 0.265625 0.011719 0.265625 0.009766 0.263672 0.007812 0.265625 0.005859 0.263672 0.003906 0.263672 0.001953 0.261719 0.000000 0.259766 0.000000 0.261719 0.000000 0.263672 0.001953 0.263672 0.007812 0.265625 0.009766 0.263672 0.011719 0.261719 0.011719 0.259766 0.013672 0.255859 0.009766 0.257812 0.007812 0.257812 0.005859 0.259766 0.003906 0.257812 0.005859 0.255859 0.003906 0.255859 0.000000 0.253906 0.001953 0.251953 0.001953
2 0.203125 0.000000 0.199219 0.003906 0.197266 0.003906 0.199219 0.005859 0.197266 0.007812 0.191406 0.007812 0.189453 0.005859 0.191406 0.003906 0.193359 0.003906 0.191406 0.001953 0.189453 0.001953 0.187500 0.003906 0.183594 0.003906 0.181641 0.001953 0.181641 0.005859 0.183594 0.005859 0.187500 0.009766 0.185547 0.011719 0.185547 0.015625 0.189453 0.019531 0.189453 0.021484 0.189453 0.019531 0.191406 0.017578 0.193359 0.019531 0.193359 0.025391 0.191406 0.027344 0.193359 0.025391 0.195312 0.025391 0.199219 0.029297 0.199219 0.031250 0.201172 0.031250 0.203125 0.033203 0.203125 0.035156 0.201172 0.037109 0.201172 0.039062 0.199219 0.041016 0.195312 0.037109 0.201172 0.042969 0.203125 0.042969 0.208984 0.048828 0.208984 0.052734 0.205078 0.056641 0.203125 0.054688 0.203125 0.052734 0.201172 0.050781 0.201172 0.048828 0.199219 0.048828 0.195312 0.044922 0.193359 0.044922 0.191406 0.046875 0.189453 0.044922 0.189453 0.042969 0.187500 0.041016 0.187500 0.039062 0.185547 0.039062 0.183594 0.037109 0.181641 0.039062 0.179688 0.037109 0.177734 0.037109 0.175781 0.039062 0.173828 0.039062 0.171875 0.037109 0.173828 0.035156 0.173828 0.031250 0.171875 0.029297 0.173828 0.027344 0.175781 0.027344 0.177734 0.025391 0.179688 0.025391 0.177734 0.025391 0.175781 0.027344 0.173828 0.027344 0.171875 0.025391 0.175781 0.021484 0.169922 0.015625 0.169922 0.011719 0.166016 0.015625 0.166016 0.017578 0.167969 0.015625 0.169922 0.017578 0.171875 0.017578 0.173828 0.019531 0.173828 0.023438 0.171875 0.025391 0.169922 0.025391 0.167969 0.027344 0.164062 0.023438 0.158203 0.023438 0.156250 0.021484 0.160156 0.017578 0.162109 0.017578 0.162109 0.015625 0.156250 0.015625 0.154297 0.013672 0.154297 0.011719 0.152344 0.009766 0.150391 0.009766 0.152344 0.009766 0.154297 0.011719 0.154297 0.015625 0.156250 0.015625 0.158203 0.017578 0.156250 0.019531 0.154297 0.019531 0.158203 0.023438 0.156250 0.025391 0.156250 0.027344 0.154297 0.029297 0.156250 0.031250 0.156250 0.037109 0.154297 0.039062 0.154297 0.041016 0.148438 0.046875 0.146484 0.044922 0.146484 0.041016 0.144531 0.042969 0.144531 0.046875 0.142578 0.048828 0.142578 0.050781 0.142578 0.048828 0.146484 0.044922 0.148438 0.046875 0.150391 0.044922 0.152344 0.046875 0.154297 0.046875 0.156250 0.044922 0.156250 0.042969 0.158203 0.041016 0.166016 0.041016 0.166016 0.039062 0.162109 0.035156 0.162109 0.033203 0.160156 0.033203 0.158203 0.031250 0.160156 0.029297 0.164062 0.029297 0.166016 0.031250 0.166016 0.029297 0.167969 0.027344 0.169922 0.029297 0.171875 0.029297 0.173828 0.031250 0.173828 0.035156 0.171875 0.037109 0.169922 0.035156 0.169922 0.033203 0.169922 0.035156 0.173828 0.039062 0.171875 0.041016 0.175781 0.041016 0.177734 0.039062 0.179688 0.039062 0.181641 0.041016 0.185547 0.041016 0.187500 0.042969 0.185547 0.044922 0.187500 0.046875 0.189453 0.046875 0.191406 0.048828 0.191406 0.050781 0.193359 0.050781 0.195312 0.052734 0.195312 0.054688 0.197266 0.056641 0.197266 0.058594 0.199219 0.060547 0.199219 0.062500 0.197266 0.064453 0.197266 0.066406 0.201172 0.066406 0.201172 0.064453 0.199219 0.062500 0.199219 0.060547 0.201172 0.058594 0.207031 0.064453 0.207031 0.066406 0.208984 0.068359 0.208984 0.070312 0.214844 0.076172 0.214844 0.078125 0.212891 0.080078 0.214844 0.078125 0.216797 0.080078 0.216797 0.082031 0.218750 0.083984 0.218750 0.082031 0.216797 0.080078 0.216797 0.078125 0.214844 0.076172 0.216797 0.074219 0.214844 0.076172 0.212891 0.074219 0.212891 0.072266 0.208984 0.068359 0.208984 0.062500 0.207031 0.060547 0.208984 0.058594 0.210938 0.058594 0.212891 0.056641 0.216797 0.060547 0.216797 0.054688 0.214844 0.056641 0.212891 0.056641 0.208984 0.052734 0.208984 0.050781 0.210938 0.048828 0.214844 0.048828 0.216797 0.050781 0.214844 0.048828 0.214844 0.046875 0.216797 0.044922 0.212891 0.041016 0.214844 0.039062 0.214844 0.037109 0.212891 0.035156 0.212891 0.031250 0.214844 0.029297 0.216797 0.029297 0.218750 0.027344 0.216797 0.025391 0.212891 0.025391 0.210938 0.023438 0.208984 0.023438 0.207031 0.021484 0.207031 0.019531 0.205078 0.017578 0.205078 0.013672 0.207031 0.011719 0.208984 0.013672 0.208984 0.015625 0.208984 0.011719 0.210938 0.009766 0.212891 0.011719 0.212891 0.019531 0.214844 0.021484 0.216797 0.021484 0.214844 0.021484 0.212891 0.019531 0.212891 0.017578 0.214844 0.015625 0.212891 0.013672 0.214844 0.011719 0.216797 0.011719 0.218750 0.013672 0.218750 0.015625 0.218750 0.013672 0.214844 0.009766 0.216797 0.007812 0.220703 0.007812 0.222656 0.009766 0.224609 0.009766 0.226562 0.007812 0.228516 0.007812 0.230469 0.009766 0.228516 0.007812 0.230469 0.005859 0.238281 0.005859 0.240234 0.003906 0.242188 0.005859 0.244141 0.003906 0.246094 0.003906 0.244141 0.003906 0.242188 0.005859 0.240234 0.003906 0.240234 0.001953 0.238281 0.003906 0.236328 0.001953 0.236328 0.000000 0.236328 0.001953 0.234375 0.003906 0.230469 0.003906 0.228516 0.001953 0.228516 0.000000 0.218750 0.000000 0.218750 0.001953 0.220703 0.000000 0.224609 0.000000 0.226562 0.001953 0.224609 0.003906 0.224609 0.005859 0.222656 0.007812 0.220703 0.005859 0.216797 0.005859 0.214844 0.003906 0.214844 0.000000 0.214844 0.001953 0.212891 0.003906 0.210938 0.001953 0.210938 0.000000 0.208984 0.000000 0.207031 0.001953 0.205078 0.000000
2 0.121094 0.000000 0.119141 0.001953 0.119141 0.005859 0.117188 0.007812 0.115234 0.007812 0.115234 0.013672 0.117188 0.015625 0.113281 0.019531 0.111328 0.017578 0.113281 0.019531 0.111328 0.021484 0.109375 0.021484 0.105469 0.025391 0.101562 0.025391 0.103516 0.027344 0.101562 0.029297 0.103516 0.029297 0.105469 0.031250 0.107422 0.031250 0.109375 0.033203 0.109375 0.035156 0.107422 0.037109 0.107422 0.039062 0.109375 0.041016 0.111328 0.041016 0.113281 0.042969 0.115234 0.041016 0.117188 0.041016 0.119141 0.039062 0.121094 0.039062 0.123047 0.041016 0.121094 0.042969 0.123047 0.041016 0.125000 0.042969 0.126953 0.042969 0.128906 0.041016 0.130859 0.042969 0.130859 0.044922 0.128906 0.046875 0.130859 0.044922 0.132812 0.046875 0.132812 0.044922 0.134766 0.042969 0.132812 0.041016 0.132812 0.039062 0.134766 0.037109 0.136719 0.037109 0.140625 0.041016 0.144531 0.037109 0.142578 0.035156 0.142578 0.033203 0.144531 0.031250 0.142578 0.029297 0.146484 0.025391 0.146484 0.023438 0.144531 0.023438 0.142578 0.021484 0.142578 0.019531 0.140625 0.019531 0.142578 0.021484 0.138672 0.025391 0.136719 0.025391 0.138672 0.027344 0.140625 0.027344 0.144531 0.031250 0.142578 0.033203 0.142578 0.039062 0.140625 0.041016 0.136719 0.037109 0.138672 0.035156 0.138672 0.033203 0.138672 0.035156 0.136719 0.037109 0.132812 0.037109 0.130859 0.039062 0.126953 0.035156 0.126953 0.033203 0.123047 0.033203 0.119141 0.029297 0.113281 0.029297 0.111328 0.027344 0.111328 0.025391 0.115234 0.021484 0.117188 0.023438 0.115234 0.021484 0.115234 0.017578 0.117188 0.015625 0.119141 0.015625 0.117188 0.013672 0.119141 0.011719 0.123047 0.011719 0.125000 0.013672 0.126953 0.011719 0.128906 0.013672 0.128906 0.015625 0.130859 0.017578 0.132812 0.017578 0.136719 0.021484 0.136719 0.017578 0.134766 0.017578 0.132812 0.015625 0.132812 0.013672 0.130859 0.013672 0.128906 0.011719 0.130859 0.009766 0.128906 0.011719 0.126953 0.009766 0.126953 0.005859 0.128906 0.003906 0.134766 0.003906 0.136719 0.005859 0.136719 0.007812 0.138672 0.007812 0.140625 0.005859 0.138672 0.007812 0.136719 0.005859 0.136719 0.003906 0.138672 0.001953 0.136719 0.001953 0.134766 0.003906 0.132812 0.003906 0.130859 0.001953 0.130859 0.000000 0.128906 0.001953 0.126953 0.000000 0.125000 0.001953 0.126953 0.003906 0.123047 0.007812 0.121094 0.007812 0.119141 0.005859 0.119141 0.001953
2 0.029297 0.000000 0.027344 0.001953 0.025391 0.001953 0.027344 0.003906 0.027344 0.005859 0.029297 0.005859 0.031250 0.007812 0.029297 0.009766 0.025391 0.009766 0.023438 0.007812 0.021484 0.009766 0.015625 0.009766 0.015625 0.011719 0.013672 0.013672 0.015625 0.013672 0.017578 0.011719 0.019531 0.011719 0.021484 0.013672 0.021484 0.015625 0.019531 0.017578 0.017578 0.017578 0.019531 0.017578 0.021484 0.015625 0.023438 0.017578 0.023438 0.021484 0.021484 0.023438 0.019531 0.021484 0.015625 0.021484 0.013672 0.019531 0.009766 0.019531 0.005859 0.023438 0.003906 0.021484 0.005859 0.023438 0.003906 0.025391 0.003906 0.027344 0.001953 0.029297 0.000000 0.029297 0.000000 0.042969 0.001953 0.044922 0.001953 0.048828 0.003906 0.050781 0.003906 0.052734 0.001953 0.054688 0.000000 0.054688 0.000000 0.058594 0.001953 0.058594 0.005859 0.062500 0.003906 0.064453 0.001953 0.064453 0.000000 0.062500 0.001953 0.064453 0.001953 0.066406 0.000000 0.068359 0.000000 0.070312 0.001953 0.070312 0.003906 0.072266 0.003906 0.074219 0.001953 0.076172 0.000000 0.076172 0.001953 0.076172 0.003906 0.074219 0.005859 0.076172 0.005859 0.078125 0.001953 0.082031 0.000000 0.082031 0.001953 0.082031 0.003906 0.080078 0.007812 0.083984 0.011719 0.080078 0.013672 0.082031 0.013672 0.085938 0.011719 0.087891 0.013672 0.089844 0.009766 0.093750 0.005859 0.089844 0.005859 0.087891 0.003906 0.087891 0.001953 0.089844 0.000000 0.087891 0.000000 0.085938 0.000000 0.089844 0.001953 0.089844 0.003906 0.087891 0.005859 0.089844 0.005859 0.091797 0.003906 0.093750 0.005859 0.091797 0.007812 0.091797 0.009766 0.093750 0.011719 0.093750 0.013672 0.095703 0.013672 0.097656 0.011719 0.099609 0.011719 0.101562 0.009766 0.103516 0.005859 0.099609 0.005859 0.101562 0.003906 0.103516 0.001953 0.103516 0.001953 0.105469 0.000000 0.107422 0.001953 0.107422 0.003906 0.105469 0.003906 0.103516 0.005859 0.101562 0.007812 0.101562 0.009766 0.103516 0.009766 0.105469 0.011719 0.105469 0.011719 0.103516 0.013672 0.101562 0.015625 0.103516 0.015625 0.107422 0.015625 0.103516 0.017578 0.101562 0.019531 0.101562 0.015625 0.101562 0.013672 0.099609 0.013672 0.093750 0.017578 0.089844 0.019531 0.089844 0.021484 0.091797 0.021484 0.093750 0.019531 0.095703 0.017578 0.095703 0.019531 0.095703 0.021484 0.097656 0.023438 0.097656 0.023438 0.095703 0.021484 0.093750 0.021484 0.089844 0.023438 0.087891 0.021484 0.089844 0.019531 0.087891 0.017578 0.087891 0.015625 0.089844 0.013672 0.087891 0.013672 0.082031 0.011719 0.080078 0.011719 0.078125 0.013672 0.076172 0.015625 0.076172 0.017578 0.078125 0.017578 0.080078 0.023438 0.080078 0.025391 0.082031 0.023438 0.083984 0.017578 0.083984 0.023438 0.083984 0.025391 0.082031 0.027344 0.082031 0.031250 0.078125 0.035156 0.078125 0.037109 0.080078 0.041016 0.080078 0.042969 0.082031 0.041016 0.083984 0.041016 0.085938 0.042969 0.087891 0.044922 0.087891 0.046875 0.089844 0.046875 0.087891 0.044922 0.087891 0.042969 0.085938 0.044922 0.083984 0.042969 0.082031 0.042969 0.074219 0.046875 0.070312 0.048828 0.072266 0.048828 0.076172 0.048828 0.070312 0.042969 0.070312 0.041016 0.072266 0.042969 0.074219 0.041016 0.076172 0.039062 0.076172 0.037109 0.074219 0.037109 0.072266 0.033203 0.068359 0.035156 0.066406 0.037109 0.066406 0.037109 0.062500 0.033203 0.062500 0.031250 0.064453 0.029297 0.064453 0.027344 0.062500 0.025391 0.062500 0.023438 0.060547 0.023438 0.058594 0.021484 0.060547 0.019531 0.058594 0.019531 0.054688 0.017578 0.054688 0.013672 0.050781 0.009766 0.050781 0.003906 0.044922 0.003906 0.041016 0.005859 0.039062 0.007812 0.039062 0.007812 0.037109 0.009766 0.035156 0.011719 0.037109 0.011719 0.041016 0.013672 0.042969 0.019531 0.042969 0.021484 0.044922 0.023438 0.044922 0.025391 0.046875 0.023438 0.048828 0.025391 0.046875 0.027344 0.048828 0.027344 0.050781 0.031250 0.050781 0.035156 0.054688 0.037109 0.054688 0.039062 0.056641 0.039062 0.058594 0.041016 0.060547 0.042969 0.060547 0.044922 0.062500 0.044922 0.064453 0.046875 0.064453 0.048828 0.066406 0.056641 0.066406 0.058594 0.068359 0.058594 0.064453 0.060547 0.062500 0.062500 0.064453 0.066406 0.064453 0.068359 0.062500 0.072266 0.062500 0.074219 0.064453 0.074219 0.066406 0.072266 0.068359 0.072266 0.070312 0.070312 0.072266 0.068359 0.070312 0.070312 0.072266 0.070312 0.074219 0.072266 0.074219 0.070312 0.072266 0.074219 0.068359 0.076172 0.068359 0.078125 0.070312 0.078125 0.072266 0.080078 0.074219 0.078125 0.076172 0.080078 0.076172 0.080078 0.074219 0.082031 0.072266 0.083984 0.074219 0.083984 0.076172 0.087891 0.080078 0.085938 0.082031 0.087891 0.080078 0.091797 0.080078 0.087891 0.080078 0.085938 0.078125 0.085938 0.072266 0.082031 0.068359 0.085938 0.064453 0.087891 0.066406 0.089844 0.066406 0.091797 0.064453 0.089844 0.066406 0.087891 0.066406 0.085938 0.064453 0.085938 0.062500 0.083984 0.060547 0.083984 0.058594 0.085938 0.056641 0.087891 0.058594 0.089844 0.058594 0.087891 0.058594 0.085938 0.056641 0.087891 0.054688 0.093750 0.054688 0.095703 0.056641 0.093750 0.058594 0.093750 0.060547 0.095703 0.058594 0.097656 0.060547 0.101562 0.060547 0.103516 0.062500 0.101562 0.064453 0.101562 0.070312 0.099609 0.072266 0.095703 0.072266 0.093750 0.070312 0.095703 0.072266 0.095703 0.074219 0.093750 0.076172 0.095703 0.078125 0.093750 0.076172 0.097656 0.072266 0.099609 0.072266 0.101562 0.074219 0.101562 0.076172 0.099609 0.078125 0.099609 0.080078 0.103516 0.080078 0.105469 0.082031 0.107422 0.082031 0.109375 0.083984 0.111328 0.083984 0.109375 0.083984 0.107422 0.082031 0.107422 0.080078 0.109375 0.078125 0.109375 0.074219 0.107422 0.074219 0.105469 0.072266 0.109375 0.068359 0.111328 0.070312 0.113281 0.070312 0.115234 0.068359 0.119141 0.072266 0.119141 0.074219 0.121094 0.076172 0.123047 0.074219 0.125000 0.074219 0.128906 0.078125 0.128906 0.080078 0.130859 0.080078 0.132812 0.082031 0.130859 0.083984 0.132812 0.083984 0.132812 0.078125 0.128906 0.078125 0.125000 0.074219 0.125000 0.070312 0.123047 0.070312 0.121094 0.068359 0.121094 0.064453 0.119141 0.062500 0.119141 0.058594 0.121094 0.056641 0.123047 0.056641 0.125000 0.058594 0.126953 0.058594 0.126953 0.054688 0.126953 0.056641 0.125000 0.058594 0.123047 0.056641 0.119141 0.056641 0.119141 0.060547 0.117188 0.062500 0.115234 0.062500 0.115234 0.064453 0.113281 0.066406 0.111328 0.064453 0.111328 0.060547 0.109375 0.058594 0.113281 0.054688 0.115234 0.056641 0.115234 0.058594 0.115234 0.056641 0.113281 0.054688 0.113281 0.050781 0.115234 0.048828 0.117188 0.050781 0.117188 0.048828 0.119141 0.046875 0.121094 0.048828 0.119141 0.046875 0.117188 0.048828 0.115234 0.048828 0.113281 0.050781 0.111328 0.048828 0.107422 0.048828 0.111328 0.048828 0.113281 0.050781 0.113281 0.052734 0.109375 0.056641 0.107422 0.054688 0.107422 0.056641 0.105469 0.058594 0.101562 0.054688 0.103516 0.052734 0.103516 0.046875 0.105469 0.044922 0.105469 0.042969 0.101562 0.046875 0.097656 0.046875 0.101562 0.046875 0.103516 0.048828 0.103516 0.050781 0.101562 0.052734 0.101562 0.054688 0.103516 0.056641 0.101562 0.058594 0.099609 0.058594 0.095703 0.054688 0.095703 0.050781 0.091797 0.054688 0.089844 0.052734 0.085938 0.052734 0.085938 0.054688 0.083984 0.056641 0.082031 0.056641 0.080078 0.054688 0.082031 0.052734 0.080078 0.052734 0.078125 0.050781 0.080078 0.052734 0.076172 0.056641 0.074219 0.056641 0.076172 0.058594 0.076172 0.062500 0.074219 0.064453 0.070312 0.060547 0.070312 0.058594 0.068359 0.060547 0.066406 0.058594 0.066406 0.056641 0.064453 0.058594 0.060547 0.058594 0.058594 0.056641 0.058594 0.054688 0.056641 0.054688 0.052734 0.050781 0.052734 0.044922 0.054688 0.042969 0.052734 0.044922 0.050781 0.044922 0.048828 0.046875 0.042969 0.046875 0.041016 0.044922 0.041016 0.042969 0.042969 0.041016 0.044922 0.041016 0.046875 0.042969 0.044922 0.041016 0.048828 0.037109 0.054688 0.037109 0.052734 0.035156 0.052734 0.033203 0.050781 0.033203 0.050781 0.035156 0.048828 0.037109 0.046875 0.035156 0.046875 0.031250 0.044922 0.031250 0.042969 0.029297 0.042969 0.027344 0.041016 0.029297 0.037109 0.025391 0.035156 0.025391 0.033203 0.023438 0.035156 0.025391 0.035156 0.027344 0.037109 0.029297 0.037109 0.031250 0.037109 0.029297 0.039062 0.027344 0.042969 0.031250 0.041016 0.033203 0.041016 0.039062 0.039062 0.041016 0.037109 0.041016 0.039062 0.042969 0.039062 0.046875 0.037109 0.048828 0.033203 0.044922 0.033203 0.042969 0.031250 0.042969 0.029297 0.041016 0.031250 0.039062 0.029297 0.037109 0.029297 0.033203 0.031250 0.031250 0.029297 0.031250 0.027344 0.029297 0.027344 0.027344 0.025391 0.025391 0.025391 0.021484 0.027344 0.019531 0.029297 0.019531 0.027344 0.019531 0.023438 0.015625 0.025391 0.013672 0.027344 0.013672 0.029297 0.011719 0.029297 0.009766 0.031250 0.007812 0.031250 0.003906 0.029297 0.003906 0.027344 0.001953 0.029297 0.000000 0.033203 0.000000